pid|url|brand|name|year|gender|collection|main_photo|info_card|user_photoes|video_url|accords|notes_pyramid|perfumers|description|rating|reviews_count|appreciation|price_value|gender_votes|longevity|sillage|season|time_of_day|pros_cons|by_designer|in_collection|reminds_of|also_like|news_ids
900001||Acqua di Parma;b1|Blu Mediterraneo Mirto di Panarea|2008|gender_for_women_and_men||||||a1:100;a2:82;a3:70;a4:58;a5:50;a6:42|top(n1,1.0,5.0;n2,0.95,4.75;n3,0.9,4.5;n4,0.85,4.25)middle(n5,1.0,5.0;n6,0.95,4.75;n7,0.9,4.5)base(n8,1.0,5.0;n9,0.95,4.75;n10,0.9,4.5;n11,0.85,4.25)||<p>Leafy myrtle and basil over lemon and bergamot, with a breezy sea note and a light juniper-cedar finish. It reads as green, herbal and coastal rather than sweet or floral.</p>|4.1;3200|224|like_love:1500:47.2;like_like:1100:34.6;like_ok:400:12.6;like_dislike:120:3.8;like_hate:60:1.9|price_way_overpriced:250:11.1;price_overpriced:700:31.1;price_ok:900:40.0;price_good_value:300:13.3;price_great_value:100:4.4|gvotes_female:150:5.0;gvotes_more_female:250:8.3;gvotes_unisex:1500:50.0;gvotes_more_male:700:23.3;gvotes_male:400:13.3|longevity_very_weak:250:8.8;longevity_weak:800:28.1;longevity_moderate:1200:42.1;longevity_long_lasting:500:17.5;longevity_eternal:100:3.5|sillage_intimate:500:20.2;sillage_moderate:1400:56.5;sillage_strong:500:20.2;sillage_enormous:80:3.2|season_winter:300:10.34;season_spring:2200:75.86;season_summer:2900:100.0;season_fall:700:24.14|season_day:2800:100.0;season_night:500:17.86|pros(Distinctive herbal-green take on a summer scent,76,3;Easy to wear in heat,70,3;Herbs smell leafy and natural,64,3)cons(Fades within a few hours,35,2;Pricey for its staying power,32,2)|||||
900002||Acqua di Parma;b1|Colonia|1916|gender_for_women_and_men||||||a3:100;a1:65;a7:50;a6:45;a8:40;a9:35|top(n2,1.0,5.0;n12,0.95,4.75;n3,0.9,4.5)middle(n13,1.0,5.0;n7,0.95,4.75;n14,0.9,4.5;n15,0.85,4.25)base(n16,1.0,5.0;n17,0.95,4.75;n18,0.9,4.5)||<p>A bright, polished Italian cologne: lemon and bergamot up front, lavender and rosemary in the heart, and a clean vetiver-sandalwood finish. Relaxed but well-dressed, it evokes pressed shirts and long lunches on a summer terrace.</p>|3.95;6000|420|like_love:2500:43.1;like_like:2000:34.5;like_ok:900:15.5;like_dislike:250:4.3;like_hate:150:2.6|price_way_overpriced:700:14.0;price_overpriced:1400:28.0;price_ok:1700:34.0;price_good_value:900:18.0;price_great_value:300:6.0|gvotes_female:250:4.0;gvotes_more_female:350:5.6;gvotes_unisex:2600:41.3;gvotes_more_male:1300:20.6;gvotes_male:1800:28.6|longevity_very_weak:600:12.0;longevity_weak:1900:38.0;longevity_moderate:1900:38.0;longevity_long_lasting:500:10.0;longevity_eternal:100:2.0|sillage_intimate:1100:23.2;sillage_moderate:2600:54.7;sillage_strong:900:18.9;sillage_enormous:150:3.2|season_winter:300:6.0;season_spring:4500:90.0;season_summer:5000:100.0;season_fall:700:14.0|season_day:5600:100.0;season_night:500:8.93|pros(Refined Italian cologne elegance,144,6;Ideal for hot days,132,6;Easy for anyone to wear,120,6)cons(Short longevity,66,3;Pricey for a cologne,60,3)|||||
900003||Afnan;b2|9am Dive|2022|gender_for_women_and_men||||||a10:100;a2:98;a6:95;a3:87;a7:86;a1:86;a11:81|top(n2,1.0,5.0;n19,0.95,4.75;n20,0.9,4.5;n21,0.85,4.25)middle(n22,1.0,5.0;n23,0.95,4.75;n9,0.9,4.5)base(n18,1.0,5.0;n6,0.95,4.75;n24,0.9,4.5;n17,0.85,4.25)|Imran Fazlani;p1|<p>Sharp lemon, mint and pink pepper with a tart blackcurrant edge, moving through apple, cedar and a light incense before a sandalwood, patchouli and ginger base. Bright and cool, it suits hot days and casual wear.</p>|4;4500|315|like_love:1800:42.1;like_like:1500:35.0;like_ok:700:16.4;like_dislike:200:4.7;like_hate:80:1.9|price_way_overpriced:30:0.7;price_overpriced:60:1.4;price_ok:500:11.9;price_good_value:1400:33.4;price_great_value:2200:52.5|gvotes_female:80:1.8;gvotes_more_female:150:3.5;gvotes_unisex:1300:30.0;gvotes_more_male:1500:34.6;gvotes_male:1300:30.0|longevity_very_weak:150:3.6;longevity_weak:450:10.7;longevity_moderate:1700:40.5;longevity_long_lasting:1500:35.7;longevity_eternal:400:9.5|sillage_intimate:250:6.2;sillage_moderate:1800:44.4;sillage_strong:1600:39.5;sillage_enormous:400:9.9|season_winter:500:12.5;season_spring:3200:80.0;season_summer:4000:100.0;season_fall:1200:30.0|season_day:4000:100.0;season_night:1000:25.0|pros(Energetic citrus-mint opening,108,5;Good hot-weather option,99,5;Inexpensive,90,5)cons(Opening can smell sharp,50,2;Familiar fresh profile,45,2)|||||
900004||Afnan;b2|9pm|2020|gender_for_men||||||a12:100;a13:88;a14:60;a8:50;a10:45;a15:45;a16:40|top(n22,1.0,5.0;n25,0.95,4.75;n26,0.9,4.5;n3,0.85,4.25)middle(n27,1.0,5.0;n28,0.95,4.75)base(n29,1.0,5.0;n30,0.95,4.75;n11,0.9,4.5;n18,0.85,4.25)||<p>A sweet, club-ready blend of vanilla, lavender and cinnamon built to project on cold nights out. Loud, sugary and fun.</p>|4;7000|490|like_love:3500:49.6;like_like:2200:31.2;like_ok:900:12.8;like_dislike:300:4.3;like_hate:150:2.1|price_way_overpriced:50:0.7;price_overpriced:100:1.5;price_ok:500:7.3;price_good_value:2200:32.1;price_great_value:4000:58.4|gvotes_female:200:3.0;gvotes_more_female:400:6.0;gvotes_unisex:1300:19.4;gvotes_more_male:1800:26.9;gvotes_male:3000:44.8|longevity_very_weak:150:2.3;longevity_weak:500:7.8;longevity_moderate:2000:31.0;longevity_long_lasting:2800:43.4;longevity_eternal:1000:15.5|sillage_intimate:300:4.5;sillage_moderate:1800:27.3;sillage_strong:3200:48.5;sillage_enormous:1300:19.7|season_winter:5500:100.0;season_spring:1500:27.27;season_summer:500:9.09;season_fall:5000:90.91|season_day:1500:25.86;season_night:5800:100.0|pros(Excellent value,168,7;Loud, sweet projection,154,7;Big hit on nights out,140,7)cons(Very sweet,84,4;Synthetic edge,77,4;Cloying in heat,70,4)|||900243:1000:100||
900005||Afnan;b2|Supremacy Collector's Edition|2024|gender_for_men||||||a10:100;a13:91;a17:85;a3:83;a15:71;a18:65;a19:61|top(n31,1.0,5.0;n3,0.95,4.75;n22,0.9,4.5;n32,0.85,4.25)middle(n27,1.0,5.0;n33,0.95,4.75;n11,0.9,4.5)base(n34,1.0,5.0;n35,0.95,4.75;n36,0.9,4.5)|Imran Fazlani;p1|<p>Pineapple, apple and bergamot lead into orange blossom and a touch of birch, then settle into ambergris, musk and oakmoss. A sweet fruity-chypre scent with a white-floral heart and a warm ambery base, in the Supremacy line's pineapple style.</p>|4;1100|77|like_love:420:39.6;like_like:400:37.7;like_ok:180:17.0;like_dislike:40:3.8;like_hate:20:1.9|price_way_overpriced:10:1.0;price_overpriced:20:1.9;price_ok:150:14.3;price_good_value:370:35.2;price_great_value:500:47.6|gvotes_female:10:1.0;gvotes_more_female:20:1.9;gvotes_unisex:120:11.4;gvotes_more_male:380:36.2;gvotes_male:520:49.5|longevity_very_weak:40:3.9;longevity_weak:110:10.8;longevity_moderate:380:37.3;longevity_long_lasting:380:37.3;longevity_eternal:110:10.8|sillage_intimate:60:5.9;sillage_moderate:420:41.2;sillage_strong:420:41.2;sillage_enormous:120:11.8|season_winter:250:29.41;season_spring:850:100.0;season_summer:750:88.24;season_fall:500:58.82|season_day:950:100.0;season_night:450:47.37|pros(Bright pineapple opening,26,1;Smooth ambery drydown,24,1;Good value,22,1)cons(Close to many fruity pineapple releases,12,1;Sweetness may be too much for some,11,1)|||||
900006||Afnan;b2|Supremacy In Heaven|2018|gender_for_men||||||a3:100;a6:94;a10:77;a2:72;a20:64;a21:62;a7:60|top(n3,1.0,5.0;n37,0.95,4.75)middle(n38,1.0,5.0;n21,0.95,4.75)base(n35,1.0,5.0;n17,0.95,4.75;n39,0.9,4.5)||<p>Bergamot and mandarin over a green-tea and blackcurrant heart, resting on soft musk, sandalwood and woods. Crisp and clean, with the same note outline as Creed Silver Mountain Water.</p>|3.9;800|56|like_love:300:38.2;like_like:280:35.7;like_ok:150:19.1;like_dislike:40:5.1;like_hate:15:1.9|price_way_overpriced:5:0.7;price_overpriced:15:2.0;price_ok:120:15.8;price_good_value:260:34.2;price_great_value:360:47.4|gvotes_female:10:1.3;gvotes_more_female:20:2.6;gvotes_unisex:150:19.2;gvotes_more_male:280:35.9;gvotes_male:320:41.0|longevity_very_weak:40:5.1;longevity_weak:150:19.2;longevity_moderate:350:44.9;longevity_long_lasting:200:25.6;longevity_eternal:40:5.1|sillage_intimate:100:13.2;sillage_moderate:420:55.3;sillage_strong:200:26.3;sillage_enormous:40:5.3|season_winter:120:18.46;season_spring:600:92.31;season_summer:650:100.0;season_fall:200:30.77|season_day:700:100.0;season_night:200:28.57|pros(Crisp tea-and-citrus freshness,24,1;Easy office wear,22,1;Low cost,20,1)cons(Simple, linear development,11,1;Quiet once the opening fades,10,1)|||900124:1000:100||
900007||Afnan;b2|Supremacy Not Only Intense|2021|gender_for_men||||||a10:100;a18:75;a6:65;a3:60;a22:50;a1:45;a15:40|top(n3,1.0,5.0;n22,0.95,4.75;n21,0.9,4.5)middle(n13,1.0,5.0;n18,0.95,4.75;n34,0.9,4.5)base(n40,1.0,5.0;n35,0.95,4.75;n36,0.9,4.5)|Imran Fazlani;p1|<p>Blackcurrant, apple and bergamot open onto a drier heart of lavender, patchouli and oakmoss over a musky ambergris base. It belongs to the fruity-mossy style made famous by Creed Aventus, with a denser, more ambery finish.</p>|4.33;5182|363|like_love:3100:60.3;like_like:1200:23.3;like_ok:453:8.8;like_dislike:249:4.8;like_hate:141:2.7|price_way_overpriced:40:1.0;price_overpriced:80:2.0;price_ok:350:8.8;price_good_value:1100:27.7;price_great_value:2400:60.5|gvotes_female:30:0.7;gvotes_more_female:60:1.4;gvotes_unisex:400:9.1;gvotes_more_male:1300:29.6;gvotes_male:2600:59.2|longevity_very_weak:80:2.2;longevity_weak:200:5.4;longevity_moderate:900:24.5;longevity_long_lasting:1800:48.9;longevity_eternal:700:19.0|sillage_intimate:100:2.9;sillage_moderate:800:23.5;sillage_strong:1800:52.9;sillage_enormous:700:20.6|season_winter:2300:71.88;season_spring:3200:100.0;season_summer:3000:93.75;season_fall:3000:93.75|season_day:3100:100.0;season_night:2800:90.32|pros(Aventus-style fruit and moss for far less,124,5;Strong longevity and projection,114,5;Works across most seasons,104,5)cons(Opening can be sharp and loud,57,3;Easy to overspray in close quarters,52,3)|||900117:1000:100||
900008||Afnan;b2|Supremacy Silver|2013|gender_for_men||||||a10:100;a6:68;a23:66;a13:65;a24:60;a3:55;a20:53;a18:52|top(n22,1.0,5.0;n3,0.95,4.75;n34,0.9,4.5)middle(n31,1.0,5.0;n18,0.95,4.75;n6,0.9,4.5)base(n35,1.0,5.0;n36,0.95,4.75;n33,0.9,4.5)|Imran Fazlani;p1|<p>Apple, pineapple and bergamot over a light patchouli-jasmine heart, with oakmoss and a faint birch smokiness giving a dry woody edge before musk and ambergris take over. A low-cost take on the fruity-smoky style associated with Creed Aventus.</p>|3.9;2400|168|like_love:900:37.7;like_like:900:37.7;like_ok:450:18.8;like_dislike:100:4.2;like_hate:40:1.7|price_way_overpriced:20:0.9;price_overpriced:40:1.7;price_ok:350:15.2;price_good_value:800:34.6;price_great_value:1100:47.6|gvotes_female:20:0.9;gvotes_more_female:40:1.7;gvotes_unisex:250:10.8;gvotes_more_male:800:34.6;gvotes_male:1200:51.9|longevity_very_weak:90:4.1;longevity_weak:280:12.6;longevity_moderate:900:40.5;longevity_long_lasting:750:33.8;longevity_eternal:200:9.0|sillage_intimate:150:7.0;sillage_moderate:1000:46.5;sillage_strong:800:37.2;sillage_enormous:200:9.3|season_winter:600:33.33;season_spring:1800:100.0;season_summer:1600:88.89;season_fall:1100:61.11|season_day:2100:100.0;season_night:900:42.86|pros(Fruity-smoky profile at a low price,58,2;Easy daytime wear,53,2;Inoffensive in the office,48,2)cons(Birch smoke is subtle,26,1;Can smell synthetic up close,24,1)|||900117:1000:100||
900009||Al Haramain;b3|Amber Oud Aqua Dubai|2024|gender_for_women_and_men||||||a3:100;a2:90;a20:57;a1:56;a7:54;a10:52;a21:50|top(n3,1.0,5.0;n41,0.95,4.75;n42,0.9,4.5)middle(n43,1.0,5.0;n31,0.95,4.75;n11,0.9,4.5;n21,0.85,4.25)base(n35,1.0,5.0;n29,0.95,4.75;n44,0.9,4.5;n45,0.85,4.25)||<p>Bergamot, mandarin and green notes over a melon, pineapple and blackcurrant heart, with galbanum and petitgrain keeping it green above a soft musk-vanilla base. A bright citrus-green scent in extrait strength.</p>|4.1;1800|126|like_love:850:48.6;like_like:550:31.4;like_ok:250:14.3;like_dislike:70:4.0;like_hate:30:1.7|price_way_overpriced:20:1.2;price_overpriced:40:2.4;price_ok:300:18.1;price_good_value:550:33.1;price_great_value:750:45.2|gvotes_female:150:8.6;gvotes_more_female:250:14.3;gvotes_unisex:900:51.4;gvotes_more_male:300:17.1;gvotes_male:150:8.6|longevity_very_weak:30:1.8;longevity_weak:100:6.0;longevity_moderate:500:29.8;longevity_long_lasting:750:44.6;longevity_eternal:300:17.9|sillage_intimate:50:2.9;sillage_moderate:550:32.4;sillage_strong:800:47.1;sillage_enormous:300:17.6|season_winter:300:18.75;season_spring:1400:87.5;season_summer:1600:100.0;season_fall:400:25.0|season_day:1600:100.0;season_night:450:28.13|pros(Bright citrus-green opening,44,2;Extrait concentration,40,2;Easy daytime wear,36,2)cons(Fruit accord may read synthetic to some,20,1;Melon note is divisive,18,1)|||||
900010||Al Haramain;b3|Amber Oud Carbon Edition|2022|gender_for_women_and_men||||||a1:100;a8:75;a3:65;a6:60;a4:50;a5:45;a18:35|top(n3,1.0,5.0;n13,0.95,4.75;n15,0.9,4.5)middle(n46,1.0,5.0;n47,0.95,4.75;n48,0.9,4.5)base(n49,1.0,5.0;n50,0.95,4.75;n16,0.9,4.5;n11,0.85,4.25)||<p>Bergamot, lavender and rosemary over a sage and geranium heart with a marine note, settling into moss, cedar and vetiver. A fougère-style aromatic freshness with a cool, slightly salty edge.</p>|3.9;900|63|like_love:350:40.2;like_like:300:34.5;like_ok:150:17.2;like_dislike:50:5.7;like_hate:20:2.3|price_way_overpriced:10:1.2;price_overpriced:25:3.0;price_ok:180:21.3;price_good_value:280:33.1;price_great_value:350:41.4|gvotes_female:20:2.2;gvotes_more_female:40:4.5;gvotes_unisex:250:28.1;gvotes_more_male:300:33.7;gvotes_male:280:31.5|longevity_very_weak:25:2.9;longevity_weak:80:9.1;longevity_moderate:350:40.0;longevity_long_lasting:320:36.6;longevity_eternal:100:11.4|sillage_intimate:50:5.9;sillage_moderate:350:41.2;sillage_strong:350:41.2;sillage_enormous:100:11.8|season_winter:200:30.77;season_spring:650:100.0;season_summer:550:84.62;season_fall:350:53.85|season_day:750:100.0;season_night:250:33.33|pros(Clean, barbershop-leaning freshness,24,1;Suits office and daytime,22,1;Wears easily year-round,20,1)cons(Traditional profile may feel dated to some,11,1;Little sweetness or warmth,10,1)|||||
900011||Al Haramain;b3|Amber Oud Gold Edition|2018|gender_for_women_and_men||||||a13:100;a10:80;a15:70;a12:60;a11:45;a2:40;a20:40;a6:35|top(n3,1.0,5.0;n41,0.95,4.75)middle(n43,1.0,5.0;n31,0.95,4.75;n11,0.9,4.5;n51,0.85,4.25)base(n35,1.0,5.0;n29,0.95,4.75;n39,0.9,4.5)||<p>A radiant sweet-fruity amber of melon and pineapple over vanilla musk. Loud, sunny and syrupy, with little actual oud despite the name.</p>|4.1;8000|560|like_love:4000:49.4;like_like:2600:32.1;like_ok:900:11.1;like_dislike:400:4.9;like_hate:200:2.5|price_way_overpriced:100:1.3;price_overpriced:250:3.1;price_ok:1100:13.8;price_good_value:2500:31.4;price_great_value:4000:50.3|gvotes_female:700:9.7;gvotes_more_female:1200:16.7;gvotes_unisex:3500:48.6;gvotes_more_male:1200:16.7;gvotes_male:600:8.3|longevity_very_weak:100:1.3;longevity_weak:300:3.8;longevity_moderate:1500:19.0;longevity_long_lasting:4000:50.6;longevity_eternal:2000:25.3|sillage_intimate:150:1.9;sillage_moderate:1200:15.1;sillage_strong:3800:47.8;sillage_enormous:2800:35.2|season_winter:3000:54.55;season_spring:5500:100.0;season_summer:4500:81.82;season_fall:4000:72.73|season_day:5500:100.0;season_night:5000:90.91|pros(Huge projection and longevity,192,8;Crowd-pleasing sweet fruit,176,8;Works for any gender,160,8)cons(Can turn cloying,96,4;Name misleads oud lovers,88,4;Pricier than most Middle Eastern alternatives,80,4)|||||
900012||Al Haramain;b3|Amber Oud Ruby Edition|2022|gender_for_women_and_men||||||a6:100;a14:83;a15:83;a25:79;a26:69;a20:68;a27:61|top(n52,1.0,5.0;n40,0.95,4.75)middle(n53,1.0,5.0;n50,0.95,4.75)base(n36,1.0,5.0;n39,0.95,4.75;n35,0.9,4.5)||<p>Saffron and bitter almond over jasmine and cedar, drying into a glowing ambergris, woods and musk base. Airy, sweet and faintly metallic; its note list mirrors that of Baccarat Rouge 540 Extrait.</p>|3.9;1800|126|like_love:750:42.9;like_like:550:31.4;like_ok:300:17.1;like_dislike:100:5.7;like_hate:50:2.9|price_way_overpriced:20:1.1;price_overpriced:40:2.3;price_ok:300:17.0;price_good_value:600:34.1;price_great_value:800:45.5|gvotes_female:350:19.9;gvotes_more_female:400:22.7;gvotes_unisex:800:45.5;gvotes_more_male:150:8.5;gvotes_male:60:3.4|longevity_very_weak:30:1.7;longevity_weak:80:4.5;longevity_moderate:400:22.7;longevity_long_lasting:800:45.5;longevity_eternal:450:25.6|sillage_intimate:50:2.9;sillage_moderate:400:23.5;sillage_strong:800:47.1;sillage_enormous:450:26.5|season_winter:900:81.82;season_spring:800:72.73;season_summer:400:36.36;season_fall:1100:100.0|season_day:900:75.0;season_night:1200:100.0|pros(Big saffron-amber trail,44,2;Long-lasting,40,2;Far cheaper than the scent it follows,36,2)cons(Can feel sharp and synthetic,20,1;Very common scent profile,18,1)|||900316:1000:100||
900013||Al Haramain;b3|Amber Oud Tobacco Edition|2019|gender_for_women_and_men||||||a14:100;a13:72;a12:72;a28:67;a16:55;a10:54;a29:49;a6:49|top(n24,1.0,5.0;n54,0.95,4.75;n25,0.9,4.5;n55,0.85,4.25)middle(n30,1.0,5.0;n56,0.95,4.75;n57,0.9,4.5;n29,0.85,4.25;n58,0.8,4.0;n23,0.75,3.75)base(n59,1.0,5.0;n39,0.95,4.75;n60,0.9,4.5)||<p>Spiced tobacco leaf with ginger, cinnamon and clove over a sweet core of tonka, vanilla and cocoa, finishing on dried fruit and woods. A dense, cosy spiced-tobacco scent in the vein of Tom Ford Tobacco Vanille.</p>|4;1500|105|like_love:650:44.2;like_like:450:30.6;like_ok:250:17.0;like_dislike:80:5.4;like_hate:40:2.7|price_way_overpriced:15:1.0;price_overpriced:30:2.1;price_ok:250:17.3;price_good_value:500:34.6;price_great_value:650:45.0|gvotes_female:50:3.3;gvotes_more_female:100:6.7;gvotes_unisex:650:43.3;gvotes_more_male:450:30.0;gvotes_male:250:16.7|longevity_very_weak:20:1.4;longevity_weak:60:4.2;longevity_moderate:300:21.0;longevity_long_lasting:700:49.0;longevity_eternal:350:24.5|sillage_intimate:40:2.9;sillage_moderate:400:28.8;sillage_strong:700:50.4;sillage_enormous:250:18.0|season_winter:1300:100.0;season_spring:250:19.23;season_summer:60:4.62;season_fall:1100:84.62|season_day:400:33.33;season_night:1200:100.0|pros(Rich spiced-tobacco sweetness,36,2;Long-lasting,33,2;Much cheaper than luxury tobacco scents,30,2)cons(Cloying in heat,17,1;Spice blend can feel busy,15,1)|||900438:1000:100||
900014||Al Haramain;b3|L'Aventure|2016|gender_for_men||||||a3:100;a1:75;a6:70;a20:55;a7:50;a17:40|top(n61,1.0,5.0;n2,0.95,4.75;n3,0.9,4.5)middle(n6,1.0,5.0;n28,0.95,4.75;n39,0.9,4.5)base(n18,1.0,5.0;n11,0.95,4.75;n35,0.9,4.5)||<p>A sharp lemon-and-elemi opening over a light floral heart and a dry base of patchouli, amber and musk. Citrus-forward and woody, it is often suggested as a low-cost alternative in the Aventus style.</p>|4.16;2817|197|like_love:1300:46.3;like_like:977:34.8;like_ok:260:9.3;like_dislike:215:7.7;like_hate:56:2.0|price_way_overpriced:50:1.1;price_overpriced:100:2.2;price_ok:500:11.2;price_good_value:1400:31.5;price_great_value:2400:53.9|gvotes_female:20:0.5;gvotes_more_female:50:1.1;gvotes_unisex:300:6.9;gvotes_more_male:1200:27.5;gvotes_male:2800:64.1|longevity_very_weak:100:2.6;longevity_weak:300:7.7;longevity_moderate:1300:33.3;longevity_long_lasting:1700:43.6;longevity_eternal:500:12.8|sillage_intimate:120:3.4;sillage_moderate:1200:34.1;sillage_strong:1700:48.3;sillage_enormous:500:14.2|season_winter:567:35.44;season_spring:1600:100.0;season_summer:1500:93.75;season_fall:1200:75.0|season_day:1600:100.0;season_night:964:60.25|pros(Bright, clean lemon opening,68,3;Good performance for the price,62,3;Easy daytime wear,56,3)cons(Harsh start on some skin,31,1;Fairly linear drydown,28,1)|||900117:1000:100||
900015||Al Haramain;b3|L'Aventure Femme|2017|gender_for_women||||||a10:100;a6:99;a21:65;a13:61;a20:57;a9:57;a3:54;a19:47|top(n3,1.0,5.0;n21,0.95,4.75;n62,0.9,4.5;n31,0.85,4.25)middle(n7,1.0,5.0;n63,0.95,4.75;n50,0.9,4.5)base(n17,1.0,5.0;n18,0.95,4.75;n35,0.9,4.5;n11,0.85,4.25)||<p>Pineapple, blackcurrant and berries over bergamot, opening onto a rose and freesia heart with a cedar edge, then drying down to sandalwood, patchouli, musk and amber. A fruity floral with a noticeably woody base.</p>|3.9;1300|91|like_love:500:40.0;like_like:450:36.0;like_ok:220:17.6;like_dislike:60:4.8;like_hate:20:1.6|price_way_overpriced:10:0.8;price_overpriced:25:1.9;price_ok:200:15.6;price_good_value:450:35.0;price_great_value:600:46.7|gvotes_female:800:65.6;gvotes_more_female:280:23.0;gvotes_unisex:120:9.8;gvotes_more_male:10:0.8;gvotes_male:10:0.8|longevity_very_weak:50:4.0;longevity_weak:180:14.5;longevity_moderate:550:44.4;longevity_long_lasting:380:30.6;longevity_eternal:80:6.5|sillage_intimate:120:10.0;sillage_moderate:650:54.2;sillage_strong:350:29.2;sillage_enormous:80:6.7|season_winter:250:25.0;season_spring:1000:100.0;season_summer:800:80.0;season_fall:350:35.0|season_day:1100:100.0;season_night:350:31.82|pros(Juicy berry-pineapple opening,32,1;Woody base keeps it from feeling sugary,29,1;Low price for an eau de parfum,26,1)cons(Not very distinctive,14,1;Soft projection after a few hours,13,1)|||||
900016||Al Haramain;b3|L'Aventure Intense|2019|gender_for_men||||||a3:100;a6:80;a7:55;a17:50;a15:45;a20:40;a22:35|top(n61,1.0,5.0;n2,0.95,4.75;n3,0.9,4.5)middle(n6,1.0,5.0;n64,0.95,4.75;n39,0.9,4.5)base(n18,1.0,5.0;n11,0.95,4.75;n35,0.9,4.5)||<p>Resinous elemi and lemon open onto a light jasmine and lily-of-the-valley heart, then settle into patchouli, amber and musk. It lists the same notes as the original L'Aventure, as a citrus-woody scent for day or evening.</p>|3.8;700|49|like_love:250:36.2;like_like:250:36.2;like_ok:130:18.8;like_dislike:40:5.8;like_hate:20:2.9|price_way_overpriced:10:1.5;price_overpriced:20:3.1;price_ok:120:18.5;price_good_value:220:33.8;price_great_value:280:43.1|gvotes_female:10:1.5;gvotes_more_female:20:2.9;gvotes_unisex:150:22.1;gvotes_more_male:250:36.8;gvotes_male:250:36.8|longevity_very_weak:30:4.3;longevity_weak:90:12.9;longevity_moderate:300:42.9;longevity_long_lasting:220:31.4;longevity_eternal:60:8.6|sillage_intimate:60:8.8;sillage_moderate:320:47.1;sillage_strong:240:35.3;sillage_enormous:60:8.8|season_winter:180:36.0;season_spring:500:100.0;season_summer:450:90.0;season_fall:300:60.0|season_day:550:100.0;season_night:300:54.55|pros(Bright citrus with a woody backbone,24,1;Works across settings,22,1;Reasonably priced,20,1)cons(Can feel generic among citrus-woody scents,11,1;Floral heart is easy to miss,10,1)|||||
900017||Amouage;b4|Epic Woman|2009|gender_for_women||||||a14:100;a30:75;a24:60;a15:55;a6:55;a31:45;a32:40|top(n65,1.0,5.0;n19,0.95,4.75;n25,0.9,4.5)middle(n66,1.0,5.0;n46,0.95,4.75;n6,0.9,4.5;n67,0.85,4.25)base(n11,1.0,5.0;n35,0.95,4.75;n68,0.9,4.5;n69,0.85,4.25;n70,0.8,4.0;n71,0.75,3.75;n17,0.7,3.5;n18,0.65,3.25;n29,0.6,3.0)||<p>Cumin, pink pepper and cinnamon open onto Damask rose, geranium and tea, then settle into incense, oud, sandalwood and a powdery orris and vanilla drydown. Warm, spiced and enveloping, with a smoky glow.</p>|4.1;2600|182|like_love:1300:50.8;like_like:700:27.3;like_ok:320:12.5;like_dislike:150:5.9;like_hate:90:3.5|price_way_overpriced:450:22.8;price_overpriced:550:27.9;price_ok:600:30.5;price_good_value:250:12.7;price_great_value:120:6.1|gvotes_female:900:38.1;gvotes_more_female:700:29.7;gvotes_unisex:650:27.5;gvotes_more_male:70:3.0;gvotes_male:40:1.7|longevity_very_weak:30:1.5;longevity_weak:80:3.9;longevity_moderate:400:19.4;longevity_long_lasting:1000:48.5;longevity_eternal:550:26.7|sillage_intimate:60:3.1;sillage_moderate:550:28.4;sillage_strong:950:49.0;sillage_enormous:380:19.6|season_winter:1900:100.0;season_spring:500:26.32;season_summer:150:7.89;season_fall:1800:94.74|season_day:900:56.25;season_night:1600:100.0|pros(Cohesive spiced-rose character,62,3;Long-lasting,57,3;Distinctive and memorable,52,3)cons(Cumin can read as sweaty,32,1;Heavy for summer,29,1;Expensive,26,1)|||||
900018||Amouage;b4|Gold Woman|1983|gender_for_women||||||a33:100;a21:80;a30:70;a17:60;a15:55;a26:45;a24:40|top(n72,1.0,5.0;n7,0.95,4.75;n64,0.9,4.5;n69,0.85,4.25)middle(n73,1.0,5.0;n74,0.95,4.75;n6,0.9,4.5)base(n36,1.0,5.0;n35,0.95,4.75;n75,0.9,4.5;n9,0.85,4.25;n17,0.8,4.0)|Guy Robert;p2|<p>A regal aldehydic floral of rose and lily of the valley gilded with frankincense and myrrh. Opulent and ceremonial, it belongs with formal gowns and grand occasions.</p>|4.1;2500|175|like_love:1300:55.3;like_like:550:23.4;like_ok:250:10.6;like_dislike:150:6.4;like_hate:100:4.3|price_way_overpriced:300:17.6;price_overpriced:450:26.5;price_ok:600:35.3;price_good_value:250:14.7;price_great_value:100:5.9|gvotes_female:1200:55.8;gvotes_more_female:500:23.3;gvotes_unisex:350:16.3;gvotes_more_male:60:2.8;gvotes_male:40:1.9|longevity_very_weak:30:1.5;longevity_weak:80:3.9;longevity_moderate:350:17.0;longevity_long_lasting:900:43.7;longevity_eternal:700:34.0|sillage_intimate:40:2.2;sillage_moderate:300:16.3;sillage_strong:900:48.9;sillage_enormous:600:32.6|season_winter:1400:100.0;season_spring:700:50.0;season_summer:200:14.29;season_fall:1200:85.71|season_day:700:43.75;season_night:1600:100.0|pros(Regal, opulent aldehydic floral,60,3;Superb longevity,55,3;Rich frankincense depth,50,3)cons(Very expensive,28,1;Formal and heavy for daytime,25,1)|||||
900019||Amouage;b4|Guidance|2023|gender_for_women_and_men||||||a13:100;a34:82;a10:62;a15:55;a30:50;a12:45;a24:30|top(n76,1.0,5.0;n69,0.95,4.75;n77,0.9,4.5)middle(n40,1.0,5.0;n7,0.95,4.75;n78,0.9,4.5;n79,0.85,4.25)base(n80,1.0,5.0;n17,0.95,4.75;n81,0.9,4.5;n36,0.85,4.25;n29,0.8,4.0)|Quentin Bisch;p3|<p>Juicy pear and toasted hazelnut over a veil of frankincense, moving into saffron, rose, jasmine and osmanthus before a creamy sandalwood, ambergris and vanilla base. Sweet and plush, lifted by incense.</p>|4.2;3000|210|like_love:1900:63.1;like_like:700:23.3;like_ok:250:8.3;like_dislike:100:3.3;like_hate:60:2.0|price_way_overpriced:550:22.9;price_overpriced:700:29.2;price_ok:700:29.2;price_good_value:300:12.5;price_great_value:150:6.3|gvotes_female:350:12.1;gvotes_more_female:550:19.0;gvotes_unisex:1500:51.7;gvotes_more_male:350:12.1;gvotes_male:150:5.2|longevity_very_weak:40:1.5;longevity_weak:90:3.4;longevity_moderate:450:16.8;longevity_long_lasting:1300:48.5;longevity_eternal:800:29.9|sillage_intimate:70:2.8;sillage_moderate:550:21.8;sillage_strong:1300:51.6;sillage_enormous:600:23.8|season_winter:2200:95.65;season_spring:1100:47.83;season_summer:350:15.22;season_fall:2300:100.0|season_day:1500:75.0;season_night:2000:100.0|pros(Nutty pear sweetness,72,3;Strong longevity and projection,66,3;Wearable by anyone,60,3)cons(Can feel cloying in heat,36,2;Expensive,33,2;Sweeter than classic Amouage style,30,2)|||||
900020||Amouage;b4|Interlude Man|2012|gender_for_men||||||a24:100;a15:85;a31:70;a23:55;a32:45;a14:45;a6:40;a5:35|top(n82,1.0,5.0;n83,0.95,4.75;n3,0.9,4.5)middle(n23,1.0,5.0;n84,0.95,4.75;n11,0.9,4.5;n80,0.85,4.25)base(n85,1.0,5.0;n86,0.95,4.75;n17,0.9,4.5;n18,0.85,4.25)|Pierre Negrin;p4|<p>A roaring blaze of incense, oregano and smoky amber over leather and oud, like standing by a bonfire in a stone chapel. Intense, complex and strictly for cold weather.</p>|4.2;5000|350|like_love:2700:56.8;like_like:1100:23.2;like_ok:500:10.5;like_dislike:250:5.3;like_hate:200:4.2|price_way_overpriced:300:8.3;price_overpriced:700:19.4;price_ok:1300:36.1;price_good_value:900:25.0;price_great_value:400:11.1|gvotes_female:50:1.1;gvotes_more_female:100:2.2;gvotes_unisex:700:15.7;gvotes_more_male:1200:27.0;gvotes_male:2400:53.9|longevity_very_weak:30:0.6;longevity_weak:100:2.2;longevity_moderate:500:10.8;longevity_long_lasting:1800:38.9;longevity_eternal:2200:47.5|sillage_intimate:80:1.8;sillage_moderate:400:8.9;sillage_strong:1700:37.9;sillage_enormous:2300:51.3|season_winter:4000:100.0;season_spring:600:15.0;season_summer:250:6.25;season_fall:3200:80.0|season_day:1300:34.21;season_night:3800:100.0|pros(Huge smoky-resin presence,120,5;Legendary longevity,110,5;Changes a lot as it wears,100,5)cons(Chaotic opening,60,3;Very expensive,55,3;Can overwhelm people nearby,50,3)|||||
900021||Amouage;b4|Interlude Woman|2012|gender_for_women||||||a15:100;a31:75;a24:60;a3:50;a9:45;a23:40;a6:38|top(n3,1.0,5.0;n87,0.95,4.75;n24,0.9,4.5;n88,0.85,4.25)middle(n23,1.0,5.0;n7,0.95,4.75;n27,0.9,4.5;n89,0.85,4.25;n6,0.8,4.0;n84,0.75,3.75)base(n29,1.0,5.0;n90,0.95,4.75;n11,0.9,4.5;n17,0.85,4.25;n68,0.8,4.0;n34,0.75,3.75;n85,0.7,3.5;n30,0.65,3.25;n91,0.6,3.0;n35,0.55,2.75)|Karine Vinchon-Spehner;p5|<p>A floral chypre where bergamot, grapefruit and ginger lead into incense, rose, orange blossom and helichrysum, settling on opoponax, oakmoss, leather and oud. Resinous and a little smoky, with a dense, old-world texture.</p>|4;2000|140|like_love:950:48.2;like_like:550:27.9;like_ok:280:14.2;like_dislike:120:6.1;like_hate:70:3.6|price_way_overpriced:400:28.2;price_overpriced:400:28.2;price_ok:400:28.2;price_good_value:150:10.6;price_great_value:70:4.9|gvotes_female:700:38.3;gvotes_more_female:550:30.1;gvotes_unisex:500:27.3;gvotes_more_male:50:2.7;gvotes_male:30:1.6|longevity_very_weak:30:1.8;longevity_weak:70:4.1;longevity_moderate:350:20.6;longevity_long_lasting:800:47.1;longevity_eternal:450:26.5|sillage_intimate:60:3.7;sillage_moderate:400:24.8;sillage_strong:800:49.7;sillage_enormous:350:21.7|season_winter:1400:100.0;season_spring:500:35.71;season_summer:200:14.29;season_fall:1300:92.86|season_day:700:53.85;season_night:1300:100.0|pros(Rich, layered resinous character,48,2;Long-lasting,44,2;Rewarding for chypre lovers,40,2)cons(Dense and heavy for warm days,24,1;Smoky incense can feel austere,22,1;Harder to find than Interlude Man,20,1)|||||
900022||Amouage;b4|Jubilation XXV|2007|gender_for_men||||||a15:100;a6:80;a31:70;a24:60;a10:50;a35:45;a14:45|top(n92,1.0,5.0;n93,0.95,4.75;n94,0.9,4.5;n95,0.85,4.25;n69,0.8,4.0;n96,0.75,3.75)middle(n97,1.0,5.0;n98,0.95,4.75;n25,0.9,4.5;n99,0.85,4.25;n7,0.8,4.0;n56,0.75,3.75;n100,0.7,3.5;n70,0.65,3.25)base(n18,1.0,5.0;n84,0.95,4.75;n73,0.9,4.5;n101,0.85,4.25;n35,0.8,4.0;n49,0.75,3.75;n36,0.7,3.5;n68,0.65,3.25;n102,0.6,3.0)|Bertrand Duchaufour;p6|<p>Frankincense, labdanum and myrrh meet blackberry, davana and honey, with rose and orchid in the heart and oud, ambergris and moss beneath. Dark, fruity-smoky and plush, it wears like a formal amber.</p>|4.3;3800|266|like_love:2300:60.7;like_like:900:23.7;like_ok:350:9.2;like_dislike:150:4.0;like_hate:90:2.4|price_way_overpriced:600:20.7;price_overpriced:800:27.6;price_ok:900:31.0;price_good_value:400:13.8;price_great_value:200:6.9|gvotes_female:100:2.8;gvotes_more_female:150:4.2;gvotes_unisex:900:25.4;gvotes_more_male:1000:28.2;gvotes_male:1400:39.4|longevity_very_weak:40:1.3;longevity_weak:90:2.8;longevity_moderate:450:14.2;longevity_long_lasting:1500:47.2;longevity_eternal:1100:34.6|sillage_intimate:80:2.7;sillage_moderate:650:22.2;sillage_strong:1500:51.2;sillage_enormous:700:23.9|season_winter:2900:100.0;season_spring:700:24.14;season_summer:250:8.62;season_fall:2600:89.66|season_day:1100:40.74;season_night:2700:100.0|pros(Deep, complex and long-lasting,92,4;Distinctive fruity-incense signature,84,4;Feels special-occasion,76,4)cons(Heavy for warm weather,46,2;High price,42,2;Complexity can feel busy,38,2)|||||
900023||Amouage;b4|Reflection Man|2007|gender_for_men||||||a17:100;a6:80;a1:65;a36:55;a21:50;a7:45;a3:35|top(n15,1.0,5.0;n19,0.95,4.75;n45,0.9,4.5)middle(n103,1.0,5.0;n71,0.95,4.75;n6,0.9,4.5;n104,0.85,4.25)base(n16,1.0,5.0;n18,0.95,4.75;n17,0.9,4.5;n9,0.85,4.25)|Lucas Sieuzac;p7|<p>Neroli, jasmine and orris over sandalwood and vetiver, opened by rosemary, pink pepper and petitgrain. Clean, polished and soft-spoken, it smells freshly groomed rather than loud.</p>|4.2;5000|350|like_love:2900:57.1;like_like:1400:27.6;like_ok:500:9.8;like_dislike:180:3.5;like_hate:100:2.0|price_way_overpriced:900:22.2;price_overpriced:1100:27.2;price_ok:1300:32.1;price_good_value:500:12.3;price_great_value:250:6.2|gvotes_female:150:3.0;gvotes_more_female:300:5.9;gvotes_unisex:1400:27.7;gvotes_more_male:1400:27.7;gvotes_male:1800:35.6|longevity_very_weak:120:2.7;longevity_weak:300:6.8;longevity_moderate:1400:31.7;longevity_long_lasting:1900:43.0;longevity_eternal:700:15.8|sillage_intimate:250:6.3;sillage_moderate:1700:42.5;sillage_strong:1600:40.0;sillage_enormous:450:11.3|season_winter:1000:26.32;season_spring:3800:100.0;season_summer:2300:60.53;season_fall:2300:60.53|season_day:4000:100.0;season_night:1600:40.0|pros(Elegant and very versatile,120,5;Clean floral-woody character,110,5;Suits office and formal settings,100,5)cons(Expensive,60,3;Florals may feel too soft for some,55,3;Quieter than many Amouage releases,50,3)|||||
900024||Antonio Banderas;b5|Blue Seduction for Men|2007|gender_for_men||||||a37:100;a10:75;a11:70;a1:60;a7:50;a6:40;a15:35|top(n43,1.0,5.0;n3,0.95,4.75;n20,0.9,4.5;n21,0.85,4.25)middle(n5,1.0,5.0;n105,0.95,4.75;n106,0.9,4.5;n107,0.85,4.25;n108,0.8,4.0)base(n39,1.0,5.0;n11,0.95,4.75)|Olivier Cresp;p8|<p>A cool aquatic with melon, mint and bergamot up front, a lightly spiced marine heart with green apple and a faint coffee note, and a soft woody-amber finish. Crisp and sweet-fresh in the classic blue-freshie style.</p>|3.7;9000|630|like_love:2600:31.6;like_like:3100:37.7;like_ok:1800:21.9;like_dislike:500:6.1;like_hate:220:2.7|price_way_overpriced:60:0.8;price_overpriced:120:1.5;price_ok:800:10.0;price_good_value:2400:30.1;price_great_value:4600:57.6|gvotes_female:50:0.6;gvotes_more_female:100:1.2;gvotes_unisex:800:9.2;gvotes_more_male:2700:31.2;gvotes_male:5000:57.8|longevity_very_weak:1000:12.7;longevity_weak:2500:31.6;longevity_moderate:3300:41.8;longevity_long_lasting:900:11.4;longevity_eternal:200:2.5|sillage_intimate:1400:20.7;sillage_moderate:3700:54.8;sillage_strong:1400:20.7;sillage_enormous:250:3.7|season_winter:600:9.23;season_spring:5000:76.92;season_summer:6500:100.0;season_fall:1400:21.54|season_day:7000:100.0;season_night:1300:18.57|pros(Very cheap summer freshie,216,9;Cool minty-melon opening,198,9;Inoffensive and easy,180,9)cons(Fades quickly,99,5;Smells like many other aquatics,90,5)|||||
900025||Antonio Banderas;b5|King of Seduction|2014|gender_for_men||||||a3:100;a37:75;a10:70;a11:60;a6:55;a7:40;a20:35|top(n87,1.0,5.0;n3,0.95,4.75;n31,0.9,4.5;n43,0.85,4.25;n105,0.8,4.0)middle(n103,1.0,5.0;n6,0.95,4.75;n107,0.9,4.5;n5,0.85,4.25)base(n9,1.0,5.0;n16,0.95,4.75;n11,0.9,4.5;n109,0.85,4.25;n110,0.8,4.0)|Olivier Cresp;p8;Claire Liégent;p9|<p>Grapefruit, pineapple, melon and apple open onto a marine heart touched with neroli and cardamom, drying to cedar, vetiver and soft suede and musk. A clean, sweet-fresh everyday scent.</p>|3.8;7000|490|like_love:2200:33.8;like_like:2500:38.5;like_ok:1300:20.0;like_dislike:350:5.4;like_hate:150:2.3|price_way_overpriced:40:0.6;price_overpriced:90:1.4;price_ok:600:9.3;price_good_value:1900:29.5;price_great_value:3800:59.1|gvotes_female:30:0.4;gvotes_more_female:70:1.0;gvotes_unisex:600:8.8;gvotes_more_male:2100:30.9;gvotes_male:4000:58.8|longevity_very_weak:700:11.2;longevity_weak:1900:30.4;longevity_moderate:2700:43.2;longevity_long_lasting:800:12.8;longevity_eternal:150:2.4|sillage_intimate:1000:18.9;sillage_moderate:3000:56.6;sillage_strong:1100:20.8;sillage_enormous:200:3.8|season_winter:500:9.62;season_spring:4200:80.77;season_summer:5200:100.0;season_fall:1200:23.08|season_day:5600:100.0;season_night:1100:19.64|pros(Cheap, easy summer scent,168,7;Fruity-marine freshness,154,7;Fine for office and casual wear,140,7)cons(Short-lived,77,4;Generic to enthusiasts,70,4)|||||
900026||Antonio Banderas;b5|The Golden Secret|2011|gender_for_men||||||a14:100;a10:70;a1:60;a6:55;a23:50;a20:40;a13:35|top(n22,1.0,5.0;n20,0.95,4.75;n41,0.9,4.5)middle(n108,1.0,5.0;n111,0.95,4.75;n65,0.9,4.5)base(n85,1.0,5.0;n9,0.95,4.75;n35,0.9,4.5)|Christophe Raynaud;p10|<p>A sweet apple opening with mint and green notes leads into a warm heart of cumin, nutmeg and pepper, finishing on cedar, leather and musk. Warmer and spicier than The Secret, and better suited to cool evenings.</p>|3.8;4000|280|like_love:1200:30.8;like_like:1500:38.5;like_ok:850:21.8;like_dislike:250:6.4;like_hate:100:2.6|price_way_overpriced:30:0.8;price_overpriced:60:1.7;price_ok:400:11.1;price_good_value:1100:30.6;price_great_value:2000:55.7|gvotes_female:15:0.4;gvotes_more_female:40:1.1;gvotes_unisex:250:6.6;gvotes_more_male:1100:28.9;gvotes_male:2400:63.1|longevity_very_weak:300:8.7;longevity_weak:850:24.6;longevity_moderate:1500:43.5;longevity_long_lasting:650:18.8;longevity_eternal:150:4.3|sillage_intimate:450:15.0;sillage_moderate:1600:53.3;sillage_strong:800:26.7;sillage_enormous:150:5.0|season_winter:1700:77.27;season_spring:1000:45.45;season_summer:350:15.91;season_fall:2200:100.0|season_day:1800:90.0;season_night:2000:100.0|pros(Warm spiced-apple character,96,4;Great value,88,4;Suits cooler weather,80,4)cons(Cumin will not suit everyone,44,2;Moderate longevity,40,2)|||||
900027||Antonio Banderas;b5|The Secret|2010|gender_for_men||||||a14:100;a10:75;a6:65;a13:55;a23:45;a1:40|top(n20,1.0,5.0;n87,0.95,4.75)middle(n25,1.0,5.0;n111,0.95,4.75;n22,0.9,4.5)base(n30,1.0,5.0;n39,0.95,4.75;n35,0.9,4.5;n85,0.85,4.25)|Christophe Raynaud;p10;Elisabeth Vidal;p11|<p>A cool mint and grapefruit opening turns into a spiced apple heart with cinnamon and pepper, drying to tonka, soft leather and musky woods. Sweet-spicy, approachable and sold at a low price.</p>|3.8;5000|350|like_love:1500:31.9;like_like:1800:38.3;like_ok:1000:21.3;like_dislike:280:6.0;like_hate:120:2.6|price_way_overpriced:40:0.9;price_overpriced:80:1.8;price_ok:500:11.3;price_good_value:1300:29.4;price_great_value:2500:56.6|gvotes_female:20:0.4;gvotes_more_female:50:1.0;gvotes_unisex:350:7.3;gvotes_more_male:1400:29.0;gvotes_male:3000:62.2|longevity_very_weak:400:9.6;longevity_weak:1100:26.5;longevity_moderate:1800:43.4;longevity_long_lasting:700:16.9;longevity_eternal:150:3.6|sillage_intimate:600:16.4;sillage_moderate:2000:54.8;sillage_strong:900:24.7;sillage_enormous:150:4.1|season_winter:1900:73.08;season_spring:1500:57.69;season_summer:600:23.08;season_fall:2600:100.0|season_day:2400:100.0;season_night:2200:91.67|pros(Pleasant spiced-apple sweetness,120,5;Very affordable,110,5;Easy crowd-pleasing profile,100,5)cons(Short longevity,55,3;Opening can smell synthetic,50,3)|||||
900028||Aramis;b6|Aramis|1966|gender_for_men||||||a23:100;a6:80;a1:65;a18:60;a26:45;a14:40|top(n112,1.0,5.0;n3,0.95,4.75;n72,0.9,4.5;n41,0.85,4.25;n113,0.8,4.0)middle(n6,1.0,5.0;n74,0.95,4.75;n18,0.9,4.5;n16,0.85,4.25;n17,0.8,4.0)base(n85,1.0,5.0;n34,0.95,4.75;n11,0.9,4.5;n35,0.85,4.25;n114,0.8,4.0)|Bernard Chant;p12|<p>A dry, bitter-green leather chypre with herbs, moss and patchouli, confidently masculine and old-world. It evokes wood-panelled studies and well-worn leather armchairs.</p>|4.1;4500|315|like_love:2100:49.4;like_like:1100:25.9;like_ok:500:11.8;like_dislike:300:7.1;like_hate:250:5.9|price_way_overpriced:50:1.3;price_overpriced:120:3.2;price_ok:600:15.9;price_good_value:1500:39.8;price_great_value:1500:39.8|gvotes_female:30:0.7;gvotes_more_female:40:0.9;gvotes_unisex:250:5.9;gvotes_more_male:900:21.3;gvotes_male:3000:71.1|longevity_very_weak:50:1.4;longevity_weak:150:4.1;longevity_moderate:700:18.9;longevity_long_lasting:1700:45.9;longevity_eternal:1100:29.7|sillage_intimate:80:2.3;sillage_moderate:600:17.2;sillage_strong:1800:51.7;sillage_enormous:1000:28.7|season_winter:2800:93.33;season_spring:1000:33.33;season_summer:250:8.33;season_fall:3000:100.0|season_day:1900:79.17;season_night:2400:100.0|pros(Quintessential leather chypre,108,5;Great value,99,5;Powerful longevity,90,5)cons(Very old-school masculine,50,2;Overwhelming if oversprayed,45,2)|||||
900029||Ariana Grande;b7|Ari|2015|gender_for_women||||||a13:100;a10:75;a12:55;a21:45;a20:40;a9:35|top(n76,1.0,5.0;n115,0.95,4.75;n116,0.9,4.5)middle(n64,1.0,5.0;n117,0.95,4.75;n118,0.9,4.5)base(n119,1.0,5.0;n35,0.95,4.75;n39,0.9,4.5)||<p>A fluffy marshmallow-and-pear sweet treat with a hint of rose, girlish and playful. Candy-pink in both bottle and mood.</p>|3.75;8000|560|like_love:2800:36.4;like_like:2400:31.2;like_ok:1300:16.9;like_dislike:700:9.1;like_hate:500:6.5|price_way_overpriced:60:1.0;price_overpriced:200:3.3;price_ok:1300:21.5;price_good_value:2200:36.3;price_great_value:2300:38.0|gvotes_female:5500:86.8;gvotes_more_female:700:11.0;gvotes_unisex:100:1.6;gvotes_more_male:20:0.3;gvotes_male:20:0.3|longevity_very_weak:500:7.9;longevity_weak:1300:20.6;longevity_moderate:2500:39.7;longevity_long_lasting:1600:25.4;longevity_eternal:400:6.3|sillage_intimate:600:10.7;sillage_moderate:2700:48.2;sillage_strong:1800:32.1;sillage_enormous:500:8.9|season_winter:3000:66.67;season_spring:4500:100.0;season_summer:2000:44.44;season_fall:3500:77.78|season_day:4500:100.0;season_night:2800:62.22|pros(Cheap and cheerful,192,8;Soft, sweet and cosy,176,8;Easy to like,160,8)cons(Simple, linear,88,4;Reads very young,80,4)|||||
900030||Ariana Grande;b7|Cloud|2018|gender_for_women||||||a13:100;a38:75;a39:60;a12:60;a10:50;a8:45;a20:45;a21:40|top(n13,1.0,5.0;n76,0.95,4.75;n3,0.9,4.5)middle(n120,1.0,5.0;n121,0.95,4.75;n122,0.9,4.5;n118,0.85,4.25)base(n35,1.0,5.0;n39,0.95,4.75)|Clement Gavarry;p13|<p>A fluffy, creamy gourmand of whipped cream, coconut and praline, lifted by lavender and pear. Soft, sweet and dreamy.</p>|4;20000|1400|like_love:9000:46.2;like_like:6500:33.3;like_ok:2500:12.8;like_dislike:1000:5.1;like_hate:500:2.6|price_way_overpriced:300:1.6;price_overpriced:600:3.3;price_ok:3000:16.3;price_good_value:6000:32.6;price_great_value:8500:46.2|gvotes_female:11000:58.4;gvotes_more_female:5000:26.5;gvotes_unisex:2500:13.3;gvotes_more_male:200:1.1;gvotes_male:150:0.8|longevity_very_weak:700:3.6;longevity_weak:2500:13.0;longevity_moderate:8000:41.7;longevity_long_lasting:6500:33.9;longevity_eternal:1500:7.8|sillage_intimate:2000:10.5;sillage_moderate:9000:47.4;sillage_strong:6500:34.2;sillage_enormous:1500:7.9|season_winter:6000:60.0;season_spring:10000:100.0;season_summer:6500:65.0;season_fall:8500:85.0|season_day:14000:100.0;season_night:6500:46.43|pros(Cosy, fluffy sweetness,480,20;Very affordable and easy to find,440,20;Crowd-pleasing and safe,400,20)cons(Reads young to some,240,10;Can be too sugary,220,10;Only moderate projection,200,10)|||900316:1000:100||
900031||Ariana Grande;b7|Cloud 2.0 Intense|2021|gender_for_women||||||a13:100;a38:70;a39:65;a12:60;a10:45;a20:45;a8:40|top(n13,1.0,5.0;n76,0.95,4.75;n3,0.9,4.5)middle(n123,1.0,5.0;n122,0.95,4.75;n118,0.9,4.5)base(n35,1.0,5.0;n124,0.95,4.75)||<p>A denser take on Cloud that pairs lavender, pear and bergamot with a heavier dose of coconut cream and praline over musky blond woods. Same fluffy character as the original, with more body on skin.</p>|4.1;5000|350|like_love:2280:48.0;like_like:1520:32.0;like_ok:620:13.1;like_dislike:190:4.0;like_hate:140:2.9|price_way_overpriced:80:1.9;price_overpriced:170:4.0;price_ok:720:17.0;price_good_value:1440:34.0;price_great_value:1830:43.2|gvotes_female:2840:63.0;gvotes_more_female:1170:25.9;gvotes_unisex:450:10.0;gvotes_more_male:30:0.7;gvotes_male:20:0.4|longevity_very_weak:180:4.0;longevity_weak:540:12.0;longevity_moderate:1710:38.0;longevity_long_lasting:1620:36.0;longevity_eternal:450:10.0|sillage_intimate:360:8.0;sillage_moderate:1890:42.0;sillage_strong:1710:38.0;sillage_enormous:540:12.0|season_winter:2550:94.44;season_spring:1650:61.11;season_summer:600:22.22;season_fall:2700:100.0|season_day:2600:100.0;season_night:2400:92.31|pros(Fuller-bodied than the original Cloud,120,5;Cosy cold-weather sweetness,110,5;Budget price,100,5)cons(Very close to the original,55,3;Heavy in hot weather,50,3)|||||
900032||Ariana Grande;b7|Cloud Pink|2023|gender_for_women||||||a10:100;a13:90;a19:70;a39:50;a20:45;a12:40;a6:32|top(n125,1.0,5.0;n126,0.95,4.75;n127,0.9,4.5)middle(n118,1.0,5.0;n128,0.95,4.75;n129,0.9,4.5)base(n49,1.0,5.0;n130,0.95,4.75;n35,0.9,4.5;n122,0.85,4.25)||<p>A tropical spin on the Cloud line: pineapple, dragon fruit and berries up top, coconut water and orchid in the middle, then a musky praline and amberwood base. Juicy and playful, it suits warm days.</p>|3.9;3500|245|like_love:1330:39.9;like_like:1100:33.0;like_ok:570:17.1;like_dislike:200:6.0;like_hate:130:3.9|price_way_overpriced:90:3.0;price_overpriced:180:6.1;price_ok:650:21.9;price_good_value:980:33.0;price_great_value:1070:36.0|gvotes_female:2270:72.1;gvotes_more_female:660:21.0;gvotes_unisex:190:6.0;gvotes_more_male:20:0.6;gvotes_male:10:0.3|longevity_very_weak:280:8.9;longevity_weak:690:22.0;longevity_moderate:1320:42.0;longevity_long_lasting:690:22.0;longevity_eternal:160:5.1|sillage_intimate:440:14.0;sillage_moderate:1580:50.2;sillage_strong:910:28.9;sillage_enormous:220:7.0|season_winter:520:26.0;season_spring:1780:89.0;season_summer:2000:100.0;season_fall:940:47.0|season_day:2590:100.0;season_night:910:35.14|pros(Fun tropical-fruit opening,84,4;Lighter than the original Cloud,77,4;Good warm-weather pick,70,4)cons(Fruit fades fairly fast,39,2;Too sweet for some,35,2)|||||
900033||Ariana Grande;b7|God Is a Woman|2021|gender_for_women||||||a13:100;a10:80;a12:65;a21:55;a36:45;a30:40;a6:32|top(n129,1.0,5.0;n76,0.95,4.75)middle(n71,1.0,5.0;n7,0.95,4.75)base(n29,1.0,5.0;n9,0.95,4.75)||<p>Juicy pear and musky ambrette lead into a powdery orris-and-rose heart, then a vanilla and soft cedar base. It wears as a clean, easygoing fruity floral rather than anything bold.</p>|3.9;5500|385|like_love:1990:38.0;like_like:1780:34.0;like_ok:940:18.0;like_dislike:310:5.9;like_hate:210:4.0|price_way_overpriced:140:3.0;price_overpriced:280:6.0;price_ok:1030:22.1;price_good_value:1540:33.0;price_great_value:1680:36.0|gvotes_female:3460:69.9;gvotes_more_female:1090:22.0;gvotes_unisex:350:7.1;gvotes_more_male:30:0.6;gvotes_male:20:0.4|longevity_very_weak:400:8.1;longevity_weak:990:20.0;longevity_moderate:2180:44.0;longevity_long_lasting:1140:23.0;longevity_eternal:250:5.0|sillage_intimate:790:16.0;sillage_moderate:2570:51.9;sillage_strong:1290:26.1;sillage_enormous:300:6.1|season_winter:1480:52.86;season_spring:2800:100.0;season_summer:1820:65.0;season_fall:2140:76.43|season_day:3740:100.0;season_night:1760:47.06|pros(Pleasant pear-vanilla sweetness,132,6;Easy everyday wear,121,6;Brand states a mostly naturally derived formula,110,6)cons(Modest longevity,61,3;Simple, soft structure,55,3)|||||
900034||Ariana Grande;b7|Mod Blush|2022|gender_for_women||||||a10:100;a13:75;a6:60;a9:55;a15:50;a20:45;a30:35|top(n131,1.0,5.0;n3,0.95,4.75;n115,0.9,4.5;n19,0.85,4.25)middle(n132,1.0,5.0;n7,0.95,4.75;n76,0.9,4.5)base(n133,1.0,5.0;n134,0.95,4.75;n35,0.9,4.5)||<p>Passion fruit and raspberry with a pinch of pink pepper open onto magnolia, rose and pear, before a clean ambroxan and woods base takes over. Brighter and fresher than Mod Vanilla, with a modern musky finish.</p>|3.9;3000|210|like_love:1080:38.0;like_like:970:34.2;like_ok:510:18.0;like_dislike:170:6.0;like_hate:110:3.9|price_way_overpriced:80:3.1;price_overpriced:150:5.9;price_ok:560:22.0;price_good_value:840:32.9;price_great_value:920:36.1|gvotes_female:1780:65.9;gvotes_more_female:620:23.0;gvotes_unisex:270:10.0;gvotes_more_male:20:0.7;gvotes_male:10:0.4|longevity_very_weak:190:7.0;longevity_weak:540:19.9;longevity_moderate:1190:43.9;longevity_long_lasting:650:24.0;longevity_eternal:140:5.2|sillage_intimate:380:14.1;sillage_moderate:1350:50.0;sillage_strong:780:28.9;sillage_enormous:190:7.0|season_winter:720:47.06;season_spring:1530:100.0;season_summer:1170:76.47;season_fall:1080:70.59|season_day:1920:100.0;season_night:1080:56.25|pros(Juicy, bright opening,72,3;Modern woody-musky drydown,66,3;Works across seasons,60,3)cons(Ambroxan base can feel sharp,33,2;Moderate longevity,30,2)|||||
900035||Ariana Grande;b7|Mod Vanilla|2022|gender_for_women||||||a12:100;a13:85;a21:60;a20:55;a10:42;a36:38;a9:32|top(n135,1.0,5.0;n136,0.95,4.75;n35,0.9,4.5)middle(n137,1.0,5.0;n138,0.95,4.75;n6,0.9,4.5)base(n139,1.0,5.0;n140,0.95,4.75)||<p>A creamy vanilla musk built around white praline and cocoa butter, with plum up top and a powdery orris-jasmine touch in the heart. It stays close and comforting, closer to warm skin than to dessert.</p>|4;4500|315|like_love:1880:44.0;like_like:1410:33.0;like_ok:640:15.0;like_dislike:210:4.9;like_hate:130:3.0|price_way_overpriced:80:2.1;price_overpriced:190:5.0;price_ok:760:19.9;price_good_value:1300:34.0;price_great_value:1490:39.0|gvotes_female:2670:66.1;gvotes_more_female:970:24.0;gvotes_unisex:360:8.9;gvotes_more_male:20:0.5;gvotes_male:20:0.5|longevity_very_weak:240:5.9;longevity_weak:730:18.1;longevity_moderate:1780:44.1;longevity_long_lasting:1050:26.0;longevity_eternal:240:5.9|sillage_intimate:730:18.0;sillage_moderate:2110:52.1;sillage_strong:970:24.0;sillage_enormous:240:5.9|season_winter:2300:94.65;season_spring:1350:55.56;season_summer:680:27.98;season_fall:2430:100.0|season_day:2340:100.0;season_night:2160:92.31|pros(Smooth, creamy vanilla,108,5;Cosy and easy to wear,99,5;Affordable,90,5)cons(Soft projection,50,2;Fairly linear,45,2)|||||
900036||Ariana Grande;b7|Moonlight|2017|gender_for_women||||||a13:100;a10:80;a12:60;a21:48;a9:40;a6:35;a15:30|top(n21,1.0,5.0;n136,0.95,4.75)middle(n119,1.0,5.0;n141,0.95,4.75)base(n17,1.0,5.0;n11,0.95,4.75;n29,0.9,4.5)||<p>Black currant and plum meet fluffy marshmallow and peony, finishing in creamy sandalwood, amber and vanilla. A darker, fruitier sweet scent that feels most at home in the evening and in cooler months.</p>|3.8;5500|385|like_love:1780:34.0;like_like:1780:34.0;like_ok:1040:19.9;like_dislike:420:8.0;like_hate:210:4.0|price_way_overpriced:140:3.0;price_overpriced:280:6.0;price_ok:1120:24.0;price_good_value:1540:33.0;price_great_value:1590:34.0|gvotes_female:3660:73.9;gvotes_more_female:990:20.0;gvotes_unisex:250:5.1;gvotes_more_male:30:0.6;gvotes_male:20:0.4|longevity_very_weak:400:8.1;longevity_weak:1040:21.0;longevity_moderate:2130:42.9;longevity_long_lasting:1140:23.0;longevity_eternal:250:5.0|sillage_intimate:690:13.9;sillage_moderate:2480:50.0;sillage_strong:1440:29.0;sillage_enormous:350:7.1|season_winter:2800:89.17;season_spring:1480:47.13;season_summer:820:26.11;season_fall:3140:100.0|season_day:2480:82.12;season_night:3020:100.0|pros(Plummy sweetness with some depth,132,6;Good value,121,6;Suits cold weather,110,6)cons(Can smell synthetic,61,3;Average longevity,55,3)|||||
900037||Ariana Grande;b7|R.E.M.|2020|gender_for_women||||||a13:100;a10:72;a40:55;a8:50;a21:45;a20:40;a6:32|top(n142,1.0,5.0;n143,0.95,4.75;n144,0.9,4.5;n119,0.85,4.25)middle(n145,1.0,5.0;n13,0.95,4.75)base(n30,1.0,5.0;n110,0.95,4.75;n17,0.9,4.5)||<p>Fig and quince sit over salted caramel and marshmallow, with a lavender thread that keeps the sweetness from turning purely sugary. It settles into creamy tonka, sandalwood and musk, soft and a little dreamy.</p>|4;9000|630|like_love:3850:45.0;like_like:2740:32.0;like_ok:1280:15.0;like_dislike:430:5.0;like_hate:260:3.0|price_way_overpriced:150:2.0;price_overpriced:310:4.1;price_ok:1380:18.0;price_good_value:2600:34.0;price_great_value:3210:42.0|gvotes_female:5020:62.0;gvotes_more_female:2110:26.0;gvotes_unisex:890:11.0;gvotes_more_male:50:0.6;gvotes_male:30:0.4|longevity_very_weak:400:4.9;longevity_weak:1130:14.0;longevity_moderate:3400:42.0;longevity_long_lasting:2510:31.0;longevity_eternal:650:8.0|sillage_intimate:970:12.0;sillage_moderate:3890:48.0;sillage_strong:2590:32.0;sillage_enormous:650:8.0|season_winter:4050:83.33;season_spring:2970:61.11;season_summer:1620:33.33;season_fall:4860:100.0|season_day:4950:100.0;season_night:4050:81.82|pros(Sweet without being cloying,216,9;Lavender gives it a twist,198,9;Low price,180,9)cons(Only moderate projection,99,5;Reads youthful,90,5)|||||
900038||Ariana Grande;b7|Sweet Like Candy|2016|gender_for_women||||||a13:100;a10:85;a12:65;a21:50;a38:45;a17:30|top(n96,1.0,5.0;n76,0.95,4.75;n3,0.9,4.5)middle(n120,1.0,5.0;n119,0.95,4.75;n21,0.9,4.5;n6,0.85,4.25;n146,0.8,4.0;n147,0.75,3.75)base(n29,1.0,5.0;n148,0.95,4.75)||<p>Blackberry, pear and bergamot open onto a creamy heart of whipped cream, marshmallow and blackcurrant with jasmine and frangipani, drying down to vanilla and soft woods. It is openly sugary and playful, aimed at fans of sweet fruity scents.</p>|4.05;6564|459|like_love:2500:38.0;like_like:2600:39.6;like_ok:874:13.3;like_dislike:492:7.5;like_hate:107:1.6|price_way_overpriced:100:1.4;price_overpriced:300:4.3;price_ok:1500:21.4;price_good_value:2500:35.7;price_great_value:2600:37.1|gvotes_female:5200:75.3;gvotes_more_female:1400:20.3;gvotes_unisex:250:3.6;gvotes_more_male:30:0.4;gvotes_male:30:0.4|longevity_very_weak:400:6.3;longevity_weak:1400:21.9;longevity_moderate:2800:43.8;longevity_long_lasting:1500:23.4;longevity_eternal:300:4.7|sillage_intimate:700:11.9;sillage_moderate:3000:50.8;sillage_strong:1800:30.5;sillage_enormous:400:6.8|season_winter:1200:50.0;season_spring:2400:100.0;season_summer:1800:75.0;season_fall:1200:50.0|season_day:2900:100.0;season_night:675:23.28|pros(Fun sugary fruit and marshmallow profile,157,7;Affordable and easy to find,144,7;Easy casual wear,131,7)cons(Too sweet for many adults,73,3;Average longevity,66,3)|||||
900039||Ariana Grande;b7|Thank U, Next|2019|gender_for_women||||||a13:100;a39:85;a10:75;a12:55;a30:45;a25:40|top(n115,1.0,5.0;n76,0.95,4.75)middle(n121,1.0,5.0;n149,0.95,4.75)base(n150,1.0,5.0;n35,0.95,4.75)|Jérôme Epinette;p14|<p>Pear and raspberry over a creamy coconut and rose heart, finishing on sugary macaron and musk. It reads as a light, sweet coconut-fruit scent suited to casual daytime wear.</p>|3.65;5207|364|like_love:1600:31.0;like_like:1600:31.0;like_ok:817:15.9;like_dislike:770:14.9;like_hate:366:7.1|price_way_overpriced:80:1.4;price_overpriced:250:4.4;price_ok:1200:21.3;price_good_value:2000:35.5;price_great_value:2100:37.3|gvotes_female:4200:75.0;gvotes_more_female:1100:19.6;gvotes_unisex:250:4.5;gvotes_more_male:30:0.5;gvotes_male:20:0.4|longevity_very_weak:350:6.7;longevity_weak:1100:21.2;longevity_moderate:2300:44.2;longevity_long_lasting:1200:23.1;longevity_eternal:250:4.8|sillage_intimate:550:11.6;sillage_moderate:2400:50.5;sillage_strong:1500:31.6;sillage_enormous:300:6.3|season_winter:747:41.5;season_spring:1700:94.44;season_summer:1800:100.0;season_fall:776:43.11|season_day:2200:100.0;season_night:546:24.82|pros(Fun fruity-coconut sweetness,124,5;Good warm-weather option,114,5;Inexpensive,104,5)cons(Can smell juvenile,57,3;Moderate staying power,52,3)|||||
900040||Armaf;b8|Club de Nuit Iconic|2022|gender_for_men||||||a3:100;a6:85;a1:65;a7:60;a15:50;a24:40;a14:35|top(n87,1.0,5.0;n2,0.95,4.75;n20,0.9,4.5;n19,0.85,4.25;n93,0.8,4.0)middle(n24,1.0,5.0;n108,0.95,4.75;n6,0.9,4.5;n43,0.85,4.25)base(n23,1.0,5.0;n11,0.95,4.75;n9,0.9,4.5;n17,0.85,4.25;n18,0.8,4.0;n92,0.75,3.75;n39,0.7,3.5)||<p>Grapefruit, lemon and mint with pink pepper open onto ginger and nutmeg, then settle into incense, cedar, sandalwood and amber. It follows the citrus-incense-woods structure of Bleu de Chanel and is widely treated as a budget alternative to it.</p>|4.23;4934|345|like_love:2500:50.1;like_like:1600:32.1;like_ok:553:11.1;like_dislike:242:4.8;like_hate:97:1.9|price_way_overpriced:30:0.7;price_overpriced:60:1.5;price_ok:300:7.3;price_good_value:1100:26.9;price_great_value:2600:63.6|gvotes_female:20:0.5;gvotes_more_female:40:0.9;gvotes_unisex:300:6.9;gvotes_more_male:1200:27.5;gvotes_male:2800:64.2|longevity_very_weak:60:1.7;longevity_weak:200:5.5;longevity_moderate:900:24.9;longevity_long_lasting:1800:49.9;longevity_eternal:650:18.0|sillage_intimate:70:2.1;sillage_moderate:900:26.7;sillage_strong:1800:53.4;sillage_enormous:600:17.8|season_winter:1200:35.29;season_spring:3200:94.12;season_summer:3400:100.0;season_fall:2500:73.53|season_day:3200:100.0;season_night:2200:68.75|pros(Polished blue-style scent for little money,119,5;Strong longevity,109,5;Works at the office and in the evening,99,5)cons(Very familiar profile,55,3;Opening can be loud,50,3)|||900095:1000:100||
900041||Armaf;b8|Club de Nuit Intense Man|2015|gender_for_men||||||a10:100;a24:80;a3:65;a6:60;a20:45;a13:35|top(n2,1.0,5.0;n31,0.95,4.75;n3,0.9,4.5;n21,0.85,4.25;n22,0.8,4.0)middle(n33,1.0,5.0;n6,0.95,4.75;n7,0.9,4.5)base(n35,1.0,5.0;n36,0.95,4.75;n18,0.9,4.5;n29,0.85,4.25)||<p>Smoky birch and pineapple over musk, opening with a sharp burst of lemon. Bold and punchy, it performs far above its low price.</p>|3.95;15300|1071|like_love:6500:42.5;like_like:5000:32.7;like_ok:2200:14.4;like_dislike:1000:6.5;like_hate:600:3.9|price_way_overpriced:150:1.1;price_overpriced:300:2.3;price_ok:1300:9.8;price_good_value:3500:26.4;price_great_value:8000:60.4|gvotes_female:80:0.5;gvotes_more_female:120:0.8;gvotes_unisex:700:4.7;gvotes_more_male:3000:20.1;gvotes_male:11000:73.8|longevity_very_weak:300:2.3;longevity_weak:800:6.2;longevity_moderate:2800:21.7;longevity_long_lasting:5500:42.6;longevity_eternal:3500:27.1|sillage_intimate:400:3.5;sillage_moderate:2200:19.3;sillage_strong:5000:43.9;sillage_enormous:3800:33.3|season_winter:4500:52.94;season_spring:8500:100.0;season_summer:6000:70.59;season_fall:7000:82.35|season_day:9000:100.0;season_night:7500:83.33|pros(Outstanding value,368,15;Monster performance,337,15;Versatile smoky-fruity profile,306,15)cons(Harsh lemony opening,168,8;Noticeable batch variation,153,8)|||900117:1000:100||
900042||Armaf;b8|Club de Nuit Intense Man Limited Edition Parfum|2021|gender_for_men||||||a3:100;a20:68;a15:67;a13:61;a7:60;a10:55;a6:54|top(n2,1.0,5.0;n31,0.95,4.75;n151,0.9,4.5;n54,0.85,4.25;n3,0.8,4.0;n19,0.75,3.75)middle(n6,1.0,5.0;n7,0.95,4.75;n64,0.9,4.5;n63,0.85,4.25)base(n110,1.0,5.0;n133,0.95,4.75;n36,0.9,4.5;n9,0.85,4.25;n85,0.8,4.0;n18,0.75,3.75)||<p>Lemon, lime, pineapple and bergamot with black and pink pepper, over a soft floral heart of jasmine, rose and freesia, drying down to white musk, ambroxan, ambergris and cedar. A 2021 limited Parfum in the Club de Nuit Intense Man line whose listed notes lean citrus and musk rather than the birch smoke of the original.</p>|4.3;2800|196|like_love:1500:54.9;like_like:800:29.3;like_ok:300:11.0;like_dislike:90:3.3;like_hate:40:1.5|price_way_overpriced:30:1.1;price_overpriced:60:2.3;price_ok:350:13.3;price_good_value:800:30.3;price_great_value:1400:53.0|gvotes_female:10:0.4;gvotes_more_female:20:0.7;gvotes_unisex:200:7.3;gvotes_more_male:900:33.0;gvotes_male:1600:58.6|longevity_very_weak:30:1.1;longevity_weak:100:3.7;longevity_moderate:600:22.4;longevity_long_lasting:1300:48.5;longevity_eternal:650:24.3|sillage_intimate:50:1.9;sillage_moderate:600:23.1;sillage_strong:1300:50.0;sillage_enormous:650:25.0|season_winter:800:42.11;season_spring:1900:100.0;season_summer:1300:68.42;season_fall:1400:73.68|season_day:1800:100.0;season_night:1500:83.33|pros(Bright citrus-pineapple opening,68,3;Clean musky-amber drydown,62,3;Strong value for its style,56,3)cons(Limited edition, so stock varies,31,1;Easy to confuse with other Club de Nuit Intense Man versions,28,1)|||||
900043||Armaf;b8|Club de Nuit Milestone|2019|gender_for_women_and_men||||||a4:100;a6:70;a1:60;a10:55;a20:50;a41:45;a42:40|top(n3,1.0,5.0;n152,0.95,4.75;n5,0.9,4.5)middle(n153,1.0,5.0;n17,0.95,4.75;n154,0.9,4.5)base(n16,1.0,5.0;n35,0.95,4.75;n133,0.9,4.5)||<p>A salty sea-air scent with bergamot and a light red-fruit sweetness, drying down to violet, pale woods and ambroxan. It reads clean and breezy rather than sporty, and leans masculine despite being sold for everyone.</p>|3.92;4907|343|like_love:2000:40.9;like_like:1500:30.7;like_ok:677:13.8;like_dislike:438:9.0;like_hate:274:5.6|price_way_overpriced:60:1.3;price_overpriced:90:1.9;price_ok:500:10.8;price_good_value:1400:30.1;price_great_value:2600:55.9|gvotes_female:100:1.9;gvotes_more_female:200:3.8;gvotes_unisex:1300:24.5;gvotes_more_male:1800:34.0;gvotes_male:1900:35.8|longevity_very_weak:250:5.5;longevity_weak:600:13.2;longevity_moderate:1800:39.6;longevity_long_lasting:1500:33.0;longevity_eternal:400:8.8|sillage_intimate:300:7.3;sillage_moderate:1900:46.3;sillage_strong:1500:36.6;sillage_enormous:400:9.8|season_winter:405:12.66;season_spring:2800:87.5;season_summer:3200:100.0;season_fall:1100:34.38|season_day:2900:100.0;season_night:987:34.03|pros(Salty seaside freshness at a low price,118,5;Comfortable in hot, humid weather,108,5;Easy to share between partners,98,5)cons(Fruity opening can smell synthetic,54,2;Too light for cold evenings,49,2)|||||
900044||Armaf;b8|Club de Nuit Untold|2022|gender_for_women_and_men||||||a6:100;a15:90;a14:65;a27:45;a17:40;a13:35|top(n40,1.0,5.0;n6,0.95,4.75)middle(n130,1.0,5.0;n36,0.95,4.75)base(n155,1.0,5.0;n9,0.95,4.75)||<p>A saffron and jasmine opening over a glowing, slightly sugary amberwood and ambergris base with a resinous fir and cedar backbone. It is Armaf's widely cited take on Baccarat Rouge 540, airy but persistent.</p>|4.06;3629|254|like_love:1800:49.9;like_like:915:25.4;like_ok:375:10.4;like_dislike:310:8.6;like_hate:206:5.7|price_way_overpriced:30:1.1;price_overpriced:60:2.3;price_ok:250:9.5;price_good_value:700:26.5;price_great_value:1600:60.6|gvotes_female:200:6.9;gvotes_more_female:450:15.5;gvotes_unisex:1500:51.7;gvotes_more_male:500:17.2;gvotes_male:250:8.6|longevity_very_weak:50:2.0;longevity_weak:150:6.0;longevity_moderate:600:24.0;longevity_long_lasting:1200:48.0;longevity_eternal:500:20.0|sillage_intimate:60:2.8;sillage_moderate:500:23.7;sillage_strong:1100:52.1;sillage_enormous:450:21.3|season_winter:2000:100.0;season_spring:1500:75.0;season_summer:741:37.05;season_fall:1900:95.0|season_day:1400:73.68;season_night:1900:100.0|pros(Close Baccarat Rouge 540 profile at a fraction of the price,87,4;Long-lasting airy trail,80,4;Wearable by anyone,73,4)cons(Amber can feel sharp or synthetic to some noses,41,2;A very common scent profile,37,2)|||900316:1000:100||
900045||Armaf;b8|Club de Nuit Urban Man|2017|gender_for_men||||||a6:100;a7:95;a1:92;a3:79;a14:62;a43:62;a2:60;a8:49|top(n3,1.0,5.0;n20,0.95,4.75;n87,0.9,4.5;n107,0.85,4.25)middle(n13,1.0,5.0;n9,0.95,4.75;n24,0.9,4.5;n108,0.85,4.25)base(n18,1.0,5.0;n16,0.95,4.75;n17,0.9,4.5;n34,0.85,4.25)||<p>Grapefruit, mint and cardamom open into lavender, ginger and nutmeg over a dry base of vetiver, cedar and patchouli. A fresh, spicy-aromatic everyday scent with a clean, slightly bitter woody finish.</p>|3.8;1200|84|like_love:400:33.3;like_like:450:37.5;like_ok:250:20.8;like_dislike:70:5.8;like_hate:30:2.5|price_way_overpriced:10:0.9;price_overpriced:20:1.7;price_ok:180:15.5;price_good_value:400:34.5;price_great_value:550:47.4|gvotes_female:10:0.8;gvotes_more_female:15:1.3;gvotes_unisex:120:10.0;gvotes_more_male:400:33.5;gvotes_male:650:54.4|longevity_very_weak:50:4.3;longevity_weak:200:17.2;longevity_moderate:550:47.4;longevity_long_lasting:300:25.9;longevity_eternal:60:5.2|sillage_intimate:100:8.8;sillage_moderate:600:53.1;sillage_strong:350:31.0;sillage_enormous:80:7.1|season_winter:250:27.78;season_spring:900:100.0;season_summer:750:83.33;season_fall:450:50.0|season_day:1000:100.0;season_night:350:35.0|pros(Fresh spicy profile suited to office wear,28,1;Inexpensive,26,1;Easy to wear year-round,24,1)cons(Overshadowed by Armaf's better-known releases,13,1;Settles close to the skin fairly quickly,12,1)|||||
900046||Armaf;b8|Club de Nuit Urban Man Elixir|2022|gender_for_men||||||a15:100;a1:85;a3:75;a7:65;a20:50;a6:45;a8:40|top(n3,1.0,5.0;n19,0.95,4.75;n27,0.9,4.5;n6,0.85,4.25)middle(n13,1.0,5.0;n156,0.95,4.75;n46,0.9,4.5;n16,0.85,4.25;n61,0.8,4.0;n40,0.75,3.75)base(n133,1.0,5.0;n11,0.95,4.75;n18,0.9,4.5;n9,0.85,4.25;n92,0.8,4.0)||<p>Bergamot and pink pepper over a lavender, geranium and elemi heart, with a dense ambroxan and amber base. A peppery, ambery fresh-spicy scent in the mainstream blue style, pitched louder than most.</p>|4.34;4438|311|like_love:2600:58.2;like_like:1200:26.9;like_ok:387:8.7;like_dislike:186:4.2;like_hate:94:2.1|price_way_overpriced:20:0.7;price_overpriced:40:1.5;price_ok:200:7.4;price_good_value:750:27.7;price_great_value:1700:62.7|gvotes_female:15:0.5;gvotes_more_female:30:1.0;gvotes_unisex:180:6.2;gvotes_more_male:800:27.4;gvotes_male:1900:65.0|longevity_very_weak:40:1.6;longevity_weak:150:6.0;longevity_moderate:650:26.1;longevity_long_lasting:1200:48.2;longevity_eternal:450:18.1|sillage_intimate:50:2.2;sillage_moderate:600:26.1;sillage_strong:1200:52.2;sillage_enormous:450:19.6|season_winter:2300:79.31;season_spring:2900:100.0;season_summer:2700:93.1;season_fall:2800:96.55|season_day:2800:100.0;season_night:2700:96.43|pros(Loud, long-lasting fresh-spicy profile,107,4;Versatile year-round,98,4;Cheap for its performance,89,4)cons(Ambroxan can feel harsh,50,2;Smells similar to many designer blues,45,2)|||||
900047||Atelier Cologne;b9|Orange Sanguine|2010|gender_for_women_and_men||||||a3:100;a10:62;a11:40;a13:38;a6:30;a9:25|top(n157,1.0,5.0;n158,0.95,4.75;n42,0.9,4.5)middle(n6,1.0,5.0;n46,0.95,4.75;n19,0.9,4.5)base(n30,1.0,5.0;n17,0.95,4.75;n11,0.9,4.5)|Ralf Schwieger;p15|<p>A vivid, juicy blood-orange accord with a whisper of jasmine and warm woods beneath. Pure bottled sunshine that lifts the mood on a hot morning.</p>|4;4800|336|like_love:2200:43.6;like_like:1800:35.6;like_ok:700:13.9;like_dislike:250:5.0;like_hate:100:2.0|price_way_overpriced:300:7.8;price_overpriced:900:23.4;price_ok:1500:39.0;price_good_value:800:20.8;price_great_value:350:9.1|gvotes_female:500:10.4;gvotes_more_female:700:14.6;gvotes_unisex:2800:58.3;gvotes_more_male:500:10.4;gvotes_male:300:6.3|longevity_very_weak:500:11.5;longevity_weak:1300:29.9;longevity_moderate:1800:41.4;longevity_long_lasting:600:13.8;longevity_eternal:150:3.4|sillage_intimate:700:18.2;sillage_moderate:2200:57.1;sillage_strong:800:20.8;sillage_enormous:150:3.9|season_winter:200:4.76;season_spring:3000:71.43;season_summer:4200:100.0;season_fall:500:11.9|season_day:4300:100.0;season_night:700:16.28|pros(Photorealistic juicy blood orange,116,5;Instant mood lifter,106,5;Great for layering,96,5)cons(Limited longevity,53,2;Premium price for a simple citrus,48,2)|||||
900048||Azzaro;b10|Azzaro Pour Homme|1978|gender_for_men||||||a1:100;a29:75;a7:65;a8:60;a3:55;a6:50;a18:45;a14:40|top(n13,1.0,5.0;n159,0.95,4.75;n2,0.9,4.5;n4,0.85,4.25;n3,0.8,4.0;n160,0.75,3.75)middle(n107,1.0,5.0;n8,0.95,4.75;n46,0.9,4.5;n161,0.85,4.25;n16,0.8,4.0;n18,0.75,3.75)base(n85,1.0,5.0;n34,0.95,4.75;n30,0.9,4.5;n11,0.85,4.25;n35,0.8,4.0;n17,0.75,3.75)|Gérard Anthony;p16;Martin Heiddenreich;p17;Richard Wirtz;p18|<p>A textbook aromatic fougère of lavender, anise, herbs and oakmoss. Clean-shaven barbershop confidence with an old-school gentleman's swagger.</p>|4;8000|560|like_love:3500:44.3;like_like:2500:31.6;like_ok:1200:15.2;like_dislike:400:5.1;like_hate:300:3.8|price_way_overpriced:30:0.4;price_overpriced:100:1.3;price_ok:900:11.8;price_good_value:2800:36.7;price_great_value:3800:49.8|gvotes_female:40:0.6;gvotes_more_female:30:0.4;gvotes_unisex:250:3.7;gvotes_more_male:1000:14.7;gvotes_male:5500:80.6|longevity_very_weak:150:2.1;longevity_weak:500:7.0;longevity_moderate:2400:33.6;longevity_long_lasting:3000:42.0;longevity_eternal:1100:15.4|sillage_intimate:300:4.3;sillage_moderate:2400:34.8;sillage_strong:3200:46.4;sillage_enormous:1000:14.5|season_winter:4000:80.0;season_spring:4500:90.0;season_summer:1500:30.0;season_fall:5000:100.0|season_day:6000:100.0;season_night:2500:41.67|pros(Classic barbershop fougère,192,8;Outstanding value,176,8;Strong performance,160,8)cons(Reads dated to some,88,4;Anise-heavy opening,80,4)|||||
900049||Azzaro;b10|The Most Wanted Eau de Parfum Intense|2021|gender_for_men||||||a14:100;a13:89;a15:81;a6:71;a40:60;a1:57|top(n107,1.0,5.0)middle(n162,1.0,5.0)base(n130,1.0,5.0)|Michel Girard;p19;Nadège Le Garlantezec;p20;Shyamala Maisondieu;p21|<p>Cardamom opens onto a sticky toffee accord over an amber-wood base. Sweet, spicy and dense, it is a compact gourmand built for cold nights.</p>|4.2;10000|700|like_love:5300:55.2;like_like:2500:26.0;like_ok:1000:10.4;like_dislike:450:4.7;like_hate:350:3.6|price_way_overpriced:200:2.4;price_overpriced:600:7.2;price_ok:2000:24.1;price_good_value:3200:38.6;price_great_value:2300:27.7|gvotes_female:150:1.5;gvotes_more_female:250:2.6;gvotes_unisex:900:9.3;gvotes_more_male:2600:26.8;gvotes_male:5800:59.8|longevity_very_weak:150:1.7;longevity_weak:350:4.0;longevity_moderate:1800:20.5;longevity_long_lasting:4500:51.1;longevity_eternal:2000:22.7|sillage_intimate:200:2.4;sillage_moderate:1700:20.5;sillage_strong:4300:51.8;sillage_enormous:2100:25.3|season_winter:7000:100.0;season_spring:1500:21.43;season_summer:350:5.0;season_fall:6000:85.71|season_day:2500:29.41;season_night:8500:100.0|pros(Addictive toffee-cardamom accord,240,10;Long-lasting,220,10;Wide appeal,200,10)cons(Very sweet and a little synthetic to some,110,5;Overpowering if overapplied,100,5)|||||
900050||Azzaro;b10|The Most Wanted Parfum|2022|gender_for_men||||||a14:100;a13:85;a12:75;a6:65;a15:50;a7:35|top(n24,1.0,5.0)middle(n39,1.0,5.0)base(n163,1.0,5.0)||<p>A simple structure of spicy ginger, smooth woods and bourbon vanilla. Sweet and toasty rather than fresh, it projects strongly and suits nights out in cooler months.</p>|4.3;7500|525|like_love:3800:53.0;like_like:2200:30.7;like_ok:800:11.2;like_dislike:250:3.5;like_hate:120:1.7|price_way_overpriced:150:2.3;price_overpriced:400:6.0;price_ok:1600:24.1;price_good_value:2500:37.6;price_great_value:2000:30.1|gvotes_female:80:1.1;gvotes_more_female:150:2.1;gvotes_unisex:900:12.6;gvotes_more_male:2500:35.1;gvotes_male:3500:49.1|longevity_very_weak:80:1.2;longevity_weak:250:3.7;longevity_moderate:1300:19.3;longevity_long_lasting:3100:46.1;longevity_eternal:2000:29.7|sillage_intimate:150:2.2;sillage_moderate:1300:19.3;sillage_strong:3300:48.9;sillage_enormous:2000:29.6|season_winter:6000:100.0;season_spring:1800:30.0;season_summer:500:8.33;season_fall:5000:83.33|season_day:2200:35.48;season_night:6200:100.0|pros(Strong projection and longevity,180,8;Warm ginger-vanilla blend,165,8;Good value in its class,150,8)cons(Sweetness limits daytime use,83,4;Similar to other sweet designer flankers,75,4)|||||
900051||Azzaro;b10|Wanted|2016|gender_for_men||||||a1:100;a7:85;a11:66;a3:65;a15:64;a6:64;a14:60;a10:55;a2:53;a12:51|top(n2,1.0,5.0;n24,0.95,4.75;n13,0.9,4.5;n20,0.85,4.25)middle(n22,1.0,5.0;n107,0.95,4.75;n8,0.9,4.5;n46,0.85,4.25)base(n30,1.0,5.0;n130,0.95,4.75;n16,0.9,4.5)|Fabrice Pellegrin;p22;Olivier Cresp;p8|<p>Lemon, ginger, lavender and mint open onto apple, cardamom, juniper and geranium over tonka bean, amberwood and vetiver. A bright, spicy-citrus woody that sits between fresh and warm and is easy to wear in most settings.</p>|3.9;10000|700|like_love:3600:38.3;like_like:3500:37.2;like_ok:1500:16.0;like_dislike:500:5.3;like_hate:300:3.2|price_way_overpriced:150:1.8;price_overpriced:500:5.8;price_ok:2400:28.1;price_good_value:3500:40.9;price_great_value:2000:23.4|gvotes_female:80:0.9;gvotes_more_female:120:1.3;gvotes_unisex:600:6.5;gvotes_more_male:2500:26.9;gvotes_male:6000:64.5|longevity_very_weak:300:3.5;longevity_weak:1000:11.8;longevity_moderate:3500:41.2;longevity_long_lasting:3000:35.3;longevity_eternal:700:8.2|sillage_intimate:500:6.3;sillage_moderate:3500:43.8;sillage_strong:3200:40.0;sillage_enormous:800:10.0|season_winter:2500:45.45;season_spring:5500:100.0;season_summer:3500:63.64;season_fall:4500:81.82|season_day:7000:100.0;season_night:3500:50.0|pros(Versatile spicy-fresh profile,240,10;Easy all-rounder,220,10;Inoffensive in most settings,200,10)cons(Average longevity,110,5;Ginger-lemon opening can feel sharp,100,5)|||||
900052||Azzaro;b10|Wanted by Night|2018|gender_for_men||||||a14:100;a16:92;a10:88;a6:82;a13:80;a3:78;a15:72;a28:64;a12:60;a1:58|top(n25,1.0,5.0;n42,0.95,4.75;n13,0.9,4.5;n2,0.85,4.25)middle(n164,1.0,5.0;n23,0.95,4.75;n165,0.9,4.5;n65,0.85,4.25)base(n60,1.0,5.0;n29,0.95,4.75;n9,0.9,4.5;n85,0.85,4.25;n90,0.8,4.0;n166,0.75,3.75;n167,0.7,3.5;n18,0.65,3.25)|Quentin Bisch;p3;Michel Girard;p19|<p>Cinnamon, mandarin and lemon over a fruity heart of red cedar, incense and cumin, sinking into tobacco, vanilla, leather and benzoin. Spicy-sweet and warm, it is a popular cold-weather evening scent at a designer price.</p>|4.2;13000|910|like_love:7200:56.9;like_like:3500:27.7;like_ok:1200:9.5;like_dislike:450:3.6;like_hate:300:2.4|price_way_overpriced:200:1.8;price_overpriced:600:5.4;price_ok:2600:23.4;price_good_value:4500:40.5;price_great_value:3200:28.8|gvotes_female:120:0.9;gvotes_more_female:200:1.6;gvotes_unisex:1000:7.8;gvotes_more_male:3500:27.3;gvotes_male:8000:62.4|longevity_very_weak:250:2.2;longevity_weak:700:6.1;longevity_moderate:3200:27.9;longevity_long_lasting:5500:48.0;longevity_eternal:1800:15.7|sillage_intimate:400:3.6;sillage_moderate:3300:30.0;sillage_strong:5500:50.0;sillage_enormous:1800:16.4|season_winter:9000:100.0;season_spring:2500:27.78;season_summer:600:6.67;season_fall:8500:94.44|season_day:3500:31.82;season_night:11000:100.0|pros(Rich cinnamon-tobacco warmth,312,13;Frequent compliments reported,286,13;Good value for the performance,260,13)cons(Too heavy for summer,143,7;Cinnamon can dominate,130,7)|||||
900053||Beyoncé;b11|Heat|2010|gender_for_women||||||a10:100;a13:85;a15:65;a20:60;a9:50;a12:50;a25:35|top(n118,1.0,5.0;n132,0.95,4.75;n103,0.9,4.5;n168,0.85,4.25)middle(n169,1.0,5.0;n146,0.95,4.75;n35,0.9,4.5)base(n170,1.0,5.0;n30,0.95,4.75;n11,0.9,4.5)|Claude Dir;p23;Olivier Gillotin;p24|<p>Candied peach and magnolia sit over an almond and honeysuckle heart, settling into sweet amber, tonka and musk. Sugary and warm, it projects strongly at first and then softens.</p>|3.8;7000|490|like_love:2300:35.7;like_like:2200:34.1;like_ok:1200:18.6;like_dislike:500:7.8;like_hate:250:3.9|price_way_overpriced:80:1.3;price_overpriced:200:3.3;price_ok:1300:21.7;price_good_value:2000:33.4;price_great_value:2400:40.1|gvotes_female:4600:76.0;gvotes_more_female:1200:19.8;gvotes_unisex:200:3.3;gvotes_more_male:30:0.5;gvotes_male:20:0.3|longevity_very_weak:400:6.6;longevity_weak:1200:19.8;longevity_moderate:2700:44.6;longevity_long_lasting:1400:23.1;longevity_eternal:350:5.8|sillage_intimate:500:9.3;sillage_moderate:2600:48.6;sillage_strong:1800:33.6;sillage_enormous:450:8.4|season_winter:3000:83.33;season_spring:2000:55.56;season_summer:800:22.22;season_fall:3600:100.0|season_day:2800:80.0;season_night:3500:100.0|pros(Warm peach-and-musk sweetness,168,7;Inexpensive and easy to find,154,7;Lasts well for the price,140,7)cons(Can turn cloying,77,4;Loud, candy-like opening,70,4)|||||
900054||Beyoncé;b11|Pulse|2011|gender_for_women||||||a10:100;a9:75;a13:65;a12:55;a20:50;a3:40|top(n145,1.0,5.0;n171,0.95,4.75;n3,0.9,4.5)middle(n99,1.0,5.0;n141,0.95,4.75;n6,0.9,4.5)base(n29,1.0,5.0;n35,0.95,4.75;n39,0.9,4.5)|Bruno Jovanovic;p25|<p>Pear blossom and a splash of orange liqueur lead into a light orchid, peony and jasmine bouquet over a vanilla and musk base. Sweet, soft and easygoing.</p>|3.7;3000|210|like_love:850:31.3;like_like:950:34.9;like_ok:600:22.1;like_dislike:220:8.1;like_hate:100:3.7|price_way_overpriced:40:1.5;price_overpriced:100:3.6;price_ok:600:21.9;price_good_value:900:32.8;price_great_value:1100:40.1|gvotes_female:2000:76.9;gvotes_more_female:500:19.2;gvotes_unisex:80:3.1;gvotes_more_male:10:0.4;gvotes_male:10:0.4|longevity_very_weak:200:8.2;longevity_weak:600:24.5;longevity_moderate:1100:44.9;longevity_long_lasting:450:18.4;longevity_eternal:100:4.1|sillage_intimate:300:13.8;sillage_moderate:1100:50.7;sillage_strong:650:30.0;sillage_enormous:120:5.5|season_winter:700:41.18;season_spring:1700:100.0;season_summer:1300:76.47;season_fall:900:52.94|season_day:2000:100.0;season_night:900:45.0|pros(Bright juicy pear opening,72,3;Soft vanilla-musk drydown,66,3;Budget friendly,60,3)cons(Pear dominates for a long time,33,2;Similar to many fruity florals,30,2)|||||
900055||Billie Eilish;b12|Eilish|2021|gender_for_women||||||a12:100;a13:85;a15:70;a14:50;a10:45;a20:45;a44:35|top(n172,1.0,5.0;n42,0.95,4.75;n173,0.9,4.5)middle(n29,1.0,5.0;n174,0.95,4.75;n58,0.9,4.5;n7,0.85,4.25)base(n35,1.0,5.0;n39,0.95,4.75;n30,0.9,4.5;n11,0.85,4.25)|Steve DeMercado;p26|<p>Mandarin, red berries and sugared petals open onto a vanilla heart laced with cocoa, gentle spice and a touch of rose, over warm amber, musk, tonka and woods. Cosy, sweet and fairly close to the skin.</p>|4;6000|420|like_love:2300:41.4;like_like:1800:32.4;like_ok:900:16.2;like_dislike:350:6.3;like_hate:200:3.6|price_way_overpriced:150:3.2;price_overpriced:400:8.4;price_ok:1500:31.6;price_good_value:1500:31.6;price_great_value:1200:25.3|gvotes_female:2800:52.3;gvotes_more_female:1500:28.0;gvotes_unisex:900:16.8;gvotes_more_male:100:1.9;gvotes_male:50:0.9|longevity_very_weak:350:6.8;longevity_weak:1000:19.4;longevity_moderate:2300:44.7;longevity_long_lasting:1200:23.3;longevity_eternal:300:5.8|sillage_intimate:800:16.5;sillage_moderate:2500:51.5;sillage_strong:1300:26.8;sillage_enormous:250:5.2|season_winter:3000:90.91;season_spring:1500:45.45;season_summer:500:15.15;season_fall:3300:100.0|season_day:2600:100.0;season_night:2600:100.0|pros(Cosy vanilla-amber warmth,144,6;Reasonably priced for an EDP,132,6;Easy to wear,120,6)cons(Stays close to the skin,66,3;Similar to many vanilla ambers,60,3)|||||
900056||Billie Eilish;b12|Eilish No. 2|2022|gender_for_women_and_men||||||a6:100;a7:65;a24:55;a9:45;a3:40;a20:40|top(n3,1.0,5.0;n175,0.95,4.75;n23,0.9,4.5)middle(n176,1.0,5.0;n54,0.95,4.75;n177,0.9,4.5)base(n178,1.0,5.0;n179,0.95,4.75;n29,0.9,4.5;n35,0.85,4.25)|Catherine Selig;p27|<p>Bergamot and apple blossom meet incense and black pepper, then papyrus and poppy lead into palo santo, dark ebony wood, a little vanilla and skin musk. Cooler, darker and more gender-neutral than the first Eilish.</p>|3.9;1800|126|like_love:600:34.5;like_like:600:34.5;like_ok:350:20.1;like_dislike:130:7.5;like_hate:60:3.4|price_way_overpriced:50:3.5;price_overpriced:140:9.7;price_ok:450:31.3;price_good_value:450:31.3;price_great_value:350:24.3|gvotes_female:250:15.0;gvotes_more_female:350:21.0;gvotes_unisex:700:41.9;gvotes_more_male:250:15.0;gvotes_male:120:7.2|longevity_very_weak:120:7.5;longevity_weak:350:21.9;longevity_moderate:700:43.8;longevity_long_lasting:350:21.9;longevity_eternal:80:5.0|sillage_intimate:300:19.9;sillage_moderate:800:53.0;sillage_strong:350:23.2;sillage_enormous:60:4.0|season_winter:700:63.64;season_spring:900:81.82;season_summer:350:31.82;season_fall:1100:100.0|season_day:1000:100.0;season_night:800:80.0|pros(Distinctive rainy woody-incense mood,44,2;Works for anyone,40,2;Fair price for an EDP,36,2)cons(Peppery incense opening can feel sharp,20,1;Moderate longevity,18,1)|||||
900057||Britney Spears;b13|Believe|2007|gender_for_women||||||a10:100;a13:80;a19:60;a22:50;a15:45;a9:40|top(n180,1.0,5.0;n181,0.95,4.75)middle(n182,1.0,5.0;n146,0.95,4.75)base(n18,1.0,5.0;n11,0.95,4.75;n122,0.9,4.5)|Loc Dong;p28;Carlos Benaïm;p29|<p>Guava and tangerine over linden blossom and honeysuckle, with a patchouli, amber and praline base that gives it an earthier edge than a straight fruity floral. A fruity amber that wears easily.</p>|3.7;3500|245|like_love:1000:30.1;like_like:1130:34.0;like_ok:760:22.9;like_dislike:300:9.0;like_hate:130:3.9|price_way_overpriced:60:2.0;price_overpriced:120:4.0;price_ok:600:20.1;price_good_value:1010:33.9;price_great_value:1190:39.9|gvotes_female:1950:61.7;gvotes_more_female:760:24.1;gvotes_unisex:380:12.0;gvotes_more_male:40:1.3;gvotes_male:30:0.9|longevity_very_weak:280:8.9;longevity_weak:690:21.9;longevity_moderate:1390:44.1;longevity_long_lasting:660:21.0;longevity_eternal:130:4.1|sillage_intimate:500:15.9;sillage_moderate:1640:52.1;sillage_strong:820:26.0;sillage_enormous:190:6.0|season_winter:1050:66.46;season_spring:1580:100.0;season_summer:1260:79.75;season_fall:1360:86.08|season_day:2170:100.0;season_night:1330:61.29|pros(Patchouli keeps the sweetness in check,84,4;Warm amber-praline drydown,77,4;Very cheap,70,4)cons(Patchouli will not suit everyone,39,2;Average longevity,35,2)|||||
900058||Britney Spears;b13|Circus Fantasy|2009|gender_for_women||||||a10:100;a13:90;a9:55;a12:50;a20:40;a21:35|top(n115,1.0,5.0;n183,0.95,4.75;n184,0.9,4.5)middle(n99,1.0,5.0;n141,0.95,4.75;n185,0.9,4.5)base(n29,1.0,5.0;n35,0.95,4.75;n153,0.9,4.5;n39,0.85,4.25)||<p>Raspberry and sugared apricot open onto orchid, peony and water lily, settling into vanilla and musk with a soft violet and woody finish. Lighter and more playful than Fantasy, it fits daytime and warm weather.</p>|3.8;4500|315|like_love:1450:34.0;like_like:1450:34.0;like_ok:860:20.1;like_dislike:340:8.0;like_hate:170:4.0|price_way_overpriced:80:2.1;price_overpriced:150:3.9;price_ok:690:18.0;price_good_value:1300:33.9;price_great_value:1610:42.0|gvotes_female:3160:78.0;gvotes_more_female:690:17.0;gvotes_unisex:160:4.0;gvotes_more_male:20:0.5;gvotes_male:20:0.5|longevity_very_weak:400:9.9;longevity_weak:970:24.0;longevity_moderate:1700:42.1;longevity_long_lasting:810:20.0;longevity_eternal:160:4.0|sillage_intimate:650:16.0;sillage_moderate:2110:52.1;sillage_strong:1050:25.9;sillage_enormous:240:5.9|season_winter:810:33.33;season_spring:2430:100.0;season_summer:2300:94.65;season_fall:1220:50.21|season_day:3150:100.0;season_night:1350:42.86|pros(Cheerful raspberry opening,108,5;Lighter than Fantasy,99,5;Very affordable,90,5)cons(Short-lived,50,2;Sugary and simple,45,2)|||||
900059||Britney Spears;b13|Curious|2004|gender_for_women||||||a17:100;a13:80;a10:60;a12:55;a20:45;a21:42;a45:40|top(n132,1.0,5.0;n76,0.95,4.75;n186,0.9,4.5)middle(n187,1.0,5.0;n188,0.95,4.75;n189,0.9,4.5)base(n29,1.0,5.0;n35,0.95,4.75;n17,0.9,4.5;n124,0.85,4.25)|Claude Dir;p23|<p>A creamy white floral of tuberose and jasmine lifted by pear and magnolia, resting on vanilla musk and pale woods. Sweet and soft, in the classic celebrity-fragrance mould.</p>|3.8;7000|490|like_love:2390:35.9;like_like:2260:34.0;like_ok:1260:18.9;like_dislike:470:7.1;like_hate:270:4.1|price_way_overpriced:120:2.0;price_overpriced:240:4.0;price_ok:1070:18.0;price_good_value:2020:33.9;price_great_value:2500:42.0|gvotes_female:4790:75.9;gvotes_more_female:1130:17.9;gvotes_unisex:320:5.1;gvotes_more_male:40:0.6;gvotes_male:30:0.5|longevity_very_weak:500:7.9;longevity_weak:1390:22.1;longevity_moderate:2770:44.0;longevity_long_lasting:1320:21.0;longevity_eternal:320:5.1|sillage_intimate:940:14.9;sillage_moderate:3280:52.1;sillage_strong:1700:27.0;sillage_enormous:380:6.0|season_winter:1890:52.94;season_spring:3570:100.0;season_summer:2730:76.47;season_fall:2310:64.71|season_day:4480:100.0;season_night:2520:56.25|pros(Pretty creamy white florals,168,7;Very inexpensive,154,7;Soft vanilla-musk drydown,140,7)cons(Smells dated to some,77,4;Modest projection,70,4)|||||
900060||Britney Spears;b13|Fantasy|2005|gender_for_women||||||a13:100;a10:80;a12:55;a21:45;a19:45;a17:40;a20:40;a46:35|top(n190,1.0,5.0;n191,0.95,4.75;n142,0.9,4.5)middle(n192,1.0,5.0;n193,0.95,4.75;n99,0.9,4.5;n6,0.85,4.25)base(n35,1.0,5.0;n74,0.95,4.75;n39,0.9,4.5)|James Krivda;p30|<p>A playful candy-shop mix of kiwi, lychee and cupcake frosting over soft musk. Unabashedly sugary and flirtatious.</p>|3.8;14000|980|like_love:6000:42.3;like_like:4000:28.2;like_ok:2200:15.5;like_dislike:1200:8.5;like_hate:800:5.6|price_way_overpriced:150:1.1;price_overpriced:300:2.2;price_ok:1600:11.8;price_good_value:4000:29.5;price_great_value:7500:55.4|gvotes_female:9000:68.8;gvotes_more_female:3000:22.9;gvotes_unisex:900:6.9;gvotes_more_male:100:0.8;gvotes_male:80:0.6|longevity_very_weak:600:4.5;longevity_weak:2200:16.5;longevity_moderate:5500:41.4;longevity_long_lasting:4000:30.1;longevity_eternal:1000:7.5|sillage_intimate:1200:8.9;sillage_moderate:6000:44.4;sillage_strong:5000:37.0;sillage_enormous:1300:9.6|season_winter:4000:47.06;season_spring:8500:100.0;season_summer:5500:64.71;season_fall:5000:58.82|season_day:9000:100.0;season_night:5500:61.11|pros(Very cheap,336,14;Fun, cheerful sweetness,308,14;Good longevity for a celebrity scent,280,14)cons(Very sugary,168,7;Juvenile to some,154,7;Out of place in formal settings,140,7)|||||
900061||Britney Spears;b13|Hidden Fantasy|2008|gender_for_women||||||a3:100;a13:80;a14:55;a15:55;a12:50;a17:45;a6:40|top(n94,1.0,5.0;n181,0.95,4.75;n194,0.9,4.5;n87,0.85,4.25)middle(n56,1.0,5.0;n195,0.95,4.75;n78,0.9,4.5)base(n11,1.0,5.0;n196,0.95,4.75;n29,0.9,4.5;n17,0.85,4.25)||<p>Opens with bright orange, tangerine and grapefruit, then warms as clove and lily arrive over a creamy amber, vanilla and sandalwood base. It moves from citrus to cosy, one of the warmer, spicier Fantasy flankers.</p>|3.8;3500|245|like_love:1130:34.1;like_like:1160:35.0;like_ok:660:19.9;like_dislike:230:6.9;like_hate:130:3.9|price_way_overpriced:60:2.0;price_overpriced:120:4.0;price_ok:540:18.1;price_good_value:1010:33.9;price_great_value:1250:41.9|gvotes_female:2330:74.0;gvotes_more_female:600:19.0;gvotes_unisex:190:6.0;gvotes_more_male:20:0.6;gvotes_male:10:0.3|longevity_very_weak:220:7.0;longevity_weak:600:19.0;longevity_moderate:1390:44.0;longevity_long_lasting:760:24.1;longevity_eternal:190:6.0|sillage_intimate:410:13.0;sillage_moderate:1580:50.2;sillage_strong:940:29.8;sillage_enormous:220:7.0|season_winter:1680:88.89;season_spring:1050:55.56;season_summer:630:33.33;season_fall:1890:100.0|season_day:1680:92.31;season_night:1820:100.0|pros(Bright citrus opening,84,4;Warm, cosy drydown,77,4;Inexpensive,70,4)cons(Clove can feel old-fashioned,39,2;Moderate longevity,35,2)|||||
900062||Britney Spears;b13|Midnight Fantasy|2006|gender_for_women||||||a10:100;a13:90;a47:65;a12:60;a21:45;a20:40;a15:35|top(n197,1.0,5.0;n136,0.95,4.75;n115,0.9,4.5)middle(n63,1.0,5.0;n99,0.95,4.75;n161,0.9,4.5)base(n29,1.0,5.0;n11,0.95,4.75;n35,0.9,4.5)||<p>Dark cherry, plum and raspberry over a powdery orchid and iris heart, finishing in soft vanilla, amber and musk. Sweet and fruity like the original Fantasy, but darker and more suited to nights out.</p>|3.9;9000|630|like_love:3590:42.0;like_like:2740:32.0;like_ok:1280:15.0;like_dislike:600:7.0;like_hate:340:4.0|price_way_overpriced:150:2.0;price_overpriced:230:3.0;price_ok:1150:15.0;price_good_value:2520:32.9;price_great_value:3600:47.1|gvotes_female:6320:78.0;gvotes_more_female:1380:17.0;gvotes_unisex:320:4.0;gvotes_more_male:50:0.6;gvotes_male:30:0.4|longevity_very_weak:400:4.9;longevity_weak:1300:16.0;longevity_moderate:3400:42.0;longevity_long_lasting:2350:29.0;longevity_eternal:650:8.0|sillage_intimate:810:10.0;sillage_moderate:3730:46.0;sillage_strong:2750:34.0;sillage_enormous:810:10.0|season_winter:4320:80.0;season_spring:2430:45.0;season_summer:1350:25.0;season_fall:5400:100.0|season_day:3420:61.29;season_night:5580:100.0|pros(Juicy dark-fruit sweetness,216,9;Cheap and easy to find,198,9;Fun for evenings out,180,9)cons(Very sweet,99,5;Reads juvenile to some,90,5)|||||
900063||Britney Spears;b13|Private Show|2016|gender_for_women||||||a13:100;a40:75;a10:60;a48:50;a17:45;a38:40;a20:35|top(n198,1.0,5.0;n199,0.95,4.75;n120,0.9,4.5;n200,0.85,4.25)middle(n201,1.0,5.0;n78,0.95,4.75;n27,0.9,4.5)base(n11,1.0,5.0;n35,0.95,4.75)||<p>A gourmand of creamy coffee and dulce de leche brightened by clementine and nectarine, with jasmine and orange blossom softening the sweetness over amber and musk. Dessert-like and playful.</p>|3.9;3000|210|like_love:1080:38.0;like_like:970:34.2;like_ok:510:18.0;like_dislike:170:6.0;like_hate:110:3.9|price_way_overpriced:50:2.0;price_overpriced:100:3.9;price_ok:460:18.0;price_good_value:870:34.1;price_great_value:1070:42.0|gvotes_female:2050:75.6;gvotes_more_female:490:18.1;gvotes_unisex:140:5.2;gvotes_more_male:20:0.7;gvotes_male:10:0.4|longevity_very_weak:190:7.0;longevity_weak:540:19.9;longevity_moderate:1190:43.9;longevity_long_lasting:650:24.0;longevity_eternal:140:5.2|sillage_intimate:350:13.0;sillage_moderate:1350:50.0;sillage_strong:810:30.0;sillage_enormous:190:7.0|season_winter:1530:94.44;season_spring:900:55.56;season_summer:450:27.78;season_fall:1620:100.0|season_day:1500:100.0;season_night:1500:100.0|pros(Unusual coffee-caramel twist,72,3;Cheap for an eau de parfum,66,3;Cosy and fun,60,3)cons(Very sweet,33,2;Dries down to a simple musk,30,2)|||||
900064||Britney Spears;b13|Radiance|2010|gender_for_women||||||a17:100;a10:65;a20:55;a45:50;a13:50;a21:40;a6:35|top(n202,1.0,5.0)middle(n187,1.0,5.0;n6,0.95,4.75;n27,0.9,4.5;n161,0.85,4.25)base(n148,1.0,5.0;n11,0.95,4.75;n35,0.9,4.5)|Honorine Blanc;p31;Harry Fremont;p32|<p>A musky white floral of tuberose, jasmine and orange blossom with a berry opening and a soft iris note, drying down to cashmere wood, amber and musk. More floral and grown-up than the Fantasy line.</p>|3.8;3000|210|like_love:970:34.0;like_like:1000:35.1;like_ok:570:20.0;like_dislike:200:7.0;like_hate:110:3.9|price_way_overpriced:50:2.0;price_overpriced:100:3.9;price_ok:480:18.8;price_good_value:870:34.1;price_great_value:1050:41.2|gvotes_female:2160:80.0;gvotes_more_female:430:15.9;gvotes_unisex:90:3.3;gvotes_more_male:10:0.4;gvotes_male:10:0.4|longevity_very_weak:160:5.9;longevity_weak:460:17.0;longevity_moderate:1160:43.0;longevity_long_lasting:760:28.1;longevity_eternal:160:5.9|sillage_intimate:320:11.9;sillage_moderate:1300:48.1;sillage_strong:860:31.9;sillage_enormous:220:8.1|season_winter:990:64.71;season_spring:1530:100.0;season_summer:810:52.94;season_fall:1170:76.47|season_day:1560:100.0;season_night:1440:92.31|pros(Polished white florals,72,3;Lasts well for the price,66,3;Good for evenings,60,3)cons(Generic to some noses,33,2;Heavy in the heat,30,2)|||||
900065||Burberry;b14|Brit for Him|2004|gender_for_men||||||a14:100;a6:80;a7:60;a13:50;a3:45;a20:35|top(n24,1.0,5.0;n107,0.95,4.75;n3,0.9,4.5;n203,0.85,4.25)middle(n108,1.0,5.0;n9,0.95,4.75;n7,0.9,4.5)base(n30,1.0,5.0;n39,0.95,4.75;n35,0.9,4.5)||<p>Ginger, cardamom and green mandarin lead into nutmeg and cedar, settling on a soft tonka and grey musk base. Warm, gently spicy and quiet, it is an easy cooler-weather scent.</p>|3.9;6000|420|like_love:1700:29.8;like_like:2300:40.4;like_ok:1100:19.3;like_dislike:400:7.0;like_hate:200:3.5|price_way_overpriced:60:1.1;price_overpriced:150:2.7;price_ok:1100:20.0;price_good_value:2100:38.1;price_great_value:2100:38.1|gvotes_female:60:1.0;gvotes_more_female:120:2.1;gvotes_unisex:800:13.8;gvotes_more_male:1800:31.1;gvotes_male:3000:51.9|longevity_very_weak:700:12.0;longevity_weak:1900:32.5;longevity_moderate:2400:41.0;longevity_long_lasting:700:12.0;longevity_eternal:150:2.6|sillage_intimate:1500:27.8;sillage_moderate:3000:55.6;sillage_strong:800:14.8;sillage_enormous:100:1.9|season_winter:3500:83.33;season_spring:2300:54.76;season_summer:500:11.9;season_fall:4200:100.0|season_day:3400:100.0;season_night:2600:76.47|pros(Warm, comforting spice,144,6;Good value,132,6;Inoffensive for work,120,6)cons(Weak projection,66,3;Fades within a few hours,60,3)|||||
900066||Burberry;b14|Goddess|2023|gender_for_women||||||a12:100;a8:60;a7:50;a44:45;a13:45;a1:35|top(n13,1.0,5.0;n24,0.95,4.75;n204,0.9,4.5;n29,0.85,4.25)middle(n205,1.0,5.0)base(n139,1.0,5.0)|Amandine Clerc-Marie;p33|<p>A lavender-vanilla gourmand: aromatic lavender, ginger and a touch of cocoa open onto layered vanillas that carry the whole wear. Soft, warm and approachable.</p>|4.2;14572|1020|like_love:7200:49.6;like_like:4200:28.9;like_ok:1700:11.7;like_dislike:1100:7.6;like_hate:315:2.2|price_way_overpriced:614:6.0;price_overpriced:1534:14.9;price_ok:3988:38.8;price_good_value:3068:29.9;price_great_value:1074:10.4|gvotes_female:8897:72.8;gvotes_more_female:2454:20.1;gvotes_unisex:767:6.3;gvotes_more_male:61:0.5;gvotes_male:46:0.4|longevity_very_weak:307:2.5;longevity_weak:767:6.3;longevity_moderate:3681:30.4;longevity_long_lasting:5369:44.3;longevity_eternal:1994:16.5|sillage_intimate:383:3.4;sillage_moderate:3681:32.7;sillage_strong:5215:46.3;sillage_enormous:1994:17.7|season_winter:5600:91.8;season_spring:3700:60.66;season_summer:2400:39.34;season_fall:6100:100.0|season_day:5300:100.0;season_night:4600:86.79|pros(Comforting lavender-vanilla blend,349,15;Strong longevity,320,15;Refillable bottle,291,15)cons(Very vanilla-dominant,176,7;Heavy in hot weather,161,7;Similar to other lavender-vanilla launches,146,7)|||||
900067||Burberry;b14|Her|2018|gender_for_women||||||a10:100;a13:80;a20:50;a41:40;a12:35;a9:35;a6:25|top(n206,1.0,5.0;n115,0.95,4.75;n96,0.9,4.5;n197,0.85,4.25;n21,0.8,4.0;n42,0.75,3.75)middle(n153,1.0,5.0;n6,0.95,4.75)base(n35,1.0,5.0;n29,0.95,4.75;n207,0.9,4.5;n11,0.85,4.25;n18,0.8,4.0;n34,0.75,3.75)|Francis Kurkdjian;p34|<p>A juicy mixed-berry fragrance softened with violet and a cosy musky base, youthful and fun. Think berry jam on a cloud.</p>|3.8;13000|910|like_love:4500:36.6;like_like:4200:34.1;like_ok:2000:16.3;like_dislike:1000:8.1;like_hate:600:4.9|price_way_overpriced:300:4.2;price_overpriced:1200:16.9;price_ok:3000:42.3;price_good_value:1900:26.8;price_great_value:700:9.9|gvotes_female:8000:83.7;gvotes_more_female:1300:13.6;gvotes_unisex:200:2.1;gvotes_more_male:30:0.3;gvotes_male:30:0.3|longevity_very_weak:400:4.2;longevity_weak:1000:10.5;longevity_moderate:3000:31.6;longevity_long_lasting:3800:40.0;longevity_eternal:1300:13.7|sillage_intimate:600:6.9;sillage_moderate:3300:37.9;sillage_strong:3700:42.5;sillage_enormous:1100:12.6|season_winter:4500:64.29;season_spring:7000:100.0;season_summer:3000:42.86;season_fall:6000:85.71|season_day:7500:100.0;season_night:5000:66.67|pros(Fun berry sweetness,312,13;Good projection,286,13;Crowd pleasing,260,13)cons(Very sweet for some,143,7;Not especially sophisticated,130,7)|||||
900068||Burberry;b14|Hero|2021|gender_for_men||||||a6:100;a3:65;a7:60;a1:50;a49:45;a20:30|middle(n3,1.0,5.0;n8,0.95,4.75;n54,0.9,4.5;n101,0.85,4.25;n208,0.8,4.0;n209,0.75,3.75)||<p>A clean, dry woody scent that layers three cedars under a brief bergamot and juniper opening, with a touch of black pepper. Straightforward and fresh, it suits daytime and office wear.</p>|3.8;6000|420|like_love:1800:31.0;like_like:2300:39.7;like_ok:1200:20.7;like_dislike:350:6.0;like_hate:150:2.6|price_way_overpriced:250:4.5;price_overpriced:600:10.8;price_ok:2000:36.0;price_good_value:1800:32.4;price_great_value:900:16.2|gvotes_female:40:0.7;gvotes_more_female:60:1.1;gvotes_unisex:600:10.5;gvotes_more_male:2000:35.1;gvotes_male:3000:52.6|longevity_very_weak:250:4.5;longevity_weak:800:14.5;longevity_moderate:2400:43.6;longevity_long_lasting:1700:30.9;longevity_eternal:350:6.4|sillage_intimate:400:7.5;sillage_moderate:2600:48.6;sillage_strong:1900:35.5;sillage_enormous:450:8.4|season_winter:1800:42.86;season_spring:4200:100.0;season_summer:3000:71.43;season_fall:3000:71.43|season_day:5000:100.0;season_night:1500:30.0|pros(Clean, dry cedar profile,144,6;Safe for work,132,6;Easy to wear year-round,120,6)cons(Modest projection,66,3;Can feel plain,60,3)|||||
900069||Burberry;b14|London for Men|2006|gender_for_men||||||a28:100;a14:80;a23:60;a8:48;a1:45;a6:42;a16:40|top(n13,1.0,5.0;n3,0.95,4.75;n25,0.9,4.5)middle(n210,1.0,5.0;n85,0.95,4.75;n211,0.9,4.5)base(n55,1.0,5.0;n84,0.95,4.75;n70,0.9,4.5;n34,0.85,4.25)|Antoine Maisondieu;p35|<p>Cinnamon and lavender over port wine, soft leather and tobacco leaf, like a wool overcoat on a drizzly December evening. Understated, warm and comforting.</p>|3.9;6000|420|like_love:2200:37.6;like_like:2200:37.6;like_ok:1000:17.1;like_dislike:300:5.1;like_hate:150:2.6|price_way_overpriced:50:0.9;price_overpriced:150:2.8;price_ok:900:17.0;price_good_value:2000:37.7;price_great_value:2200:41.5|gvotes_female:50:1.0;gvotes_more_female:100:1.9;gvotes_unisex:700:13.3;gvotes_more_male:1600:30.5;gvotes_male:2800:53.3|longevity_very_weak:150:3.0;longevity_weak:600:11.9;longevity_moderate:2200:43.6;longevity_long_lasting:1700:33.7;longevity_eternal:400:7.9|sillage_intimate:350:7.0;sillage_moderate:2500:50.0;sillage_strong:1800:36.0;sillage_enormous:350:7.0|season_winter:4800:100.0;season_spring:700:14.58;season_summer:250:5.21;season_fall:4000:83.33|season_day:2500:78.13;season_night:3200:100.0|pros(Cosy spiced tobacco for little money,144,6;Warm but office-friendly,132,6;Easy to find discounted,120,6)cons(Moderate performance,72,3;Feels dated to some,66,3;Quiet after a few hours,60,3)|||||
900070||Burberry;b14|Mr. Burberry|2016|gender_for_men||||||a6:100;a1:80;a3:65;a7:55;a2:40;a43:35|top(n87,1.0,5.0;n212,0.95,4.75;n107,0.9,4.5)middle(n108,1.0,5.0;n213,0.95,4.75;n9,0.9,4.5)base(n70,1.0,5.0;n17,0.95,4.75;n16,0.9,4.5)|Francis Kurkdjian;p34|<p>Grapefruit and tarragon lead into nutmeg and birch leaf over a dry, faintly smoky base of cedar, guaiac wood and vetiver. Crisp and restrained, it leans traditional rather than sweet.</p>|3.8;5000|350|like_love:1400:28.6;like_like:2000:40.8;like_ok:1000:20.4;like_dislike:350:7.1;like_hate:150:3.1|price_way_overpriced:100:2.2;price_overpriced:300:6.7;price_ok:1400:31.1;price_good_value:1600:35.6;price_great_value:1100:24.4|gvotes_female:40:0.8;gvotes_more_female:60:1.2;gvotes_unisex:500:10.0;gvotes_more_male:1400:28.0;gvotes_male:3000:60.0|longevity_very_weak:400:8.2;longevity_weak:1300:26.8;longevity_moderate:2200:45.4;longevity_long_lasting:800:16.5;longevity_eternal:150:3.1|sillage_intimate:700:15.4;sillage_moderate:2600:57.1;sillage_strong:1100:24.2;sillage_enormous:150:3.3|season_winter:1000:31.25;season_spring:3200:100.0;season_summer:1700:53.13;season_fall:2900:90.63|season_day:3900:100.0;season_night:1200:30.77|pros(Refined, grown-up woody profile,120,5;Easy to wear to work,110,5;Often discounted,100,5)cons(Middling longevity,55,3;Understated to the point of forgettable,50,3)|||||
900071||Bvlgari;b15|Aqva Pour Homme|2005|gender_for_men||||||a4:100;a37:82;a3:62;a1:50;a2:42;a15:30|top(n42,1.0,5.0;n45,0.95,4.75)middle(n214,1.0,5.0;n215,0.95,4.75)base(n216,1.0,5.0;n160,0.95,4.75;n11,0.9,4.5)|Jacques Cavallier;p36|<p>A marine-mineral freshness of citrus and seaweed that evokes sea spray on sun-baked Mediterranean rocks. Cool, clean and at its best in blazing heat.</p>|3.9;6800|476|like_love:2400:35.8;like_like:2600:38.8;like_ok:1200:17.9;like_dislike:350:5.2;like_hate:150:2.2|price_way_overpriced:150:2.7;price_overpriced:450:8.0;price_ok:1600:28.6;price_good_value:2000:35.7;price_great_value:1400:25.0|gvotes_female:60:0.8;gvotes_more_female:100:1.4;gvotes_unisex:700:9.8;gvotes_more_male:1800:25.1;gvotes_male:4500:62.8|longevity_very_weak:700:11.2;longevity_weak:1600:25.6;longevity_moderate:2600:41.6;longevity_long_lasting:1100:17.6;longevity_eternal:250:4.0|sillage_intimate:1000:18.0;sillage_moderate:3000:54.1;sillage_strong:1300:23.4;sillage_enormous:250:4.5|season_winter:400:6.67;season_spring:4200:70.0;season_summer:6000:100.0;season_fall:800:13.33|season_day:6000:100.0;season_night:1100:18.33|pros(Realistic seaweed-and-sea-spray marine,164,7;Refreshing in scorching heat,150,7;Reasonably priced,136,7)cons(Marine note can feel synthetic,75,3;Average longevity,68,3)|||||
900072||Bvlgari;b15|Eau Parfumée au Thé Vert|1992|gender_for_women_and_men||||||a3:100;a2:80;a1:60;a7:50;a6:40;a9:35|top(n3,1.0,5.0;n2,0.95,4.75;n42,0.9,4.5;n107,0.85,4.25;n93,0.8,4.0;n27,0.75,3.75)middle(n38,1.0,5.0;n6,0.95,4.75;n7,0.9,4.5;n64,0.85,4.25)base(n35,1.0,5.0;n9,0.95,4.75;n17,0.9,4.5;n11,0.85,4.25)|Jean-Claude Ellena;p37|<p>A crisp, tea-soaked cologne of bergamot and cardamom over quiet florals. It is calming, clean and a little studious.</p>|3.9;5500|385|like_love:2400:44.7;like_like:1800:33.5;like_ok:800:14.9;like_dislike:250:4.7;like_hate:120:2.2|price_way_overpriced:60:1.2;price_overpriced:150:2.9;price_ok:1000:19.2;price_good_value:2000:38.4;price_great_value:2000:38.4|gvotes_female:700:12.7;gvotes_more_female:900:16.4;gvotes_unisex:3000:54.5;gvotes_more_male:600:10.9;gvotes_male:300:5.5|longevity_very_weak:700:13.1;longevity_weak:1500:28.0;longevity_moderate:2200:41.1;longevity_long_lasting:800:15.0;longevity_eternal:150:2.8|sillage_intimate:1400:27.5;sillage_moderate:2800:54.9;sillage_strong:800:15.7;sillage_enormous:100:2.0|season_winter:400:8.89;season_spring:4500:100.0;season_summer:4200:93.33;season_fall:800:17.78|season_day:5000:100.0;season_night:500:10.0|pros(Serene green-tea freshness,132,6;Affordable for the quality,121,6;Perfectly unisex,110,6)cons(Weak longevity,61,3;Low projection,55,3)|||||
900073||Bvlgari;b15|Man in Black|2014|gender_for_men||||||a14:100;a50:85;a23:75;a15:65;a13:55;a6:48;a21:38|top(n217,1.0,5.0;n174,0.95,4.75)middle(n85,1.0,5.0;n161,0.95,4.75;n187,0.9,4.5)base(n70,1.0,5.0;n30,0.95,4.75;n90,0.9,4.5)|Alberto Morillas;p38|<p>Boozy rum and spices over supple leather and resinous tonka-benzoin. Dark, warm and luxurious, like a velvet armchair in a dim cocktail lounge.</p>|4.2;10000|700|like_love:5000:54.3;like_like:2800:30.4;like_ok:900:9.8;like_dislike:300:3.3;like_hate:200:2.2|price_way_overpriced:150:1.9;price_overpriced:500:6.2;price_ok:2200:27.3;price_good_value:3000:37.3;price_great_value:2200:27.3|gvotes_female:60:0.7;gvotes_more_female:40:0.5;gvotes_unisex:500:6.1;gvotes_more_male:1600:19.5;gvotes_male:6000:73.2|longevity_very_weak:150:1.7;longevity_weak:500:5.6;longevity_moderate:2800:31.3;longevity_long_lasting:4000:44.7;longevity_eternal:1500:16.8|sillage_intimate:400:4.7;sillage_moderate:3200:37.6;sillage_strong:3800:44.7;sillage_enormous:1100:12.9|season_winter:7000:100.0;season_spring:2200:31.43;season_summer:600:8.57;season_fall:6500:92.86|season_day:2500:31.25;season_night:8000:100.0|pros(Rich boozy warmth,240,10;Feels more expensive than it is,220,10;Long-lasting,200,10)cons(Too heavy for summer,110,5;Sweetness can dominate,100,5)|||||
900074||Byredo;b16|Bal d'Afrique|2009|gender_for_women_and_men||||||a3:100;a6:78;a9:62;a21:45;a20:44;a41:38;a15:35|top(n3,1.0,5.0;n2,0.95,4.75;n103,0.9,4.5;n218,0.85,4.25;n219,0.8,4.0)middle(n153,1.0,5.0;n6,0.95,4.75;n189,0.9,4.5)base(n16,1.0,5.0;n220,0.95,4.75;n35,0.9,4.5;n9,0.85,4.25)|Jérôme Epinette;p14|<p>Bergamot, lemon and neroli brightened by African marigold and buchu, then a soft floral heart of violet, jasmine and cyclamen over vetiver, cedar, black amber and musk. Sunny and warm-hearted, balancing citrus freshness with a gentle woody glow.</p>|4;9500|665|like_love:4200:44.7;like_like:3000:31.9;like_ok:1400:14.9;like_dislike:500:5.3;like_hate:300:3.2|price_way_overpriced:2000:31.5;price_overpriced:2000:31.5;price_ok:1700:26.8;price_good_value:450:7.1;price_great_value:200:3.1|gvotes_female:1400:16.2;gvotes_more_female:1700:19.7;gvotes_unisex:4800:55.5;gvotes_more_male:500:5.8;gvotes_male:250:2.9|longevity_very_weak:500:6.1;longevity_weak:1400:17.2;longevity_moderate:3700:45.4;longevity_long_lasting:2100:25.8;longevity_eternal:450:5.5|sillage_intimate:1000:13.8;sillage_moderate:3900:53.8;sillage_strong:2000:27.6;sillage_enormous:350:4.8|season_winter:1600:23.53;season_spring:6800:100.0;season_summer:5400:79.41;season_fall:3300:48.53|season_day:7300:100.0;season_night:1900:26.03|pros(Cheerful, easy-to-like character,228,10;Works in most seasons,209,10;Unisex and office-friendly,190,10)cons(Moderate longevity for the price,115,5;Wears close after a few hours,105,5;High retail price,95,5)|||||
900075||Byredo;b16|Bibliothèque|2017|gender_for_women_and_men||||||a10:100;a23:80;a41:65;a21:55;a12:50;a22:45;a6:40|top(n168,1.0,5.0;n136,0.95,4.75)middle(n141,1.0,5.0;n153,0.95,4.75)base(n18,1.0,5.0;n85,0.95,4.75;n29,0.9,4.5)||<p>Soft peach and plum melt into a dry floral heart of peony and violet, then drift onto supple leather, dusty patchouli and vanilla. Quiet and nostalgic, with a leathery warmth that suits its library-inspired name.</p>|4.1;5500|385|like_love:2800:52.5;like_like:1400:26.3;like_ok:650:12.2;like_dislike:300:5.6;like_hate:180:3.4|price_way_overpriced:1300:32.3;price_overpriced:1300:32.3;price_ok:1000:24.8;price_good_value:300:7.4;price_great_value:130:3.2|gvotes_female:900:17.0;gvotes_more_female:1100:20.8;gvotes_unisex:2800:52.8;gvotes_more_male:350:6.6;gvotes_male:150:2.8|longevity_very_weak:250:5.0;longevity_weak:700:13.9;longevity_moderate:2200:43.6;longevity_long_lasting:1500:29.7;longevity_eternal:400:7.9|sillage_intimate:700:14.4;sillage_moderate:2600:53.6;sillage_strong:1300:26.8;sillage_enormous:250:5.2|season_winter:3200:86.49;season_spring:1600:43.24;season_summer:400:10.81;season_fall:3700:100.0|season_day:3100:100.0;season_night:2000:64.52|pros(Distinctive fruity leather and violet blend,132,6;Cosy and comforting,121,6;Unisex and understated,110,6)cons(Soft projection,67,3;Fruit can seem synthetic to some,61,3;Expensive,55,3)|||||
900076||Byredo;b16|Blanche|2009|gender_for_women_and_men||||||a33:100;a17:70;a51:68;a20:60;a11:50;a21:45;a6:30|top(n221,1.0,5.0;n72,0.95,4.75;n19,0.9,4.5)middle(n141,1.0,5.0;n103,0.95,4.75;n153,0.9,4.5)base(n124,1.0,5.0;n35,0.95,4.75;n17,0.9,4.5)|Jérôme Epinette;p14|<p>Aldehydes, white flowers and soft musk give this a crisp, freshly laundered feel. It is spotless and serene.</p>|3.85;6000|420|like_love:2700:44.6;like_like:1800:29.8;like_ok:900:14.9;like_dislike:400:6.6;like_hate:250:4.1|price_way_overpriced:1300:28.0;price_overpriced:1500:32.3;price_ok:1300:28.0;price_good_value:400:8.6;price_great_value:150:3.2|gvotes_female:2800:48.6;gvotes_more_female:1500:26.0;gvotes_unisex:1300:22.6;gvotes_more_male:100:1.7;gvotes_male:60:1.0|longevity_very_weak:350:6.6;longevity_weak:900:17.0;longevity_moderate:2200:41.5;longevity_long_lasting:1500:28.3;longevity_eternal:350:6.6|sillage_intimate:1200:22.6;sillage_moderate:2800:52.8;sillage_strong:1100:20.8;sillage_enormous:200:3.8|season_winter:900:20.0;season_spring:4500:100.0;season_summer:3300:73.33;season_fall:1400:31.11|season_day:5200:100.0;season_night:600:11.54|pros(Ultimate clean-laundry scent,144,6;Unobtrusive in close quarters,132,6;Minimal and chic,120,6)cons(Expensive for a laundry style,66,3;Aldehydes can feel sharp,60,3)|||||
900077||Byredo;b16|Eleventh Hour|2018|gender_for_women_and_men||||||a10:100;a7:72;a6:65;a50:48;a13:42;a43:38;a3:32|top(n3,1.0,5.0;n222,0.95,4.75)middle(n217,1.0,5.0;n223,0.95,4.75;n224,0.9,4.5)base(n30,1.0,5.0;n148,0.95,4.75)||<p>Tingling Sichuan pepper and bergamot give way to a boozy rum, earthy carrot seed and wild fig heart, resting on tonka and cashmere wood. Unusual and slightly strange, it shifts between spicy, fruity and woody facets.</p>|3.9;2600|182|like_love:1000:38.5;like_like:800:30.8;like_ok:450:17.3;like_dislike:220:8.5;like_hate:130:5.0|price_way_overpriced:750:35.0;price_overpriced:700:32.7;price_ok:500:23.4;price_good_value:130:6.1;price_great_value:60:2.8|gvotes_female:250:9.8;gvotes_more_female:350:13.7;gvotes_unisex:1400:54.9;gvotes_more_male:350:13.7;gvotes_male:200:7.8|longevity_very_weak:150:6.3;longevity_weak:450:18.9;longevity_moderate:1100:46.2;longevity_long_lasting:550:23.1;longevity_eternal:130:5.5|sillage_intimate:300:14.0;sillage_moderate:1200:55.8;sillage_strong:550:25.6;sillage_enormous:100:4.7|season_winter:800:50.0;season_spring:1200:75.0;season_summer:500:31.25;season_fall:1600:100.0|season_day:1800:100.0;season_night:900:50.0|pros(Unusual pepper and fig profile,62,3;Conversation-starting character,57,3;Unisex and easy in cool seasons,52,3)cons(Carrot-seed note is polarizing,32,1;Modest projection,29,1;Expensive,26,1)|||||
900078||Byredo;b16|Gypsy Water|2008|gender_for_women_and_men||||||a6:100;a3:65;a7:52;a1:48;a49:42;a12:38;a21:30|top(n3,1.0,5.0;n2,0.95,4.75;n111,0.9,4.5;n225,0.85,4.25)middle(n23,1.0,5.0;n226,0.95,4.75;n71,0.9,4.5)base(n11,1.0,5.0;n29,0.95,4.75;n17,0.9,4.5)|Jérôme Epinette;p14|<p>Crisp lemon, bergamot and juniper drift over pine needles and a wisp of incense, then soften into powdery vanilla and sandalwood. Free-spirited and airy, it smells like a sunlit walk through the woods.</p>|3.8;8500|595|like_love:3700:44.2;like_like:2600:31.0;like_ok:1300:15.5;like_dislike:500:6.0;like_hate:280:3.3|price_way_overpriced:1600:35.8;price_overpriced:1500:33.6;price_ok:1000:22.4;price_good_value:250:5.6;price_great_value:120:2.7|gvotes_female:900:12.4;gvotes_more_female:1100:15.2;gvotes_unisex:4200:57.9;gvotes_more_male:700:9.7;gvotes_male:350:4.8|longevity_very_weak:900:14.8;longevity_weak:1900:31.1;longevity_moderate:2300:37.7;longevity_long_lasting:800:13.1;longevity_eternal:200:3.3|sillage_intimate:1900:32.8;sillage_moderate:2900:50.0;sillage_strong:800:13.8;sillage_enormous:200:3.4|season_winter:1900:33.93;season_spring:5600:100.0;season_summer:4300:76.79;season_fall:3900:69.64|season_day:6800:100.0;season_night:2000:29.41|pros(Fresh yet cosy balance,204,9;Easy to wear anywhere,187,9;Genuinely unisex,170,9)cons(Modest longevity,103,4;Projection softens after the first hour,94,4;High price for its performance,85,4)|||||
900079||Byredo;b16|Mojave Ghost|2014|gender_for_women_and_men||||||a6:100;a21:68;a20:60;a9:55;a10:38;a41:35;a15:30|top(n129,1.0,5.0;n227,0.95,4.75)middle(n132,1.0,5.0;n153,0.95,4.75;n17,0.9,4.5)base(n35,1.0,5.0;n11,0.95,4.75;n50,0.9,4.5)|Jérôme Epinette;p14|<p>A soft, powdery woody floral: magnolia and a hint of exotic fruit over cedar and musk. It drifts close to the body, like warm skin in dry desert air.</p>|3.9;6800|476|like_love:3000:44.6;like_like:2100:31.2;like_ok:1100:16.3;like_dislike:350:5.2;like_hate:180:2.7|price_way_overpriced:1200:31.9;price_overpriced:1300:34.6;price_ok:900:23.9;price_good_value:250:6.6;price_great_value:110:2.9|gvotes_female:1100:19.1;gvotes_more_female:1300:22.6;gvotes_unisex:2900:50.4;gvotes_more_male:300:5.2;gvotes_male:150:2.6|longevity_very_weak:500:10.3;longevity_weak:1200:24.7;longevity_moderate:2000:41.2;longevity_long_lasting:900:18.6;longevity_eternal:250:5.2|sillage_intimate:1500:31.6;sillage_moderate:2400:50.5;sillage_strong:700:14.7;sillage_enormous:150:3.2|season_winter:1500:32.61;season_spring:4600:100.0;season_summer:3200:69.57;season_fall:3000:65.22|season_day:5600:100.0;season_night:1400:25.0|pros(Quiet elegance,164,7;Very office-appropriate,150,7;Unusual fruity-woody powder,136,7)cons(Stays close to skin,82,3;Can fade sooner than expected,75,3;Pricey,68,3)|||||
900080||Byredo;b16|Rose of No Man's Land|2015|gender_for_women_and_men||||||a30:100;a7:60;a6:45;a21:40;a15:35;a20:30;a10:25|top(n19,1.0,5.0)middle(n228,1.0,5.0;n229,0.95,4.75)base(n176,1.0,5.0;n230,0.95,4.75)|Jérôme Epinette;p14|<p>A bright, peppery rose over soft papyrus and pale amber, modern and minimalist. It feels clean and self-assured rather than sweet.</p>|3.9;4000|280|like_love:1300:34.5;like_like:1400:37.1;like_ok:700:18.6;like_dislike:250:6.6;like_hate:120:3.2|price_way_overpriced:900:32.1;price_overpriced:1100:39.3;price_ok:600:21.4;price_good_value:150:5.4;price_great_value:50:1.8|gvotes_female:1300:35.0;gvotes_more_female:1100:29.6;gvotes_unisex:1100:29.6;gvotes_more_male:150:4.0;gvotes_male:60:1.6|longevity_very_weak:250:8.7;longevity_weak:700:24.4;longevity_moderate:1200:41.8;longevity_long_lasting:600:20.9;longevity_eternal:120:4.2|sillage_intimate:500:18.4;sillage_moderate:1500:55.1;sillage_strong:600:22.1;sillage_enormous:120:4.4|season_winter:900:33.33;season_spring:2700:100.0;season_summer:1300:48.15;season_fall:1400:51.85|season_day:2900:100.0;season_night:1000:34.48|pros(Crisp modern rose,96,4;Works in any setting,88,4;Easy to wear for anyone,80,4)cons(Average longevity,44,2;Expensive,40,2)|||||
900081||Byredo;b16|Super Cedar|2016|gender_for_women_and_men||||||a6:100;a20:55;a30:42;a43:35;a21:30|top(n7,1.0,5.0)middle(n209,1.0,5.0)base(n231,1.0,5.0;n35,0.95,4.75)|Jérôme Epinette;p14|<p>A minimalist cedar scent with a touch of rose up top and a clean musk and vetiver base, often likened to pencil shavings. Dry, airy and understated, it sits close to the skin.</p>|3.8;2800|196|like_love:900:32.8;like_like:950:34.7;like_ok:550:20.1;like_dislike:220:8.0;like_hate:120:4.4|price_way_overpriced:800:38.1;price_overpriced:700:33.3;price_ok:450:21.4;price_good_value:100:4.8;price_great_value:50:2.4|gvotes_female:250:8.9;gvotes_more_female:350:12.5;gvotes_unisex:1500:53.6;gvotes_more_male:450:16.1;gvotes_male:250:8.9|longevity_very_weak:300:12.3;longevity_weak:700:28.8;longevity_moderate:1000:41.2;longevity_long_lasting:350:14.4;longevity_eternal:80:3.3|sillage_intimate:700:31.7;sillage_moderate:1100:49.8;sillage_strong:350:15.8;sillage_enormous:60:2.7|season_winter:500:29.41;season_spring:1600:94.12;season_summer:900:52.94;season_fall:1700:100.0|season_day:2300:100.0;season_night:500:21.74|pros(Clean, minimal woody profile,68,3;Easy to wear anywhere,62,3;Genuinely unisex,56,3)cons(Weak longevity and projection,34,1;Simple for the price,31,1;Can read as generic cedar,28,1)|||||
900082||Cacharel;b17|Amor Amor|2003|gender_for_women||||||a10:100;a3:75;a9:60;a13:60;a30:50;a12:45;a20:40|top(n21,1.0,5.0;n94,0.95,4.75;n42,0.9,4.5;n87,0.85,4.25;n232,0.8,4.0;n3,0.75,3.75)middle(n7,1.0,5.0;n183,0.95,4.75;n6,0.9,4.5;n233,0.85,4.25;n64,0.8,4.0)base(n29,1.0,5.0;n30,0.95,4.75;n35,0.9,4.5;n11,0.85,4.25;n9,0.8,4.0)|Laurent Bruyère;p39;Dominique Ropion;p40|<p>A juicy cassis-citrus and apricot rose with a soft vanilla-amber finish. Bright, flirty and warm-hearted.</p>|3.9;9000|630|like_love:3800:42.2;like_like:3000:33.3;like_ok:1300:14.4;like_dislike:600:6.7;like_hate:300:3.3|price_way_overpriced:100:1.1;price_overpriced:200:2.2;price_ok:1200:13.3;price_good_value:3000:33.3;price_great_value:4500:50.0|gvotes_female:6000:69.0;gvotes_more_female:2000:23.0;gvotes_unisex:600:6.9;gvotes_more_male:60:0.7;gvotes_male:40:0.5|longevity_very_weak:400:4.4;longevity_weak:1500:16.7;longevity_moderate:3500:38.9;longevity_long_lasting:2800:31.1;longevity_eternal:800:8.9|sillage_intimate:1000:11.0;sillage_moderate:4000:44.0;sillage_strong:3200:35.2;sillage_enormous:900:9.9|season_winter:2000:30.77;season_spring:6500:100.0;season_summer:4500:69.23;season_fall:3500:53.85|season_day:6500:100.0;season_night:4000:61.54|pros(Cheerful and noticeable,216,9;Great price for the performance,198,9;Memorable red bottle,180,9)cons(Loud fruity opening,108,5;Can feel dated,99,5;Too sweet for some,90,5)|||||
900083||Cacharel;b17|Anaïs Anaïs|1978|gender_for_women||||||a17:100;a9:85;a2:55;a21:55;a11:45;a51:40;a3:35;a6:30|top(n234,1.0,5.0;n146,0.95,4.75;n44,0.9,4.5;n27,0.85,4.25;n3,0.8,4.0;n21,0.75,3.75)middle(n233,1.0,5.0;n64,0.95,4.75;n6,0.9,4.5;n235,0.85,4.25;n187,0.8,4.0;n7,0.75,3.75)base(n17,1.0,5.0;n11,0.95,4.75;n23,0.9,4.5;n9,0.85,4.25;n34,0.8,4.0;n35,0.75,3.75)|Roger Pellegrino;p41;Robert Gonnon;p42;Paul Léger;p43;Raymond Chaillan;p44|<p>A tender, powdery bouquet of lily and white flowers with a green sparkle. Innocent, soft and gently old-fashioned.</p>|3.9;9500|665|like_love:3800:39.2;like_like:3200:33.0;like_ok:1600:16.5;like_dislike:700:7.2;like_hate:400:4.1|price_way_overpriced:100:1.1;price_overpriced:250:2.8;price_ok:1500:16.9;price_good_value:3000:33.9;price_great_value:4000:45.2|gvotes_female:6500:70.7;gvotes_more_female:2000:21.8;gvotes_unisex:600:6.5;gvotes_more_male:50:0.5;gvotes_male:40:0.4|longevity_very_weak:500:5.4;longevity_weak:1800:19.4;longevity_moderate:4000:43.0;longevity_long_lasting:2400:25.8;longevity_eternal:600:6.5|sillage_intimate:1500:16.5;sillage_moderate:4500:49.5;sillage_strong:2500:27.5;sillage_enormous:600:6.6|season_winter:1800:22.5;season_spring:8000:100.0;season_summer:4000:50.0;season_fall:2500:31.25|season_day:8500:100.0;season_night:2000:23.53|pros(Timeless, gentle white floral,228,10;Affordable classic,209,10;Comforting and nostalgic,190,10)cons(Can smell dated,115,5;Differs from the vintage formula,105,5;Too powdery for some,95,5)|||||
900084||Calvin Klein;b18|CK One|1994|gender_for_women_and_men||||||a3:100;a11:80;a2:62;a1:55;a20:45;a10:35;a9:30|top(n2,1.0,5.0;n41,0.95,4.75;n3,0.9,4.5;n31,0.85,4.25;n42,0.8,4.0;n107,0.75,3.75;n236,0.7,3.5)middle(n64,1.0,5.0;n6,0.95,4.75;n153,0.9,4.5;n108,0.85,4.25;n7,0.8,4.0;n74,0.75,3.75;n63,0.7,3.5)base(n35,1.0,5.0;n9,0.95,4.75;n17,0.9,4.5;n34,0.85,4.25;n38,0.8,4.0;n11,0.75,3.75)|Alberto Morillas;p38;Harry Fremont;p32|<p>One of the first mass-market unisex hits: zesty lemon and bergamot over a soft green-tea and musk base. It is relaxed, easygoing and hard to dislike.</p>|3.65;17000|1190|like_love:5500:32.7;like_like:6000:35.7;like_ok:3500:20.8;like_dislike:1200:7.1;like_hate:600:3.6|price_way_overpriced:200:1.4;price_overpriced:600:4.1;price_ok:4000:27.0;price_good_value:5500:37.2;price_great_value:4500:30.4|gvotes_female:1500:9.6;gvotes_more_female:2000:12.8;gvotes_unisex:8000:51.3;gvotes_more_male:2600:16.7;gvotes_male:1500:9.6|longevity_very_weak:1800:11.6;longevity_weak:4200:27.1;longevity_moderate:6500:41.9;longevity_long_lasting:2500:16.1;longevity_eternal:500:3.2|sillage_intimate:2500:17.1;sillage_moderate:8000:54.8;sillage_strong:3500:24.0;sillage_enormous:600:4.1|season_winter:1200:9.23;season_spring:11000:84.62;season_summer:13000:100.0;season_fall:2500:19.23|season_day:15000:100.0;season_night:2000:13.33|pros(Inexpensive and easy,408,17;Genuinely unisex,374,17;Inoffensive in any setting,340,17)cons(Short longevity,187,9;Very common and a bit dated,170,9)|||||
900085||Calvin Klein;b18|Euphoria|2005|gender_for_women||||||a6:100;a9:85;a13:78;a21:62;a15:58;a10:55;a41:40|top(n237,1.0,5.0;n238,0.95,4.75;n41,0.9,4.5)middle(n239,1.0,5.0;n186,0.95,4.75;n240,0.9,4.5)base(n241,1.0,5.0;n11,0.95,4.75;n242,0.9,4.5;n120,0.85,4.25)|Carlos Benaïm;p29;Dominique Ropion;p40;Loc Dong;p28|<p>A dark, sultry fruity amber: tart pomegranate and persimmon lead into black orchid, lotus and champaca, then a creamy base of mahogany, amber, black violet and a whipped-cream accord. Dense, sweet and clearly evening-oriented.</p>|3.9;22000|1540|like_love:8500:42.5;like_like:6000:30.0;like_ok:3000:15.0;like_dislike:1500:7.5;like_hate:1000:5.0|price_way_overpriced:300:2.4;price_overpriced:700:5.6;price_ok:3500:28.0;price_good_value:4500:36.0;price_great_value:3500:28.0|gvotes_female:9000:69.5;gvotes_more_female:3000:23.2;gvotes_unisex:800:6.2;gvotes_more_male:80:0.6;gvotes_male:70:0.5|longevity_very_weak:400:2.5;longevity_weak:900:5.7;longevity_moderate:4500:28.5;longevity_long_lasting:7000:44.3;longevity_eternal:3000:19.0|sillage_intimate:500:3.4;sillage_moderate:4500:31.0;sillage_strong:7000:48.3;sillage_enormous:2500:17.2|season_winter:9000:90.0;season_spring:4500:45.0;season_summer:1500:15.0;season_fall:10000:100.0|season_day:5000:38.46;season_night:13000:100.0|pros(Distinctive dark fruity-amber character,528,22;Long-lasting and projecting,484,22;Inexpensive for its performance,440,22)cons(Can be cloying and heavy,242,11;Polarizing sweetness,220,11)|||||
900086||Calvin Klein;b18|Obsession for Women|1985|gender_for_women||||||a15:100;a14:82;a12:66;a26:50;a21:44;a6:40;a31:36|top(n42,1.0,5.0;n3,0.95,4.75;n168,0.9,4.5;n4,0.85,4.25;n2,0.8,4.0;n41,0.75,3.75)middle(n174,1.0,5.0;n93,0.95,4.75;n6,0.9,4.5;n27,0.85,4.25;n7,0.8,4.0;n17,0.75,3.75;n9,0.7,3.5)base(n11,1.0,5.0;n29,0.95,4.75;n35,0.9,4.5;n75,0.85,4.25;n16,0.8,4.0;n34,0.75,3.75;n23,0.7,3.5)|Jean Guichard;p45|<p>Dense spiced amber and vanilla with a resinous, slightly animalic depth beneath a brief citrus-peach opening. A heavy 1980s oriental that is warm, enveloping and loud.</p>|3.9;8000|560|like_love:2900:38.2;like_like:2300:30.3;like_ok:1300:17.1;like_dislike:700:9.2;like_hate:400:5.3|price_way_overpriced:100:1.5;price_overpriced:250:3.8;price_ok:1200:18.3;price_good_value:2200:33.6;price_great_value:2800:42.7|gvotes_female:4200:65.6;gvotes_more_female:1500:23.4;gvotes_unisex:600:9.4;gvotes_more_male:60:0.9;gvotes_male:40:0.6|longevity_very_weak:150:2.4;longevity_weak:400:6.5;longevity_moderate:1500:24.4;longevity_long_lasting:2700:43.9;longevity_eternal:1400:22.8|sillage_intimate:200:3.3;sillage_moderate:1500:24.6;sillage_strong:2800:45.9;sillage_enormous:1600:26.2|season_winter:4200:100.0;season_spring:900:21.43;season_summer:250:5.95;season_fall:3800:90.48|season_day:1800:45.0;season_night:4000:100.0|pros(Inexpensive for its richness,192,8;Excellent longevity,176,8;Cosy in cold weather,160,8)cons(Easy to overapply,88,4;Heavy and dated for some,80,4)|||||
900087||Carolina Herrera;b19|212 VIP Rosé|2014|gender_for_women||||||a9:100;a20:85;a10:80;a6:60;a13:50;a30:45;a7:35|top(n243,1.0,5.0;n19,0.95,4.75)middle(n244,1.0,5.0;n7,0.95,4.75)base(n110,1.0,5.0;n39,0.95,4.75)|Lucas Sieuzac;p7|<p>A fizzy scent built on a rosé-champagne accord and pink pepper, softened by peach blossom and rose over a clean base of woods and white musk. Light-hearted and sweet, with an unmistakable party mood.</p>|3.9;10000|700|like_love:3800:38.2;like_like:3400:34.2;like_ok:1800:18.1;like_dislike:600:6.0;like_hate:350:3.5|price_way_overpriced:250:4.1;price_overpriced:700:11.4;price_ok:2600:42.3;price_good_value:1800:29.3;price_great_value:800:13.0|gvotes_female:5500:75.5;gvotes_more_female:1400:19.2;gvotes_unisex:300:4.1;gvotes_more_male:40:0.5;gvotes_male:40:0.5|longevity_very_weak:400:5.9;longevity_weak:1200:17.6;longevity_moderate:3200:47.1;longevity_long_lasting:1600:23.5;longevity_eternal:400:5.9|sillage_intimate:500:7.9;sillage_moderate:3300:52.4;sillage_strong:2000:31.7;sillage_enormous:500:7.9|season_winter:1500:30.0;season_spring:5000:100.0;season_summer:5000:100.0;season_fall:2000:40.0|season_day:4800:100.0;season_night:4200:87.5|pros(Fun, fizzy fruity opening,240,10;Crowd-friendly sweetness,220,10;Wears easily in warm weather,200,10)cons(Generic to seasoned noses,110,5;Fades to a faint musk,100,5)|||||
900088||Carolina Herrera;b19|Bad Boy|2019|gender_for_men||||||a14:100;a7:80;a13:65;a44:55;a1:45;a3:40;a6:35|top(n245,1.0,5.0;n54,0.95,4.75;n3,0.9,4.5)middle(n47,1.0,5.0;n9,0.95,4.75)base(n30,1.0,5.0;n204,0.95,4.75)|Quentin Bisch;p3;Louise Turner;p46|<p>Opens with white and black pepper lifted by bergamot, moving into sage and cedar before a cocoa and tonka base. Spicy and lightly sweet, with a darker edge than many mainstream releases.</p>|3.9;9000|630|like_love:3200:36.6;like_like:3200:36.6;like_ok:1600:18.3;like_dislike:500:5.7;like_hate:250:2.9|price_way_overpriced:350:4.5;price_overpriced:800:10.2;price_ok:2800:35.7;price_good_value:2600:33.1;price_great_value:1300:16.6|gvotes_female:80:0.9;gvotes_more_female:150:1.8;gvotes_unisex:1100:12.9;gvotes_more_male:3000:35.2;gvotes_male:4200:49.2|longevity_very_weak:200:2.5;longevity_weak:700:8.6;longevity_moderate:3000:37.0;longevity_long_lasting:3300:40.7;longevity_eternal:900:11.1|sillage_intimate:300:3.6;sillage_moderate:3000:36.1;sillage_strong:3900:47.0;sillage_enormous:1100:13.3|season_winter:6000:100.0;season_spring:3500:58.33;season_summer:1200:20.0;season_fall:5800:96.67|season_day:4200:64.62;season_night:6500:100.0|pros(Distinct pepper-and-cocoa profile,216,9;Eye-catching lightning-bolt bottle,198,9;Good cool-weather performance,180,9)cons(Drydown can feel synthetic,99,5;Pepper opening is sharp,90,5)|||||
900089||Carolina Herrera;b19|Good Girl|2016|gender_for_women||||||a13:100;a17:80;a45:65;a12:55;a44:50;a25:45;a48:35|top(n169,1.0,5.0;n200,0.95,4.75;n3,0.9,4.5;n2,0.85,4.25)middle(n187,1.0,5.0;n78,0.95,4.75;n27,0.9,4.5;n246,0.85,4.25;n71,0.8,4.0)base(n30,1.0,5.0;n204,0.95,4.75;n29,0.9,4.5;n122,0.85,4.25;n17,0.8,4.0;n18,0.75,3.75)|Louise Turner;p46|<p>Tuberose and jasmine shaded with cocoa, roasted tonka and almond. It feels confident and a little two-faced in a good way, made for going out.</p>|3.9;22100|1547|like_love:9000:40.7;like_like:7000:31.7;like_ok:3500:15.8;like_dislike:1800:8.1;like_hate:800:3.6|price_way_overpriced:600:5.1;price_overpriced:2000:16.9;price_ok:5000:42.4;price_good_value:3000:25.4;price_great_value:1200:10.2|gvotes_female:13500:75.4;gvotes_more_female:3500:19.6;gvotes_unisex:700:3.9;gvotes_more_male:100:0.6;gvotes_male:100:0.6|longevity_very_weak:300:2.2;longevity_weak:900:6.5;longevity_moderate:3800:27.5;longevity_long_lasting:6500:47.1;longevity_eternal:2300:16.7|sillage_intimate:600:4.7;sillage_moderate:4200:32.8;sillage_strong:6000:46.9;sillage_enormous:2000:15.6|season_winter:11000:95.65;season_spring:4500:39.13;season_summer:1300:11.3;season_fall:11500:100.0|season_day:6000:44.44;season_night:13500:100.0|pros(Seductive tuberose-cocoa blend,530,22;Long-lasting,486,22;Eye-catching stiletto bottle,442,22)cons(Extremely popular,243,11;Can turn cloying if overapplied,221,11)|||||
900090||Carolina Herrera;b19|Good Girl Blush|2023|gender_for_women||||||a9:100;a12:90;a11:75;a3:70;a13:70;a52:60;a30:55;a25:55;a6:55;a1:50|top(n3,1.0,5.0;n52,0.95,4.75)middle(n141,1.0,5.0;n104,0.95,4.75)base(n29,1.0,5.0;n247,0.95,4.75)|Quentin Bisch;p3;Shyamala Maisondieu;p21;Christophe Raynaud;p10|<p>A soft floral take on Good Girl: bergamot and a hint of bitter almond lead into peony and ylang-ylang, settling on a smooth vanilla-coumarin base. Lighter and fresher than the original, without its dark cocoa and coffee.</p>|4.1;7349|514|like_love:3200:43.8;like_like:2300:31.5;like_ok:1000:13.7;like_dislike:620:8.5;like_hate:183:2.5|price_way_overpriced:420:6.7;price_overpriced:1050:16.7;price_ok:2520:40.0;price_good_value:1680:26.7;price_great_value:630:10.0|gvotes_female:5039:79.5;gvotes_more_female:1050:16.6;gvotes_unisex:210:3.3;gvotes_more_male:21:0.3;gvotes_male:21:0.3|longevity_very_weak:210:3.1;longevity_weak:630:9.4;longevity_moderate:2520:37.5;longevity_long_lasting:2520:37.5;longevity_eternal:840:12.5|sillage_intimate:315:5.3;sillage_moderate:2310:38.6;sillage_strong:2520:42.1;sillage_enormous:840:14.0|season_winter:1100:36.67;season_spring:3000:100.0;season_summer:2100:70.0;season_fall:1400:46.67|season_day:2900:100.0;season_night:1300:44.83|pros(Soft floral-vanilla blend,177,7;Easy daytime wear,162,7;Pretty pink bottle,147,7)cons(Sweet vanilla may feel generic,88,4;Much milder than Good Girl,81,4;Longevity varies,74,4)|||||
900091||Carolina Herrera;b19|Very Good Girl|2021|gender_for_women||||||a10:100;a30:70;a11:65;a12:60;a19:60;a53:55;a13:50|top(n248,1.0,5.0;n249,0.95,4.75)middle(n7,1.0,5.0)base(n29,1.0,5.0;n16,0.95,4.75)|Louise Turner;p46;Quentin Bisch;p3;Shyamala Maisondieu;p21|<p>A red-fruit take on Good Girl: tart red currant and lychee over a sweet rose, settling into vanilla with a dry vetiver edge. Brighter and fruitier than the original, without its tuberose and cocoa depth.</p>|4;7772|544|like_love:3100:40.1;like_like:2600:33.7;like_ok:1100:14.2;like_dislike:723:9.4;like_hate:202:2.6|price_way_overpriced:478:7.1;price_overpriced:1196:17.9;price_ok:2631:39.3;price_good_value:1794:26.8;price_great_value:598:8.9|gvotes_female:5141:77.6;gvotes_more_female:1196:18.1;gvotes_unisex:239:3.6;gvotes_more_male:24:0.4;gvotes_male:24:0.4|longevity_very_weak:239:3.5;longevity_weak:598:8.8;longevity_moderate:2391:35.1;longevity_long_lasting:2631:38.6;longevity_eternal:957:14.0|sillage_intimate:359:5.5;sillage_moderate:2272:34.5;sillage_strong:2870:43.6;sillage_enormous:1076:16.4|season_winter:1500:55.56;season_spring:2700:100.0;season_summer:2100:77.78;season_fall:2100:77.78|season_day:2500:100.0;season_night:2300:92.0|pros(Juicy red-fruit and rose opening,187,8;Good longevity,171,8;Striking red bottle,155,8)cons(Very sweet,94,4;Less distinctive than Good Girl,86,4;Can read young,78,4)|||||
900092||Cartier;b20|Pasha de Cartier|1992|gender_for_men||||||a1:100;a7:78;a8:66;a6:58;a3:44;a18:36|top(n13,1.0,5.0;n20,0.95,4.75;n250,0.9,4.5;n159,0.85,4.25;n42,0.8,4.0)middle(n93,1.0,5.0;n251,0.95,4.75)base(n34,1.0,5.0;n17,0.95,4.75;n18,0.9,4.5;n92,0.85,4.25)|Jacques Cavallier;p36|<p>A crisp mint and lavender opening with a spicy caraway-anise edge, drying down to sandalwood, patchouli and moss. A classic aromatic fougère with a clean, well-groomed feel.</p>|4;4500|315|like_love:1700:40.5;like_like:1500:35.7;like_ok:700:16.7;like_dislike:200:4.8;like_hate:100:2.4|price_way_overpriced:200:5.7;price_overpriced:500:14.3;price_ok:1200:34.3;price_good_value:1100:31.4;price_great_value:500:14.3|gvotes_female:40:0.9;gvotes_more_female:60:1.3;gvotes_unisex:400:8.5;gvotes_more_male:1600:34.0;gvotes_male:2600:55.3|longevity_very_weak:150:4.0;longevity_weak:500:13.3;longevity_moderate:1700:45.3;longevity_long_lasting:1100:29.3;longevity_eternal:300:8.0|sillage_intimate:400:11.4;sillage_moderate:1800:51.4;sillage_strong:1100:31.4;sillage_enormous:200:5.7|season_winter:1400:70.0;season_spring:1800:90.0;season_summer:900:45.0;season_fall:2000:100.0|season_day:2600:100.0;season_night:1300:50.0|pros(Refined, well-made fougère,108,5;Mint opening feels distinctive,99,5;Suits office and formal wear,90,5)cons(Style reads as old-school to younger wearers,50,2;Recent batches reported as lighter,45,2)|||||
900093||Chanel;b21|Allure|1996|gender_for_women||||||a3:100;a9:90;a17:75;a10:65;a12:55;a11:45;a6:40;a21:35|top(n2,1.0,5.0;n42,0.95,4.75;n168,0.9,4.5;n131,0.85,4.25;n3,0.8,4.0)middle(n146,1.0,5.0;n6,0.95,4.75;n132,0.9,4.5;n63,0.85,4.25;n185,0.8,4.0;n27,0.75,3.75;n141,0.7,3.5;n252,0.65,3.25)base(n29,1.0,5.0;n17,0.95,4.75;n11,0.9,4.5;n16,0.85,4.25;n18,0.8,4.0)|Jacques Polge;p47|<p>A softly blended floral where citrus and peach flow into magnolia, honeysuckle and jasmine over a smooth vanilla, vetiver and sandalwood base. Seamless and understated, it wears as one unified impression rather than distinct notes.</p>|4.07;6100|427|like_love:2584:40.5;like_like:2153:33.7;like_ok:1005:15.7;like_dislike:395:6.2;like_hate:251:3.9|price_way_overpriced:323:6.9;price_overpriced:789:16.8;price_ok:2009:42.7;price_good_value:1148:24.4;price_great_value:431:9.2|gvotes_female:4162:79.2;gvotes_more_female:718:13.7;gvotes_unisex:323:6.1;gvotes_more_male:29:0.6;gvotes_male:22:0.4|longevity_very_weak:179:3.3;longevity_weak:502:9.4;longevity_moderate:1794:33.6;longevity_long_lasting:2225:41.6;longevity_eternal:646:12.1|sillage_intimate:323:6.6;sillage_moderate:2153:43.8;sillage_strong:1938:39.4;sillage_enormous:502:10.2|season_winter:1866:47.28;season_spring:3947:100.0;season_summer:2153:54.55;season_fall:2799:70.91|season_day:4665:100.0;season_night:2296:49.22|pros(Smooth, seamless blend,146,6;Office-appropriate elegance,134,6;Good longevity,122,6)cons(Can feel old-fashioned to some,67,3;Lacks a standout note,61,3)|||||
900094||Chanel;b21|Allure Homme Sport|2004|gender_for_men||||||a3:100;a7:70;a33:60;a6:55;a4:50;a20:48;a12:40;a15:35|top(n94,1.0,5.0;n253,0.95,4.75;n5,0.9,4.5;n72,0.85,4.25)middle(n111,1.0,5.0;n103,0.95,4.75;n9,0.9,4.5)base(n30,1.0,5.0;n29,0.95,4.75;n110,0.9,4.5;n11,0.85,4.25;n16,0.8,4.0;n61,0.75,3.75)|Jacques Polge;p47|<p>Sparkling orange and sea air over a soft, creamy musk-and-tonka base. Fresh and energetic yet smooth, like a clean shirt after a morning swim.</p>|4.1;12000|840|like_love:5500:48.0;like_like:4000:34.9;like_ok:1300:11.4;like_dislike:400:3.5;like_hate:250:2.2|price_way_overpriced:400:4.4;price_overpriced:1500:16.5;price_ok:3800:41.8;price_good_value:2500:27.5;price_great_value:900:9.9|gvotes_female:90:0.9;gvotes_more_female:60:0.6;gvotes_unisex:900:8.5;gvotes_more_male:2000:19.0;gvotes_male:7500:71.1|longevity_very_weak:400:4.2;longevity_weak:1300:13.5;longevity_moderate:4200:43.8;longevity_long_lasting:3000:31.3;longevity_eternal:700:7.3|sillage_intimate:900:9.8;sillage_moderate:5000:54.3;sillage_strong:2800:30.4;sillage_enormous:500:5.4|season_winter:1500:15.0;season_spring:9000:90.0;season_summer:10000:100.0;season_fall:3000:30.0|season_day:11000:100.0;season_night:2500:22.73|pros(Clean and energizing,288,12;Smooth creamy drydown,264,12;Easy to wear anywhere,240,12)cons(Moderate longevity,132,6;Safe rather than exciting,120,6)|||||
900095||Chanel;b21|Bleu de Chanel Eau de Parfum|2014|gender_for_men||||||a3:100;a15:80;a6:78;a1:62;a7:60;a14:45;a24:35|top(n87,1.0,5.0;n2,0.95,4.75;n20,0.9,4.5;n19,0.85,4.25;n3,0.8,4.0;n72,0.75,3.75)middle(n24,1.0,5.0;n6,0.95,4.75;n108,0.9,4.5;n43,0.85,4.25)base(n23,1.0,5.0;n11,0.95,4.75;n9,0.9,4.5;n17,0.85,4.25;n18,0.8,4.0;n92,0.75,3.75)|Jacques Polge;p47|<p>Polished grapefruit and ginger settle into smooth sandalwood, cedar and a thread of incense. Confident and neat, it goes from boardroom to dinner without missing a beat.</p>|4.2;26000|1820|like_love:13000:52.4;like_like:8000:32.3;like_ok:2500:10.1;like_dislike:800:3.2;like_hate:500:2.0|price_way_overpriced:1200:6.6;price_overpriced:3200:17.6;price_ok:7000:38.5;price_good_value:4800:26.4;price_great_value:2000:11.0|gvotes_female:200:1.0;gvotes_more_female:100:0.5;gvotes_unisex:1000:4.8;gvotes_more_male:3500:16.8;gvotes_male:16000:76.9|longevity_very_weak:500:2.3;longevity_weak:1500:6.8;longevity_moderate:7500:34.1;longevity_long_lasting:10000:45.5;longevity_eternal:2500:11.4|sillage_intimate:1300:6.3;sillage_moderate:9000:43.3;sillage_strong:8500:40.9;sillage_enormous:2000:9.6|season_winter:9000:56.25;season_spring:16000:100.0;season_summer:10000:62.5;season_fall:14000:87.5|season_day:20000:100.0;season_night:11000:55.0|pros(Extremely versatile,624,26;Professional and polished,572,26;Smooth, well-blended,520,26)cons(Very widely worn,312,13;Some find it generic,286,13;Pricey,260,13)|||||
900096||Chanel;b21|Bleu de Chanel Parfum|2018|gender_for_men||||||a6:100;a3:70;a1:60;a15:55;a7:45;a20:35|middle(n17,1.0,5.0;n9,0.95,4.75)|Olivier Polge;p48|<p>A deeper, creamier reading of Bleu de Chanel in which the citrus-aromatic opening quickly gives way to smooth sandalwood and cedar. Polished and restrained, it wears closer to the skin and woodier than the Eau de Parfum.</p>|4.3;15000|1050|like_love:7000:50.7;like_like:4800:34.8;like_ok:1500:10.9;like_dislike:350:2.5;like_hate:150:1.1|price_way_overpriced:1300:10.7;price_overpriced:2600:21.5;price_ok:4500:37.2;price_good_value:2800:23.1;price_great_value:900:7.4|gvotes_female:100:0.7;gvotes_more_female:150:1.1;gvotes_unisex:1200:8.9;gvotes_more_male:4000:29.7;gvotes_male:8000:59.5|longevity_very_weak:300:2.5;longevity_weak:900:7.4;longevity_moderate:4200:34.4;longevity_long_lasting:5500:45.1;longevity_eternal:1300:10.7|sillage_intimate:900:7.4;sillage_moderate:6000:49.2;sillage_strong:4500:36.9;sillage_enormous:800:6.6|season_winter:7000:73.68;season_spring:9000:94.74;season_summer:6000:63.16;season_fall:9500:100.0|season_day:11000:100.0;season_night:7500:68.18|pros(Smooth, refined sandalwood-cedar base,360,15;Easy to wear in professional settings,330,15;Holds up from morning to evening,300,15)cons(Costs more than the other Bleu versions,165,8;Quieter projection than some expect,150,8)|||||
900097||Chanel;b21|Chance Eau de Parfum|2005|gender_for_women||||||a20:100;a22:95;a21:85;a17:80;a6:75;a53:70;a43:70;a12:65;a14:60;a36:60|top(n19,1.0,5.0)middle(n6,1.0,5.0;n161,0.95,4.75)base(n18,1.0,5.0;n110,0.95,4.75;n29,0.9,4.5)|Jacques Polge;p47|<p>A peppery floral chypre: pink pepper opens onto jasmine and powdery iris, drying down to earthy patchouli, white musk and a soft vanilla warmth. Cheerful yet polished, and warmer than the Eau Fraîche and Eau Tendre versions.</p>|4.1;6457|452|like_love:2700:41.7;like_like:2400:37.1;like_ok:515:8.0;like_dislike:748:11.6;like_hate:105:1.6|price_way_overpriced:528:10.7;price_overpriced:1174:23.8;price_ok:2054:41.7;price_good_value:880:17.8;price_great_value:294:6.0|gvotes_female:4109:76.3;gvotes_more_female:998:18.5;gvotes_unisex:235:4.4;gvotes_more_male:23:0.4;gvotes_male:18:0.3|longevity_very_weak:117:2.1;longevity_weak:294:5.2;longevity_moderate:1644:28.9;longevity_long_lasting:2642:46.4;longevity_eternal:998:17.5|sillage_intimate:176:3.4;sillage_moderate:1644:31.8;sillage_strong:2465:47.7;sillage_enormous:880:17.0|season_winter:1400:77.78;season_spring:1700:94.44;season_summer:1100:61.11;season_fall:1800:100.0|season_day:2000:100.0;season_night:1400:70.0|pros(Balanced floral-patchouli signature,155,6;Excellent longevity,142,6;Works across seasons,129,6)cons(Very widely worn,79,3;Musk can feel sharp,72,3;Expensive,65,3)|||||
900098||Chanel;b21|Chance Eau Fraîche|2007|gender_for_women||||||a3:100;a6:70;a11:60;a9:50;a22:40;a20:35;a7:30|top(n2,1.0,5.0;n9,0.95,4.75)middle(n254,1.0,5.0;n19,0.95,4.75;n6,0.9,4.5)base(n255,1.0,5.0;n18,0.95,4.75;n16,0.9,4.5;n11,0.85,4.25;n110,0.8,4.0;n161,0.75,3.75)|Jacques Polge;p47|<p>A crisp, citrusy take on the Chance line with water hyacinth and pink pepper over clean woods and patchouli. Sleek and energetic, it feels chic in summer heat without going sugary.</p>|3.95;14500|1015|like_love:6000:41.7;like_like:5000:34.7;like_ok:2200:15.3;like_dislike:800:5.6;like_hate:400:2.8|price_way_overpriced:500:4.8;price_overpriced:1800:17.1;price_ok:4500:42.9;price_good_value:2500:23.8;price_great_value:1200:11.4|gvotes_female:8000:65.8;gvotes_more_female:2800:23.0;gvotes_unisex:1200:9.9;gvotes_more_male:100:0.8;gvotes_male:50:0.4|longevity_very_weak:500:4.0;longevity_weak:1500:12.0;longevity_moderate:5000:40.0;longevity_long_lasting:4200:33.6;longevity_eternal:1300:10.4|sillage_intimate:800:6.8;sillage_moderate:5500:47.0;sillage_strong:4200:35.9;sillage_enormous:1200:10.3|season_winter:800:6.96;season_spring:11000:95.65;season_summer:11500:100.0;season_fall:2000:17.39|season_day:12500:100.0;season_night:3000:24.0|pros(Crisp citrus over polished woods,348,15;Long-lasting for a fresh scent,319,15;Chic and office-appropriate,290,15)cons(Pricey,160,7;Patchouli base can feel sharp,145,7)|||||
900099||Chanel;b21|Chance Eau Tendre|2010|gender_for_women||||||a10:100;a9:80;a17:60;a3:55;a20:50;a11:45;a6:30|top(n87,1.0,5.0;n142,0.95,4.75)middle(n234,1.0,5.0;n6,0.95,4.75)base(n110,1.0,5.0;n161,0.95,4.75;n209,0.9,4.5;n11,0.85,4.25)|Jacques Polge;p47|<p>A soft, sheer version of the Chance theme, with juicy quince and grapefruit over a light veil of jasmine and musk. It is cheerful but tidy.</p>|4;14000|980|like_love:6500:48.3;like_like:4200:31.2;like_ok:1800:13.4;like_dislike:600:4.5;like_hate:350:2.6|price_way_overpriced:800:7.6;price_overpriced:2000:19.0;price_ok:4000:38.1;price_good_value:2800:26.7;price_great_value:900:8.6|gvotes_female:10000:80.6;gvotes_more_female:1800:14.5;gvotes_unisex:500:4.0;gvotes_more_male:60:0.5;gvotes_male:50:0.4|longevity_very_weak:500:4.1;longevity_weak:1500:12.4;longevity_moderate:5000:41.3;longevity_long_lasting:4200:34.7;longevity_eternal:900:7.4|sillage_intimate:1200:10.3;sillage_moderate:6000:51.3;sillage_strong:3800:32.5;sillage_enormous:700:6.0|season_winter:1500:13.64;season_spring:11000:100.0;season_summer:7500:68.18;season_fall:3000:27.27|season_day:11500:100.0;season_night:2500:21.74|pros(Light and cheerful,336,14;Very office-appropriate,308,14;Polished, high-quality feel,280,14)cons(Pricey for a light scent,154,7;Fruity-floral style is not unique,140,7)|||||
900100||Chanel;b21|Coco|1984|gender_for_women||||||a14:100;a15:85;a31:60;a21:55;a9:45;a6:45;a13:40|top(n93,1.0,5.0;n42,0.95,4.75;n168,0.9,4.5;n6,0.85,4.25;n246,0.8,4.0)middle(n210,1.0,5.0;n56,0.95,4.75;n27,0.9,4.5;n7,0.85,4.25)base(n11,1.0,5.0;n92,0.95,4.75;n17,0.9,4.5;n30,0.85,4.25;n84,0.8,4.0;n29,0.75,3.75)|Jacques Polge;p47|<p>A baroque spicy amber of clove, mimosa and resinous labdanum, rich and theatrical yet impeccably tailored. It evokes candlelit dinners and velvet evening wear.</p>|4.15;7000|490|like_love:3800:56.7;like_like:1600:23.9;like_ok:600:9.0;like_dislike:400:6.0;like_hate:300:4.5|price_way_overpriced:400:8.9;price_overpriced:900:20.0;price_ok:1600:35.6;price_good_value:1100:24.4;price_great_value:500:11.1|gvotes_female:3800:63.8;gvotes_more_female:1300:21.8;gvotes_unisex:700:11.7;gvotes_more_male:100:1.7;gvotes_male:60:1.0|longevity_very_weak:80:1.5;longevity_weak:200:3.7;longevity_moderate:1000:18.6;longevity_long_lasting:2600:48.3;longevity_eternal:1500:27.9|sillage_intimate:100:2.0;sillage_moderate:900:18.4;sillage_strong:2600:53.1;sillage_enormous:1300:26.5|season_winter:4500:100.0;season_spring:900:20.0;season_summer:300:6.67;season_fall:3800:84.44|season_day:1500:30.0;season_night:5000:100.0|pros(Glamorous, opulent spice,168,7;Excellent longevity,154,7;Ideal for formal evenings,140,7)cons(Too heavy for hot days,77,4;Can feel old-fashioned,70,4)|||||
900101||Chanel;b21|Coco Mademoiselle|2001|gender_for_women||||||a3:100;a22:88;a6:70;a30:60;a43:50;a9:45;a21:35|top(n94,1.0,5.0;n42,0.95,4.75;n3,0.9,4.5;n27,0.85,4.25)middle(n228,1.0,5.0;n6,0.95,4.75;n210,0.9,4.5;n104,0.85,4.25)base(n18,1.0,5.0;n110,0.95,4.75;n29,0.9,4.5;n16,0.85,4.25;n30,0.8,4.0;n84,0.75,3.75)|Jacques Polge;p47|<p>Sparkling orange and rose settle into a crisp patchouli and musk base. It feels poised and confident, a modern classic.</p>|4.15;27000|1890|like_love:13000:48.1;like_like:8000:29.6;like_ok:3500:13.0;like_dislike:1500:5.6;like_hate:1000:3.7|price_way_overpriced:1500:9.3;price_overpriced:3500:21.6;price_ok:7000:43.2;price_good_value:3000:18.5;price_great_value:1200:7.4|gvotes_female:16000:82.5;gvotes_more_female:2500:12.9;gvotes_unisex:700:3.6;gvotes_more_male:80:0.4;gvotes_male:120:0.6|longevity_very_weak:600:3.2;longevity_weak:1400:7.4;longevity_moderate:6000:31.6;longevity_long_lasting:8000:42.1;longevity_eternal:3000:15.8|sillage_intimate:1500:8.3;sillage_moderate:8000:44.4;sillage_strong:6500:36.1;sillage_enormous:2000:11.1|season_winter:9000:60.0;season_spring:15000:100.0;season_summer:6000:40.0;season_fall:13000:86.67|season_day:17000:100.0;season_night:9000:52.94|pros(Extremely versatile,648,27;Strong, even projection,594,27;Polished from office to evening,540,27)cons(Very widely worn,324,14;Patchouli can feel sharp,297,14;Premium price,270,14)|||||
900102||Chanel;b21|Coco Mademoiselle Intense|2018|gender_for_women||||||a22:100;a12:80;a3:65;a15:60;a13:55;a6:48;a30:40;a31:35|top(n94,1.0,5.0;n3,0.95,4.75;n2,0.9,4.5)middle(n7,1.0,5.0;n6,0.95,4.75;n164,0.9,4.5)base(n18,1.0,5.0;n29,0.95,4.75;n30,0.9,4.5;n110,0.85,4.25;n92,0.8,4.0)|Olivier Polge;p48|<p>A deeper, more ambery Coco Mademoiselle: orange, bergamot and lemon over rose and jasmine, with the patchouli pushed forward and warmed by tonka, vanilla, labdanum and white musk. Polished and dense, and more evening-leaning than the original.</p>|4.1;12000|840|like_love:5500:52.6;like_like:3200:30.6;like_ok:1100:10.5;like_dislike:400:3.8;like_hate:250:2.4|price_way_overpriced:500:6.8;price_overpriced:1400:18.9;price_ok:3500:47.3;price_good_value:1500:20.3;price_great_value:500:6.8|gvotes_female:6000:74.3;gvotes_more_female:1600:19.8;gvotes_unisex:400:5.0;gvotes_more_male:40:0.5;gvotes_male:40:0.5|longevity_very_weak:150:1.8;longevity_weak:350:4.2;longevity_moderate:2000:24.1;longevity_long_lasting:4000:48.2;longevity_eternal:1800:21.7|sillage_intimate:250:3.1;sillage_moderate:2300:28.6;sillage_strong:4000:49.7;sillage_enormous:1500:18.6|season_winter:6500:92.86;season_spring:4500:64.29;season_summer:1800:25.71;season_fall:7000:100.0|season_day:5500:73.33;season_night:7500:100.0|pros(Richer, warmer take on a modern classic,288,12;Excellent longevity and projection,264,12;Elegant in cool weather,240,12)cons(Heavy in hot weather,132,6;Patchouli can feel dense,120,6)|||||
900103||Chanel;b21|Coco Noir|2012|gender_for_women||||||a14:100;a6:90;a3:85;a15:80;a22:75;a12:70;a30:70;a31:60|top(n87,1.0,5.0;n3,0.95,4.75;n94,0.9,4.5)middle(n7,1.0,5.0;n46,0.95,4.75;n6,0.9,4.5;n256,0.85,4.25;n168,0.8,4.0)base(n18,1.0,5.0;n17,0.95,4.75;n69,0.9,4.5;n30,0.85,4.25;n29,0.8,4.0;n110,0.75,3.75;n56,0.7,3.5;n90,0.65,3.25)|Jacques Polge;p47;Christopher Sheldrake;p49|<p>A dark, polished patchouli-rose: grapefruit, bergamot and orange open brightly before rose, jasmine, geranium and a hint of peach, and the base settles into patchouli, incense, sandalwood, tonka and vanilla with a warm clove edge. Dressy and composed, it reads best in the evening and in cooler months.</p>|4.1;12067|845|like_love:5300:43.7;like_like:4700:38.8;like_ok:597:4.9;like_dislike:1400:11.6;like_hate:119:1.0|price_way_overpriced:987:11.5;price_overpriced:2194:25.6;price_ok:3510:41.0;price_good_value:1426:16.7;price_great_value:439:5.1|gvotes_female:6582:60.2;gvotes_more_female:2852:26.1;gvotes_unisex:1316:12.0;gvotes_more_male:110:1.0;gvotes_male:66:0.6|longevity_very_weak:219:2.1;longevity_weak:548:5.3;longevity_moderate:2852:27.4;longevity_long_lasting:4936:47.4;longevity_eternal:1865:17.9|sillage_intimate:439:4.4;sillage_moderate:3510:35.6;sillage_strong:4388:44.4;sillage_enormous:1536:15.6|season_winter:3700:94.87;season_spring:1600:41.03;season_summer:880:22.56;season_fall:3900:100.0|season_day:2300:57.5;season_night:4000:100.0|pros(Refined patchouli-rose character,289,12;Long-lasting with good projection,265,12;Suits formal evenings,241,12)cons(Can feel mature or stern,145,6;Too dense for hot weather,133,6;Chanel pricing,121,6)|||||
900104||Chanel;b21|Cristalle|1974|gender_for_women||||||a3:100;a2:84;a18:66;a9:54;a11:46;a43:34|top(n2,1.0,5.0;n3,0.95,4.75;n42,0.9,4.5)middle(n234,1.0,5.0;n6,0.95,4.75)base(n34,1.0,5.0;n16,0.95,4.75)|Henri Robert;p50|<p>Tart citrus and cool green hyacinth over a dry base of oakmoss and vetiver. A crisp, understated green chypre that feels clean and composed rather than sweet.</p>|4.1;3600|252|like_love:1400:42.7;like_like:1100:33.5;like_ok:500:15.2;like_dislike:180:5.5;like_hate:100:3.0|price_way_overpriced:150:7.1;price_overpriced:400:19.0;price_ok:900:42.9;price_good_value:500:23.8;price_great_value:150:7.1|gvotes_female:1400:51.5;gvotes_more_female:700:25.7;gvotes_unisex:500:18.4;gvotes_more_male:80:2.9;gvotes_male:40:1.5|longevity_very_weak:150:5.5;longevity_weak:700:25.5;longevity_moderate:1300:47.3;longevity_long_lasting:500:18.2;longevity_eternal:100:3.6|sillage_intimate:400:16.8;sillage_moderate:1400:58.8;sillage_strong:500:21.0;sillage_enormous:80:3.4|season_winter:400:17.39;season_spring:2300:100.0;season_summer:1900:82.61;season_fall:800:34.78|season_day:2500:100.0;season_night:500:20.0|pros(Crisp and elegant for daytime,86,4;Quietly sophisticated,79,4;Suitable for work,72,4)cons(Mossy dryness is not for everyone,40,2;Modest longevity in the eau de toilette,36,2)|||||
900105||Chanel;b21|Cuir de Russie|1924|gender_for_women||||||a23:100;a21:72;a9:60;a24:52;a33:44;a36:40;a15:34|top(n72,1.0,5.0;n3,0.95,4.75;n42,0.9,4.5;n27,0.85,4.25)middle(n161,1.0,5.0;n6,0.95,4.75;n7,0.9,4.5;n104,0.85,4.25)base(n85,1.0,5.0;n33,0.95,4.75;n69,0.9,4.5;n11,0.85,4.25;n257,0.8,4.0;n29,0.75,3.75)|Ernest Beaux;p51|<p>Soft, smoky birch leather wrapped in powdery iris and floral warmth, with a light aldehydic lift at the start. It is supple and refined rather than rugged, and is worn by all genders.</p>|4.2;2900|203|like_love:1300:49.8;like_like:800:30.7;like_ok:300:11.5;like_dislike:130:5.0;like_hate:80:3.1|price_way_overpriced:150:9.5;price_overpriced:350:22.2;price_ok:700:44.3;price_good_value:300:19.0;price_great_value:80:5.1|gvotes_female:500:17.5;gvotes_more_female:500:17.5;gvotes_unisex:1300:45.6;gvotes_more_male:400:14.0;gvotes_male:150:5.3|longevity_very_weak:50:2.6;longevity_weak:150:7.7;longevity_moderate:700:35.9;longevity_long_lasting:800:41.0;longevity_eternal:250:12.8|sillage_intimate:200:10.0;sillage_moderate:1100:55.0;sillage_strong:600:30.0;sillage_enormous:100:5.0|season_winter:1400:93.33;season_spring:700:46.67;season_summer:250:16.67;season_fall:1500:100.0|season_day:1500:100.0;season_night:1100:73.33|pros(Elegant, polished leather,70,3;Wearable by anyone,64,3;Rich, layered drydown,58,3)cons(Expensive and only in select boutiques,32,1;Smoky birch may feel austere,29,1)|||||
900106||Chanel;b21|Gabrielle Chanel|2017|gender_for_women||||||a17:100;a3:90;a6:60;a13:55;a10:55;a20:50;a52:50;a21:50;a45:45|top(n87,1.0,5.0;n42,0.95,4.75;n21,0.9,4.5)middle(n27,1.0,5.0;n6,0.95,4.75;n104,0.9,4.5;n187,0.85,4.25;n28,0.8,4.0;n76,0.75,3.75;n19,0.7,3.5)base(n35,1.0,5.0;n17,0.95,4.75;n207,0.9,4.5;n74,0.85,4.25)|Olivier Polge;p48|<p>A bright, sheer white-floral bouquet of jasmine, tuberose, orange blossom and ylang-ylang, lifted by grapefruit, mandarin and blackcurrant and resting on soft musk, sandalwood and orris. Radiant and abstract rather than heady, with a clean, luminous feel.</p>|3.7;7957|557|like_love:2000:25.2;like_like:3400:42.9;like_ok:745:9.4;like_dislike:1700:21.4;like_hate:88:1.1|price_way_overpriced:955:17.3;price_overpriced:1804:32.7;price_ok:1910:34.6;price_good_value:637:11.5;price_great_value:212:3.8|gvotes_female:5517:77.7;gvotes_more_female:1273:17.9;gvotes_unisex:265:3.7;gvotes_more_male:27:0.4;gvotes_male:21:0.3|longevity_very_weak:318:4.6;longevity_weak:849:12.3;longevity_moderate:2758:40.0;longevity_long_lasting:2334:33.8;longevity_eternal:637:9.2|sillage_intimate:424:6.4;sillage_moderate:2758:41.9;sillage_strong:2652:40.3;sillage_enormous:743:11.3|season_winter:909:37.88;season_spring:2400:100.0;season_summer:1600:66.67;season_fall:1700:70.83|season_day:2600:100.0;season_night:861:33.12|pros(Luminous, polished white florals,191,8;Versatile daytime scent,175,8;Good projection,159,8)cons(Can feel abstract or generic,96,4;Expensive,88,4;Some find it sharp,80,4)|||||
900107||Chanel;b21|Gabrielle Chanel Essence|2019|gender_for_women||||||a17:100;a3:70;a10:60;a13:55;a6:45;a45:45;a52:40;a21:30|top(n258,1.0,5.0;n168,0.95,4.75;n172,0.9,4.5;n21,0.85,4.25;n45,0.8,4.0)middle(n32,1.0,5.0;n187,0.95,4.75;n104,0.9,4.5;n6,0.85,4.25;n27,0.8,4.0;n121,0.75,3.75)base(n35,1.0,5.0;n17,0.95,4.75;n29,0.9,4.5)|Olivier Polge;p48|<p>A white-floral bouquet of tuberose, jasmine, ylang-ylang and orange blossom, opened by citrus, peach and red fruit and resting on musk, sandalwood and vanilla. Richer and more rounded than the original Gabrielle, with a creamy floral warmth.</p>|4.06;4100|287|like_love:2100:44.7;like_like:1500:31.9;like_ok:700:14.9;like_dislike:250:5.3;like_hate:150:3.2|price_way_overpriced:450:12.5;price_overpriced:900:25.0;price_ok:1300:36.1;price_good_value:700:19.4;price_great_value:250:6.9|gvotes_female:3400:86.3;gvotes_more_female:400:10.2;gvotes_unisex:120:3.0;gvotes_more_male:10:0.3;gvotes_male:10:0.3|longevity_very_weak:120:2.9;longevity_weak:350:8.4;longevity_moderate:1300:31.2;longevity_long_lasting:1800:43.2;longevity_eternal:600:14.4|sillage_intimate:200:5.6;sillage_moderate:1300:36.1;sillage_strong:1600:44.4;sillage_enormous:500:13.9|season_winter:1500:46.88;season_spring:3200:100.0;season_summer:2200:68.75;season_fall:1900:59.38|season_day:3200:100.0;season_night:2400:75.0|pros(Rich, well-blended white florals,98,4;Fuller and more intense than the original Gabrielle,90,4;Polished and elegant,82,4)cons(Expensive,45,2;Heavy white florals can overwhelm,41,2)|||||
900108||Chanel;b21|N°19|1970|gender_for_women||||||a2:100;a36:80;a21:70;a6:55;a18:50;a9:48;a23:40|top(n44,1.0,5.0;n3,0.95,4.75;n103,0.9,4.5;n234,0.85,4.25)middle(n161,1.0,5.0;n7,0.95,4.75;n64,0.9,4.5;n256,0.85,4.25;n6,0.8,4.0;n104,0.75,3.75)base(n16,1.0,5.0;n34,0.95,4.75;n85,0.9,4.5;n17,0.85,4.25;n35,0.8,4.0;n9,0.75,3.75)|Henri Robert;p50|<p>A cool, crisp green chypre where bitter galbanum gives way to a silvery iris heart and a dry, mossy-leather finish. Poised and self-assured, it suits a confident woman who prefers understatement to sweetness.</p>|4.1;7500|525|like_love:4200:54.9;like_like:2000:26.1;like_ok:700:9.2;like_dislike:450:5.9;like_hate:300:3.9|price_way_overpriced:400:8.2;price_overpriced:1000:20.4;price_ok:1900:38.8;price_good_value:1100:22.4;price_great_value:500:10.2|gvotes_female:3800:58.2;gvotes_more_female:1500:23.0;gvotes_unisex:1000:15.3;gvotes_more_male:150:2.3;gvotes_male:80:1.2|longevity_very_weak:150:2.7;longevity_weak:450:8.2;longevity_moderate:1700:30.9;longevity_long_lasting:2500:45.5;longevity_eternal:700:12.7|sillage_intimate:500:8.8;sillage_moderate:2600:46.0;sillage_strong:2100:37.2;sillage_enormous:450:8.0|season_winter:2500:50.0;season_spring:5000:100.0;season_summer:2000:40.0;season_fall:4000:80.0|season_day:5500:100.0;season_night:2000:36.36|pros(Crisp, cool green elegance,180,8;Very office-appropriate,165,8;Distinctive iris-galbanum character,150,8)cons(Can feel austere or cold,83,4;Bitter opening not for everyone,75,4)|||||
900109||Chanel;b21|N°22|1922|gender_for_women||||||a33:100;a17:86;a21:70;a9:58;a51:48;a12:38;a45:32|top(n72,1.0,5.0)middle(n187,1.0,5.0;n6,0.95,4.75;n27,0.9,4.5;n104,0.85,4.25;n7,0.8,4.0)base(n16,1.0,5.0;n29,0.95,4.75;n23,0.9,4.5)|Ernest Beaux;p51|<p>A fizzy aldehydic opening melts into a creamy white-floral heart of tuberose and jasmine on a faint incense-vanilla base. Bright and powdery, it leans whiter and lighter than the better-known N°5.</p>|4.1;2400|168|like_love:1000:45.5;like_like:700:31.8;like_ok:300:13.6;like_dislike:120:5.5;like_hate:80:3.6|price_way_overpriced:100:8.5;price_overpriced:250:21.2;price_ok:500:42.4;price_good_value:250:21.2;price_great_value:80:6.8|gvotes_female:1500:71.8;gvotes_more_female:400:19.1;gvotes_unisex:150:7.2;gvotes_more_male:20:1.0;gvotes_male:20:1.0|longevity_very_weak:40:2.6;longevity_weak:120:7.9;longevity_moderate:600:39.7;longevity_long_lasting:600:39.7;longevity_eternal:150:9.9|sillage_intimate:150:9.7;sillage_moderate:800:51.6;sillage_strong:500:32.3;sillage_enormous:100:6.5|season_winter:700:53.85;season_spring:1300:100.0;season_summer:450:34.62;season_fall:700:53.85|season_day:1600:100.0;season_night:600:37.5|pros(Luminous, elegant aldehydic floral,58,2;Less heavy than many vintage-style florals,53,2;Beautiful creamy drydown,48,2)cons(Only sold in Chanel's exclusive line at a high price,26,1;Aldehydes read as old-fashioned to some,24,1)|||||
900110||Chanel;b21|N°5 Eau de Parfum|1986|gender_for_women||||||a33:100;a21:88;a17:72;a9:70;a3:52;a6:45;a20:40|top(n72,1.0,5.0;n104,0.95,4.75;n103,0.9,4.5;n3,0.85,4.25;n168,0.8,4.0;n2,0.75,3.75)middle(n161,1.0,5.0;n6,0.95,4.75;n7,0.9,4.5;n64,0.85,4.25)base(n17,1.0,5.0;n16,0.95,4.75;n29,0.9,4.5;n11,0.85,4.25;n35,0.8,4.0;n34,0.75,3.75)|Ernest Beaux;p51;Jacques Polge;p47|<p>The quintessential aldehydic floral: a sparkling, soapy-bright opening that softens into powdery jasmine and rose over a creamy sandalwood-vanilla base. It projects a composed, polished glamour that has defined 'perfume' for a century.</p>|4.05;21000|1470|like_love:12000:57.1;like_like:5000:23.8;like_ok:1800:8.6;like_dislike:1200:5.7;like_hate:1000:4.8|price_way_overpriced:1800:14.8;price_overpriced:3500:28.7;price_ok:4200:34.4;price_good_value:1800:14.8;price_great_value:900:7.4|gvotes_female:14000:72.4;gvotes_more_female:3500:18.1;gvotes_unisex:1500:7.8;gvotes_more_male:200:1.0;gvotes_male:150:0.8|longevity_very_weak:300:2.3;longevity_weak:700:5.3;longevity_moderate:3200:24.1;longevity_long_lasting:6500:48.9;longevity_eternal:2600:19.5|sillage_intimate:900:6.6;sillage_moderate:5200:38.0;sillage_strong:5800:42.3;sillage_enormous:1800:13.1|season_winter:9000:90.0;season_spring:8000:80.0;season_summer:3000:30.0;season_fall:10000:100.0|season_day:11000:100.0;season_night:10500:95.45|pros(Instantly recognizable icon,504,21;Polished, elegant aura,462,21;Long-lasting,420,21)cons(Can read dated to younger noses,252,11;Aldehydes are polarizing,231,11;Premium price,210,11)|||||
900111||Chanel;b21|N°5 L'Eau|2016|gender_for_women||||||a3:100;a33:85;a11:65;a6:50;a21:45;a52:40;a20:35|top(n72,1.0,5.0;n2,0.95,4.75;n42,0.9,4.5;n94,0.85,4.25;n3,0.8,4.0;n103,0.75,3.75)middle(n104,1.0,5.0;n6,0.95,4.75;n7,0.9,4.5)base(n110,1.0,5.0;n74,0.95,4.75;n9,0.9,4.5;n29,0.85,4.25)|Olivier Polge;p48|<p>A lighter, citrus-led reading of N°5: lemon, mandarin, orange and bergamot brighten the aldehydes, with ylang-ylang, jasmine and rose in the heart and a clean base of white musk, orris and cedar. Airy and modern while keeping the recognisable soapy-floral signature.</p>|3.9;9000|630|like_love:3200:39.0;like_like:2800:34.1;like_ok:1400:17.1;like_dislike:500:6.1;like_hate:300:3.7|price_way_overpriced:500:9.1;price_overpriced:1200:21.8;price_ok:2600:47.3;price_good_value:900:16.4;price_great_value:300:5.5|gvotes_female:4500:70.5;gvotes_more_female:1200:18.8;gvotes_unisex:600:9.4;gvotes_more_male:40:0.6;gvotes_male:40:0.6|longevity_very_weak:300:5.0;longevity_weak:1000:16.7;longevity_moderate:2800:46.7;longevity_long_lasting:1500:25.0;longevity_eternal:400:6.7|sillage_intimate:500:9.2;sillage_moderate:3000:55.0;sillage_strong:1600:29.4;sillage_enormous:350:6.4|season_winter:1200:21.82;season_spring:5500:100.0;season_summer:4500:81.82;season_fall:2000:36.36|season_day:6500:100.0;season_night:1500:23.08|pros(N°5 character in an easier, fresher form,216,9;Very office-friendly,198,9;Clean aldehydic sparkle,180,9)cons(Fades faster than the EDP,99,5;Aldehydes can read soapy or old-fashioned to some,90,5)|||||
900112||Chloé;b22|Chloé Eau de Parfum|2008|gender_for_women||||||a30:100;a21:80;a9:55;a11:50;a20:45;a6:35;a15:30|top(n141,1.0,5.0;n249,0.95,4.75;n63,0.9,4.5)middle(n7,1.0,5.0;n132,0.95,4.75;n64,0.9,4.5)base(n209,1.0,5.0;n11,0.95,4.75)|Michel Almairac;p52;Amandine Clerc-Marie;p33|<p>Clean, softly powdered rose lifted by peony and a hint of lychee, drying down to pale cedar and a trace of amber. Polished and graceful, it reads distinctly feminine without ever feeling heavy.</p>|3.9;16000|1120|like_love:6500:45.8;like_like:4200:29.6;like_ok:2000:14.1;like_dislike:900:6.3;like_hate:600:4.2|price_way_overpriced:500:4.5;price_overpriced:1500:13.4;price_ok:4500:40.2;price_good_value:3500:31.3;price_great_value:1200:10.7|gvotes_female:10000:80.8;gvotes_more_female:2000:16.2;gvotes_unisex:300:2.4;gvotes_more_male:40:0.3;gvotes_male:30:0.2|longevity_very_weak:250:2.3;longevity_weak:900:8.3;longevity_moderate:4000:36.9;longevity_long_lasting:4500:41.5;longevity_eternal:1200:11.1|sillage_intimate:500:4.8;sillage_moderate:4200:40.4;sillage_strong:4500:43.3;sillage_enormous:1200:11.5|season_winter:2500:22.73;season_spring:11000:100.0;season_summer:5000:45.45;season_fall:3500:31.82|season_day:11500:100.0;season_night:3500:30.43|pros(Fresh, powdery rose,384,16;Classy and polished,352,16;Office-appropriate,320,16)cons(Can smell soapy or sharp,176,8;Very common,160,8)|||||
900113||Chloé;b22|Nomade|2018|gender_for_women||||||a10:100;a18:80;a6:70;a9:55;a3:45;a43:35|top(n259,1.0,5.0;n3,0.95,4.75;n2,0.9,4.5)middle(n63,1.0,5.0;n168,0.95,4.75;n7,0.9,4.5;n6,0.85,4.25)base(n34,1.0,5.0;n18,0.95,4.75;n130,0.9,4.5;n17,0.85,4.25;n35,0.8,4.0)|Quentin Bisch;p3|<p>A modern chypre that pairs juicy mirabelle plum with oakmoss and warm woods. Confident, grounded and adventurous.</p>|3.95;6900|483|like_love:2700:39.1;like_like:2300:33.3;like_ok:1100:15.9;like_dislike:500:7.2;like_hate:300:4.3|price_way_overpriced:400:8.3;price_overpriced:900:18.8;price_ok:2000:41.7;price_good_value:1100:22.9;price_great_value:400:8.3|gvotes_female:4200:78.4;gvotes_more_female:800:14.9;gvotes_unisex:300:5.6;gvotes_more_male:30:0.6;gvotes_male:30:0.6|longevity_very_weak:200:3.3;longevity_weak:400:6.7;longevity_moderate:2000:33.3;longevity_long_lasting:2500:41.7;longevity_eternal:900:15.0|sillage_intimate:400:7.4;sillage_moderate:2400:44.4;sillage_strong:2000:37.0;sillage_enormous:600:11.1|season_winter:2200:48.89;season_spring:4500:100.0;season_summer:2200:48.89;season_fall:4500:100.0|season_day:5000:100.0;season_night:2000:40.0|pros(Unusual fruity chypre,166,7;Good performance,152,7;Works year-round,138,7)cons(Mossy base can feel old-school,83,3;Plum can be sharp,76,3;Less instantly crowd-pleasing,69,3)|||||
900114||Chloé;b22|Nomade Absolu de Parfum|2020|gender_for_women||||||a10:100;a18:78;a6:60;a43:50;a13:45;a20:35|top(n259,1.0,5.0)middle(n34,1.0,5.0;n95,0.95,4.75)base(n17,1.0,5.0;n35,0.95,4.75)|Quentin Bisch;p3|<p>A denser, darker version of Nomade that sets its ripe mirabelle plum against oakmoss and fruity davana, drying down to sandalwood and musk. The fruity-chypre structure is familiar, but warmer and more concentrated.</p>|3.9;2500|175|like_love:900:39.1;like_like:800:34.8;like_ok:400:17.4;like_dislike:130:5.7;like_hate:70:3.0|price_way_overpriced:80:5.8;price_overpriced:250:18.1;price_ok:650:47.1;price_good_value:300:21.7;price_great_value:100:7.2|gvotes_female:1300:69.3;gvotes_more_female:400:21.3;gvotes_unisex:150:8.0;gvotes_more_male:15:0.8;gvotes_male:10:0.5|longevity_very_weak:50:3.1;longevity_weak:130:8.0;longevity_moderate:600:36.8;longevity_long_lasting:650:39.9;longevity_eternal:200:12.3|sillage_intimate:100:6.7;sillage_moderate:650:43.3;sillage_strong:600:40.0;sillage_enormous:150:10.0|season_winter:1000:71.43;season_spring:1100:78.57;season_summer:400:28.57;season_fall:1400:100.0|season_day:1100:100.0;season_night:1100:100.0|pros(Richer and longer-lasting than Nomade EDP,55,3;Modern fruity-chypre character,50,3)cons(Oakmoss can feel dry and austere,28,1;Plum sweetness is heavier than in the original,25,1)|||||
900115||Clinique;b23|Aromatics Elixir|1971|gender_for_women||||||a1:100;a5:85;a30:70;a22:65;a18:60;a6:50;a43:40;a21:35|top(n260,1.0,5.0;n160,0.95,4.75;n93,0.9,4.5;n261,0.85,4.25;n72,0.8,4.0;n3,0.75,3.75)middle(n7,1.0,5.0;n6,0.95,4.75;n187,0.9,4.5;n104,0.85,4.25;n235,0.8,4.0;n74,0.75,3.75)base(n18,1.0,5.0;n34,0.95,4.75;n16,0.9,4.5;n17,0.85,4.25;n75,0.8,4.0;n35,0.75,3.75)|Bernard Chant;p12|<p>A bold herbal chypre where chamomile and rose meet a deep, earthy patchouli-moss base. Intellectual and commanding, it has a bittersweet, apothecary-like character all its own.</p>|4;5500|385|like_love:2600:48.1;like_like:1300:24.1;like_ok:600:11.1;like_dislike:450:8.3;like_hate:450:8.3|price_way_overpriced:80:2.0;price_overpriced:200:5.0;price_ok:900:22.6;price_good_value:1600:40.2;price_great_value:1200:30.2|gvotes_female:2400:46.6;gvotes_more_female:1100:21.4;gvotes_unisex:1300:25.2;gvotes_more_male:200:3.9;gvotes_male:150:2.9|longevity_very_weak:60:1.2;longevity_weak:150:3.1;longevity_moderate:700:14.6;longevity_long_lasting:2100:43.7;longevity_eternal:1800:37.4|sillage_intimate:100:2.3;sillage_moderate:700:15.9;sillage_strong:2000:45.5;sillage_enormous:1600:36.4|season_winter:3000:85.71;season_spring:1300:37.14;season_summer:400:11.43;season_fall:3500:100.0|season_day:2200:78.57;season_night:2800:100.0|pros(Bold herbal-rose chypre,132,6;Extraordinary longevity,121,6;Distinctive and memorable,110,6)cons(Can overwhelm in close spaces,61,3;Divisive medicinal-herbal facet,55,3)|||||
900116||Creed;b24|Absolu Aventus|2023|gender_for_men||||||a6:100;a10:85;a3:75;a14:65;a7:55;a15:50;a43:40|top(n3,1.0,5.0;n24,0.95,4.75;n87,0.9,4.5)middle(n107,1.0,5.0;n25,0.95,4.75;n31,0.9,4.5)base(n92,1.0,5.0;n16,0.95,4.75;n18,0.9,4.5)||<p>Bergamot, grapefruit and ginger with the familiar pineapple give way to cardamom and cinnamon, then a resinous, earthy base of labdanum, vetiver and patchouli. A darker, spicier and denser relative of Aventus.</p>|4.2;1500|105|like_love:641:45.0;like_like:456:32.0;like_ok:214:15.0;like_dislike:71:5.0;like_hate:43:3.0|price_way_overpriced:441:42.0;price_overpriced:336:32.0;price_ok:189:18.0;price_good_value:52:5.0;price_great_value:32:3.0|gvotes_female:27:2.0;gvotes_more_female:40:3.0;gvotes_unisex:270:20.0;gvotes_more_male:472:35.0;gvotes_male:540:40.0|longevity_very_weak:34:3.0;longevity_weak:90:8.0;longevity_moderate:360:32.0;longevity_long_lasting:472:42.0;longevity_eternal:169:15.0|sillage_intimate:90:8.0;sillage_moderate:394:35.0;sillage_strong:450:40.0;sillage_enormous:191:17.0|season_winter:675:64.29;season_spring:750:71.43;season_summer:450:42.86;season_fall:1050:100.0|season_day:900:92.31;season_night:975:100.0|pros(Richer and spicier than regular Aventus,36,2;Strong performance,33,2;Distinctive resinous dry-down,30,2)cons(Very high price,17,1;Heavier than regular Aventus in hot weather,15,1)|||||
900117||Creed;b24|Aventus|2010|gender_for_men||||||a10:100;a6:70;a24:55;a13:45;a3:40;a23:35;a18:30|top(n31,1.0,5.0;n3,0.95,4.75;n21,0.9,4.5;n22,0.85,4.25)middle(n33,1.0,5.0;n18,0.95,4.75;n6,0.9,4.5;n7,0.85,4.25)base(n35,1.0,5.0;n34,0.95,4.75;n36,0.9,4.5;n29,0.85,4.25)|Jean-Christophe Hérault;p53;Olivier Creed;p54;Erwin Creed;p55|<p>A smoky, fruity chypre where bright pineapple and blackcurrant meet birch smoke and musky oakmoss. Confident and polished, it is built to leave an impression.</p>|4.3;30000|2100|like_love:19000:64.8;like_like:6500:22.2;like_ok:2300:7.8;like_dislike:800:2.7;like_hate:700:2.4|price_way_overpriced:9500:40.9;price_overpriced:7000:30.2;price_ok:4200:18.1;price_good_value:1500:6.5;price_great_value:1000:4.3|gvotes_female:250:0.9;gvotes_more_female:350:1.3;gvotes_unisex:2300:8.6;gvotes_more_male:8000:29.7;gvotes_male:16000:59.5|longevity_very_weak:1200:4.6;longevity_weak:2500:9.7;longevity_moderate:8500:32.8;longevity_long_lasting:10500:40.5;longevity_eternal:3200:12.4|sillage_intimate:1500:6.0;sillage_moderate:8500:34.0;sillage_strong:11000:44.0;sillage_enormous:4000:16.0|season_winter:7500:37.5;season_spring:20000:100.0;season_summer:16000:80.0;season_fall:14000:70.0|season_day:23000:100.0;season_night:13000:56.52|pros(Widely complimented,720,30;Works day to night,660,30;Iconic, confident character,600,30)cons(Batch variation in smokiness and strength,360,15;Very expensive,330,15;Overexposed through countless clones,300,15)|||||
900118||Creed;b24|Aventus for Her|2016|gender_for_women||||||a10:100;a3:85;a30:75;a6:65;a7:55;a2:45;a20:40|top(n262,1.0,5.0;n3,0.95,4.75;n105,0.9,4.5)middle(n246,1.0,5.0;n19,0.95,4.75;n31,0.9,4.5)base(n18,1.0,5.0;n33,0.95,4.75;n35,0.9,4.5)||<p>Tart lemon and green apple open onto a rose heart sharpened with pink pepper and a touch of pineapple, then settle into patchouli, a faint birch smokiness and musk. A crisp fruity rose with a woody backbone, drier and less sugary than most feminine fruity florals.</p>|4;5500|385|like_love:2351:45.0;like_like:1672:32.0;like_ok:784:15.0;like_dislike:261:5.0;like_hate:157:3.0|price_way_overpriced:1155:30.0;price_overpriced:1270:33.0;price_ok:962:25.0;price_good_value:308:8.0;price_great_value:154:4.0|gvotes_female:2722:55.0;gvotes_more_female:1238:25.0;gvotes_unisex:742:15.0;gvotes_more_male:148:3.0;gvotes_male:99:2.0|longevity_very_weak:124:3.0;longevity_weak:330:8.0;longevity_moderate:1320:32.0;longevity_long_lasting:1732:42.0;longevity_eternal:619:15.0|sillage_intimate:619:15.0;sillage_moderate:2062:50.0;sillage_strong:1155:28.0;sillage_enormous:289:7.0|season_winter:1375:33.33;season_spring:4125:100.0;season_summer:3025:73.33;season_fall:2475:60.0|season_day:4400:100.0;season_night:2475:56.25|pros(Bright, polished fruity rose,132,6;Works from office to evening,121,6;Not overly sweet,110,6)cons(Expensive for the category,61,3;Patchouli base can feel sharp to some,55,3)|||||
900119||Creed;b24|Green Irish Tweed|1985|gender_for_men||||||a2:100;a1:80;a11:62;a41:50;a6:45;a3:38|top(n263,1.0,5.0;n14,0.95,4.75;n2,0.9,4.5;n3,0.85,4.25;n44,0.8,4.0)middle(n46,1.0,5.0;n13,0.95,4.75;n153,0.9,4.5)base(n17,1.0,5.0;n50,0.95,4.75;n133,0.9,4.5;n34,0.85,4.25)||<p>A crisp green fougère of violet, verbena and lemon over sandalwood, cedar and a soft ambery base. Clean, cool and polished, with a gentle herbal freshness.</p>|4.3;13000|910|like_love:7200:57.8;like_like:3500:28.1;like_ok:1200:9.6;like_dislike:350:2.8;like_hate:200:1.6|price_way_overpriced:3500:32.1;price_overpriced:3200:29.4;price_ok:2800:25.7;price_good_value:900:8.3;price_great_value:500:4.6|gvotes_female:150:1.2;gvotes_more_female:250:2.0;gvotes_unisex:1400:10.9;gvotes_more_male:3800:29.7;gvotes_male:7200:56.3|longevity_very_weak:300:2.8;longevity_weak:900:8.3;longevity_moderate:3800:34.9;longevity_long_lasting:4600:42.2;longevity_eternal:1300:11.9|sillage_intimate:600:5.7;sillage_moderate:4700:44.8;sillage_strong:4200:40.0;sillage_enormous:1000:9.5|season_winter:3500:31.82;season_spring:11000:100.0;season_summer:8000:72.73;season_fall:6500:59.09|season_day:11500:100.0;season_night:4000:34.78|pros(Classic clean green profile,312,13;Easy from office to weekend,286,13;Smooth, well-blended,260,13)cons(Expensive for a fresh scent,156,7;Reads old-fashioned to some,143,7;Batch differences often reported,130,7)|||||
900120||Creed;b24|Himalaya|2002|gender_for_men||||||a3:100;a6:80;a7:55;a1:48;a24:28|top(n2,1.0,5.0;n37,0.95,4.75;n3,0.9,4.5)middle(n264,1.0,5.0;n225,0.95,4.75;n108,0.9,4.5;n111,0.85,4.25;n13,0.8,4.0;n6,0.75,3.75)base(n17,1.0,5.0;n16,0.95,4.75;n50,0.9,4.5)||<p>A cool, dry citrus-woody scent: lemon, mandarin and bergamot over juniper and pepper, settling into sandalwood, vetiver and cedar. Understated and clean.</p>|3.95;3500|245|like_love:1200:37.7;like_like:1100:34.6;like_ok:600:18.9;like_dislike:180:5.7;like_hate:100:3.1|price_way_overpriced:1200:41.0;price_overpriced:900:30.7;price_ok:600:20.5;price_good_value:150:5.1;price_great_value:80:2.7|gvotes_female:40:1.1;gvotes_more_female:80:2.3;gvotes_unisex:600:17.0;gvotes_more_male:1000:28.4;gvotes_male:1800:51.1|longevity_very_weak:250:8.2;longevity_weak:600:19.7;longevity_moderate:1200:39.3;longevity_long_lasting:800:26.2;longevity_eternal:200:6.6|sillage_intimate:500:16.9;sillage_moderate:1500:50.8;sillage_strong:800:27.1;sillage_enormous:150:5.1|season_winter:700:26.92;season_spring:2600:100.0;season_summer:2500:96.15;season_fall:1400:53.85|season_day:2900:100.0;season_night:600:20.69|pros(Clean, understated citrus-woods,84,4;Easy office wear,77,4;Refined and inoffensive,70,4)cons(Soft projection for the price,39,2;Can feel thin and linear,35,2)|||||
900121||Creed;b24|Millésime Impérial|1995|gender_for_women_and_men||||||a3:100;a42:80;a4:70;a10:55;a6:45;a36:40;a20:35|top(n3,1.0,5.0;n21,0.95,4.75;n265,0.9,4.5)middle(n74,1.0,5.0;n266,0.95,4.75)base(n9,1.0,5.0;n35,0.95,4.75;n17,0.9,4.5)||<p>Bergamot and black currant with a green violet-leaf edge sit over a salty, mineral marine accord softened by orris, drying down to cedar, sandalwood and musk. A breezy, sea-air citrus that stays refined rather than sporty.</p>|4;3800|266|like_love:1624:45.0;like_like:1155:32.0;like_ok:542:15.0;like_dislike:180:5.0;like_hate:108:3.0|price_way_overpriced:1117:42.0;price_overpriced:851:32.0;price_ok:479:18.0;price_good_value:133:5.0;price_great_value:80:3.0|gvotes_female:410:12.0;gvotes_more_female:684:20.0;gvotes_unisex:1539:45.0;gvotes_more_male:513:15.0;gvotes_male:274:8.0|longevity_very_weak:142:5.0;longevity_weak:428:15.0;longevity_moderate:1282:45.0;longevity_long_lasting:798:28.0;longevity_eternal:200:7.0|sillage_intimate:855:30.0;sillage_moderate:1425:50.0;sillage_strong:456:16.0;sillage_enormous:114:4.0|season_winter:380:12.5;season_spring:2280:75.0;season_summer:3040:100.0;season_fall:950:31.25|season_day:3230:100.0;season_night:950:29.41|pros(Elegant salty-citrus freshness,92,4;Easy in hot weather,84,4;Genuinely unisex,76,4)cons(Very high price for a light scent,42,2;Projection fades fairly quickly,38,2)|||||
900122||Creed;b24|Original Santal|2005|gender_for_women_and_men||||||a1:100;a6:90;a14:70;a13:60;a7:55;a8:45;a21:35|top(n24,1.0,5.0;n225,0.95,4.75;n3,0.9,4.5;n15,0.85,4.25;n93,0.8,4.0;n42,0.75,3.75)middle(n13,1.0,5.0;n46,0.95,4.75;n27,0.9,4.5;n17,0.85,4.25)base(n34,1.0,5.0;n35,0.95,4.75;n30,0.9,4.5;n9,0.85,4.25)||<p>Juniper, ginger and herbs lead into a lavender and sandalwood heart, then a sweet tonka and musk base with a mossy edge. A warm, spiced sandalwood fougère with a slightly traditional barbershop feel.</p>|3.9;3500|245|like_love:1264:38.0;like_like:1130:34.0;like_ok:598:18.0;like_dislike:200:6.0;like_hate:133:4.0|price_way_overpriced:735:30.0;price_overpriced:808:33.0;price_ok:612:25.0;price_good_value:196:8.0;price_great_value:98:4.0|gvotes_female:126:4.0;gvotes_more_female:252:8.0;gvotes_unisex:1197:38.0;gvotes_more_male:945:30.0;gvotes_male:630:20.0|longevity_very_weak:79:3.0;longevity_weak:210:8.0;longevity_moderate:840:32.0;longevity_long_lasting:1102:42.0;longevity_eternal:394:15.0|sillage_intimate:210:8.0;sillage_moderate:919:35.0;sillage_strong:1050:40.0;sillage_enormous:446:17.0|season_winter:2275:86.67;season_spring:1050:40.0;season_summer:420:16.0;season_fall:2625:100.0|season_day:1750:71.43;season_night:2450:100.0|pros(Cosy spiced-wood warmth,84,4;Good presence in cool weather,77,4;Smooth, well-blended feel,70,4)cons(Can read old-fashioned,39,2;Too heavy for summer heat,35,2)|||||
900123||Creed;b24|Royal Oud|2011|gender_for_women_and_men||||||a6:100;a32:70;a7:55;a1:45;a3:40;a31:35;a24:30|top(n87,1.0,5.0;n107,0.95,4.75)middle(n267,1.0,5.0;n46,0.95,4.75)base(n68,1.0,5.0;n23,0.95,4.75;n90,0.9,4.5;n50,0.85,4.25)||<p>A light, dry oud framed by grapefruit, cardamom and angelica, with cedar and a soft incense-benzoin base. Airy and wearable, an oud for people who dislike heavy oud.</p>|4.1;5000|350|like_love:2300:47.7;like_like:1500:31.1;like_ok:700:14.5;like_dislike:200:4.1;like_hate:120:2.5|price_way_overpriced:1600:34.8;price_overpriced:1300:28.3;price_ok:1200:26.1;price_good_value:350:7.6;price_great_value:150:3.3|gvotes_female:250:5.0;gvotes_more_female:350:7.0;gvotes_unisex:2000:40.0;gvotes_more_male:1300:26.0;gvotes_male:1100:22.0|longevity_very_weak:150:3.3;longevity_weak:400:8.8;longevity_moderate:1700:37.4;longevity_long_lasting:1800:39.6;longevity_eternal:500:11.0|sillage_intimate:400:8.7;sillage_moderate:2000:43.5;sillage_strong:1800:39.1;sillage_enormous:400:8.7|season_winter:2500:78.13;season_spring:2600:81.25;season_summer:1200:37.5;season_fall:3200:100.0|season_day:3200:100.0;season_night:2500:78.13|pros(Approachable, clean take on oud,120,5;Office-friendly,110,5;Polished and versatile,100,5)cons(Too light for oud lovers,60,3;Expensive,55,3;Moderate projection,50,3)|||||
900124||Creed;b24|Silver Mountain Water|1995|gender_for_women_and_men||||||a3:100;a11:80;a2:65;a10:45;a20:40;a27:35;a6:30|top(n3,1.0,5.0;n42,0.95,4.75)middle(n38,1.0,5.0;n21,0.95,4.75)base(n35,1.0,5.0;n17,0.95,4.75;n45,0.9,4.5;n44,0.85,4.25)|Olivier Creed;p54|<p>Cool bergamot and mandarin brighten a green-tea heart with a tart blackcurrant edge, resting on clean musk and soft sandalwood. Its crisp, almost icy clarity makes it a refined choice for warm days.</p>|4.1;8500|595|like_love:4100:52.7;like_like:2300:29.6;like_ok:900:11.6;like_dislike:300:3.9;like_hate:180:2.3|price_way_overpriced:1700:31.2;price_overpriced:1900:34.9;price_ok:1400:25.7;price_good_value:300:5.5;price_great_value:150:2.8|gvotes_female:250:3.1;gvotes_more_female:400:4.9;gvotes_unisex:3300:40.5;gvotes_more_male:2500:30.7;gvotes_male:1700:20.9|longevity_very_weak:400:6.7;longevity_weak:1000:16.8;longevity_moderate:2700:45.4;longevity_long_lasting:1500:25.2;longevity_eternal:350:5.9|sillage_intimate:700:12.7;sillage_moderate:3000:54.5;sillage_strong:1500:27.3;sillage_enormous:300:5.5|season_winter:900:12.5;season_spring:6800:94.44;season_summer:7200:100.0;season_fall:2200:30.56|season_day:8000:100.0;season_night:1300:16.25|pros(Crisp, clean and refined,204,9;Great in heat and at the office,187,9;Unusual icy-metallic freshness,170,9)cons(Moderate longevity for the price,103,4;Musky base can read soapy,94,4;Not a statement scent,85,4)|||||
900125||Creed;b24|Viking|2017|gender_for_men||||||a7:100;a1:80;a3:62;a6:55;a14:45;a8:35|top(n3,1.0,5.0;n2,0.95,4.75;n94,0.9,4.5;n263,0.85,4.25;n19,0.8,4.0;n268,0.75,3.75)middle(n269,1.0,5.0;n56,0.95,4.75;n6,0.9,4.5;n13,0.85,4.25;n71,0.8,4.0;n246,0.75,3.75)base(n50,1.0,5.0;n30,0.95,4.75;n16,0.9,4.5;n110,0.85,4.25)||<p>A peppery, minty fougère where bright citrus and pink pepper meet clove, lavender and a hint of rose, finishing on vetiver and cedar. Brisk and energetic with a spicy bite.</p>|4.05;4500|315|like_love:1900:43.0;like_like:1500:33.9;like_ok:700:15.8;like_dislike:200:4.5;like_hate:120:2.7|price_way_overpriced:1600:39.5;price_overpriced:1200:29.6;price_ok:900:22.2;price_good_value:250:6.2;price_great_value:100:2.5|gvotes_female:40:0.9;gvotes_more_female:80:1.8;gvotes_unisex:600:13.3;gvotes_more_male:1400:31.0;gvotes_male:2400:53.1|longevity_very_weak:150:3.8;longevity_weak:450:11.3;longevity_moderate:1500:37.5;longevity_long_lasting:1500:37.5;longevity_eternal:400:10.0|sillage_intimate:300:7.4;sillage_moderate:1800:44.4;sillage_strong:1600:39.5;sillage_enormous:350:8.6|season_winter:1200:36.36;season_spring:3300:100.0;season_summer:2400:72.73;season_fall:2200:66.67|season_day:3500:100.0;season_night:1300:37.14|pros(Lively pepper-mint freshness,108,5;Versatile across seasons,99,5;Clean, confident character,90,5)cons(Expensive,55,2;Less distinctive than Aventus,50,2;Sharp mint-and-pepper opening,45,2)|||||
900126||Creed;b24|Virgin Island Water|2007|gender_for_women_and_men||||||a3:100;a39:78;a19:70;a50:55;a13:50;a11:42;a17:35|top(n151,1.0,5.0;n121,0.95,4.75;n42,0.9,4.5;n3,0.85,4.25)middle(n270,1.0,5.0;n24,0.95,4.75;n6,0.9,4.5;n104,0.85,4.25)base(n271,1.0,5.0;n272,0.95,4.75;n35,0.9,4.5)|Olivier Creed;p54;Erwin Creed;p55|<p>Lime, coconut and a splash of white rum over tropical florals, like a beach cocktail served in a bottle. Carefree and sunny, it channels island holidays.</p>|4.1;5800|406|like_love:2800:46.3;like_like:2000:33.1;like_ok:800:13.2;like_dislike:300:5.0;like_hate:150:2.5|price_way_overpriced:1400:26.9;price_overpriced:1600:30.8;price_ok:1500:28.8;price_good_value:500:9.6;price_great_value:200:3.8|gvotes_female:500:9.1;gvotes_more_female:700:12.7;gvotes_unisex:2800:50.9;gvotes_more_male:900:16.4;gvotes_male:600:10.9|longevity_very_weak:400:7.2;longevity_weak:1100:19.8;longevity_moderate:2400:43.2;longevity_long_lasting:1300:23.4;longevity_eternal:350:6.3|sillage_intimate:700:12.7;sillage_moderate:2800:50.9;sillage_strong:1600:29.1;sillage_enormous:400:7.3|season_winter:300:5.45;season_spring:3500:63.64;season_summer:5500:100.0;season_fall:500:9.09|season_day:5200:100.0;season_night:1500:28.85|pros(Lime-coconut beach cocktail vibe,140,6;Joyful and summery,128,6;Distinctive among fresh scents,116,6)cons(Very expensive,64,3;Too vacation-like for the office,58,3)|||||
900127||Davidoff;b25|Adventure|2008|gender_for_men||||||a3:100;a6:85;a7:65;a20:45;a2:40;a34:30|top(n42,1.0,5.0;n111,0.95,4.75;n2,0.9,4.5;n3,0.85,4.25;n273,0.8,4.0;n274,0.75,3.75)middle(n83,1.0,5.0;n275,0.95,4.75)base(n16,1.0,5.0;n9,0.95,4.75;n110,0.9,4.5)|Antoine Lie;p56|<p>Citrus, pepper and a green, tea-like mate note open onto a toasted sesame and pimento heart, then a smooth base of cedar, vetiver and white musk. Mild and well mannered, it is far tamer than its rugged name suggests.</p>|3.8;6000|420|like_love:1700:30.8;like_like:2200:39.9;like_ok:1200:21.7;like_dislike:300:5.4;like_hate:120:2.2|price_way_overpriced:50:1.0;price_overpriced:100:1.9;price_ok:700:13.6;price_good_value:1700:33.0;price_great_value:2600:50.5|gvotes_female:30:0.5;gvotes_more_female:70:1.2;gvotes_unisex:600:10.2;gvotes_more_male:1800:30.5;gvotes_male:3400:57.6|longevity_very_weak:400:7.8;longevity_weak:1300:25.5;longevity_moderate:2300:45.1;longevity_long_lasting:900:17.6;longevity_eternal:200:3.9|sillage_intimate:800:17.0;sillage_moderate:2600:55.3;sillage_strong:1100:23.4;sillage_enormous:200:4.3|season_winter:900:23.68;season_spring:3800:100.0;season_summer:3200:84.21;season_fall:2000:52.63|season_day:4600:100.0;season_night:1000:21.74|pros(Smooth citrus-woods blend,144,6;Cheap and easy to wear,132,6;Clean musky drydown,120,6)cons(Very safe rather than adventurous,66,3;Moderate longevity,60,3)|||||
900128||Davidoff;b25|Champion|2010|gender_for_men||||||a3:100;a6:80;a1:70;a2:60;a7:45;a18:35|top(n3,1.0,5.0;n2,0.95,4.75)middle(n44,1.0,5.0;n160,0.95,4.75)base(n34,1.0,5.0;n9,0.95,4.75)|Aurélien Guichard;p57|<p>Lemon and bergamot over a green galbanum and clary sage heart, finishing on dry cedar with a light touch of oakmoss. A crisp, uncomplicated sporty freshie.</p>|3.7;9000|630|like_love:2300:29.5;like_like:3000:38.5;like_ok:1800:23.1;like_dislike:500:6.4;like_hate:200:2.6|price_way_overpriced:80:1.0;price_overpriced:150:2.0;price_ok:900:11.8;price_good_value:2300:30.1;price_great_value:4200:55.0|gvotes_female:40:0.5;gvotes_more_female:80:0.9;gvotes_unisex:700:8.1;gvotes_more_male:2600:30.2;gvotes_male:5200:60.3|longevity_very_weak:800:10.5;longevity_weak:2200:28.8;longevity_moderate:3300:43.1;longevity_long_lasting:1100:14.4;longevity_eternal:250:3.3|sillage_intimate:1200:17.9;sillage_moderate:3600:53.7;sillage_strong:1600:23.9;sillage_enormous:300:4.5|season_winter:700:12.5;season_spring:5000:89.29;season_summer:5600:100.0;season_fall:1800:32.14|season_day:6200:100.0;season_night:900:14.52|pros(Crisp green-citrus freshness,216,9;Very cheap for the bottle size,198,9;Easy for gym and daytime,180,9)cons(Fades within a few hours,99,5;Generic sport-freshie profile,90,5)|||||
900129||Davidoff;b25|Cool Water|1988|gender_for_men||||||a1:100;a37:82;a4:60;a8:55;a7:50;a2:42;a6:38|top(n276,1.0,5.0;n13,0.95,4.75;n20,0.9,4.5;n41,0.85,4.25;n15,0.8,4.0;n93,0.75,3.75)middle(n17,1.0,5.0;n103,0.95,4.75;n6,0.9,4.5;n46,0.85,4.25)base(n35,1.0,5.0;n34,0.95,4.75;n9,0.9,4.5;n60,0.85,4.25;n11,0.8,4.0)|Pierre Bourdon;p58|<p>The late-80s blueprint for fresh aquatics: cool mint, lavender and sea air over a mossy, musky base. Brisk and invigorating on a hot day.</p>|3.75;15500|1085|like_love:4200:30.2;like_like:5000:36.0;like_ok:3000:21.6;like_dislike:1100:7.9;like_hate:600:4.3|price_way_overpriced:100:0.8;price_overpriced:300:2.4;price_ok:1800:14.2;price_good_value:4000:31.5;price_great_value:6500:51.2|gvotes_female:100:0.7;gvotes_more_female:150:1.1;gvotes_unisex:1000:7.0;gvotes_more_male:3500:24.6;gvotes_male:9500:66.7|longevity_very_weak:800:6.2;longevity_weak:2200:17.1;longevity_moderate:5500:42.6;longevity_long_lasting:3500:27.1;longevity_eternal:900:7.0|sillage_intimate:1200:10.4;sillage_moderate:5500:47.8;sillage_strong:3800:33.0;sillage_enormous:1000:8.7|season_winter:800:7.27;season_spring:8000:72.73;season_summer:11000:100.0;season_fall:1500:13.64|season_day:11500:100.0;season_night:2500:21.74|pros(Genre-defining aquatic fougere,372,16;Cheap and easy to find,341,16;Strong for the price,310,16)cons(Smells dated to some,187,8;Harsh synthetic opening,171,8;Ubiquitous,155,8)|||||
900130||Davidoff;b25|Cool Water Woman|1996|gender_for_women||||||a11:100;a9:85;a10:75;a37:70;a54:55;a13:40|top(n43,1.0,5.0;n31,0.95,4.75;n142,0.9,4.5;n2,0.85,4.25;n21,0.8,4.0)middle(n186,1.0,5.0;n185,0.95,4.75;n28,0.9,4.5;n6,0.85,4.25;n7,0.8,4.0)base(n35,1.0,5.0;n17,0.95,4.75;n16,0.9,4.5;n168,0.85,4.25;n29,0.8,4.0)|Pierre Bourdon;p58|<p>An aquatic floral that opens with melon, pineapple and quince, moves into a watery heart of lotus, water lily and lily-of-the-valley, and settles on musk, sandalwood and a little vanilla. It is the feminine counterpart to Cool Water and shares its clean, water-inspired style.</p>|3.61;10046|703|like_love:2100:20.9;like_like:4700:46.9;like_ok:644:6.4;like_dislike:2400:23.9;like_hate:181:1.8|price_way_overpriced:80:1.1;price_overpriced:200:2.9;price_ok:1300:18.6;price_good_value:2500:35.8;price_great_value:2900:41.5|gvotes_female:4500:70.5;gvotes_more_female:1300:20.4;gvotes_unisex:500:7.8;gvotes_more_male:50:0.8;gvotes_male:30:0.5|longevity_very_weak:500:7.7;longevity_weak:1500:23.1;longevity_moderate:2800:43.1;longevity_long_lasting:1400:21.5;longevity_eternal:300:4.6|sillage_intimate:600:10.9;sillage_moderate:2900:52.7;sillage_strong:1700:30.9;sillage_enormous:300:5.5|season_winter:416:9.67;season_spring:2000:46.51;season_summer:4300:100.0;season_fall:460:10.7|season_day:4200:100.0;season_night:490:11.67|pros(Refreshing fruity-aquatic character,241,10;Very affordable and widely available,221,10;Suits hot days,201,10)cons(Feels dated to some noses,111,5;Fades faster than modern EDPs,101,5)|||||
900131||Davidoff;b25|Hot Water|2016|gender_for_men||||||a14:100;a1:80;a5:65;a31:55;a22:50;a6:40;a15:35|top(n277,1.0,5.0;n4,0.95,4.75)middle(n278,1.0,5.0;n18,0.95,4.75)base(n90,1.0,5.0;n257,0.95,4.75)||<p>Bitter wormwood and green basil open onto a hot red-pepper and patchouli core, drying down to resinous benzoin and styrax. Spicy and herbal, it sits well apart from Davidoff's fresh aquatics.</p>|3.8;3500|245|like_love:1130:34.0;like_like:1060:31.9;like_ok:660:19.9;like_dislike:300:9.0;like_hate:170:5.1|price_way_overpriced:60:2.0;price_overpriced:120:4.0;price_ok:540:18.1;price_good_value:1010:33.9;price_great_value:1250:41.9|gvotes_female:20:0.6;gvotes_more_female:20:0.6;gvotes_unisex:280:8.9;gvotes_more_male:880:27.9;gvotes_male:1950:61.9|longevity_very_weak:190:6.0;longevity_weak:570:18.0;longevity_moderate:1450:45.9;longevity_long_lasting:760:24.1;longevity_eternal:190:6.0|sillage_intimate:350:11.1;sillage_moderate:1580:50.0;sillage_strong:980:31.0;sillage_enormous:250:7.9|season_winter:1890:100.0;season_spring:1050:55.56;season_summer:420:22.22;season_fall:1890:100.0|season_day:1750:100.0;season_night:1750:100.0|pros(Distinctive herbal-spicy character,84,4;Very inexpensive,77,4;Good for cool evenings,70,4)cons(Harsh opening for some,39,2;Wormwood is divisive,35,2)|||||
900132||Davidoff;b25|Run Wild for Him|2019|gender_for_men||||||a14:100;a1:85;a8:70;a7:50;a13:40;a49:35|top(n24,1.0,5.0;n25,0.95,4.75)middle(n13,1.0,5.0)base(n155,1.0,5.0;n30,0.95,4.75)|Alexandra Carlin;p59;Pierre-Constantin Guéros;p60|<p>Ginger and cinnamon open onto an aromatic lavender heart, resting on resinous fir and sweet tonka bean that add a faint forest edge. It sits between a fresh lavender fougère and a cosy spiced scent.</p>|3.7;1800|126|like_love:450:27.3;like_like:650:39.4;like_ok:400:24.2;like_dislike:110:6.7;like_hate:40:2.4|price_way_overpriced:20:1.3;price_overpriced:50:3.3;price_ok:300:19.7;price_good_value:500:32.9;price_great_value:650:42.8|gvotes_female:10:0.6;gvotes_more_female:20:1.1;gvotes_unisex:150:8.4;gvotes_more_male:500:28.1;gvotes_male:1100:61.8|longevity_very_weak:120:7.8;longevity_weak:350:22.9;longevity_moderate:700:45.8;longevity_long_lasting:300:19.6;longevity_eternal:60:3.9|sillage_intimate:250:17.1;sillage_moderate:800:54.8;sillage_strong:350:24.0;sillage_enormous:60:4.1|season_winter:700:70.0;season_spring:800:80.0;season_summer:350:35.0;season_fall:1000:100.0|season_day:1100:100.0;season_night:600:54.55|pros(Lavender with a warm spiced twist,44,2;Fir resin adds an outdoorsy note,40,2;Low price,36,2)cons(Modest performance,20,1;Spiced-lavender profile is fairly familiar,18,1)|||||
900133||Davidoff;b25|Silver Shadow|2005|gender_for_men||||||a6:100;a14:70;a15:55;a3:45;a22:40;a31:35|top(n158,1.0,5.0;n93,0.95,4.75;n209,0.9,4.5)middle(n40,1.0,5.0;n56,0.95,4.75;n18,0.9,4.5)base(n90,1.0,5.0;n11,0.95,4.75;n25,0.9,4.5;n34,0.85,4.25)|Calice Becker;p61|<p>A woody oriental that opens on bitter orange, coriander and cedar, warms through saffron, clove and patchouli, and settles on benzoin, amber and cinnamon. Quiet and grown-up in tone.</p>|3.8;2500|175|like_love:700:30.7;like_like:900:39.5;like_ok:500:21.9;like_dislike:130:5.7;like_hate:50:2.2|price_way_overpriced:20:0.9;price_overpriced:50:2.4;price_ok:350:16.5;price_good_value:700:33.0;price_great_value:1000:47.2|gvotes_female:10:0.4;gvotes_more_female:20:0.8;gvotes_unisex:180:7.5;gvotes_more_male:700:29.0;gvotes_male:1500:62.2|longevity_very_weak:150:7.3;longevity_weak:450:22.0;longevity_moderate:900:43.9;longevity_long_lasting:450:22.0;longevity_eternal:100:4.9|sillage_intimate:400:20.7;sillage_moderate:1000:51.8;sillage_strong:450:23.3;sillage_enormous:80:4.1|season_winter:1200:80.0;season_spring:800:53.33;season_summer:300:20.0;season_fall:1500:100.0|season_day:1500:100.0;season_night:900:60.0|pros(Refined cedar and saffron character,60,3;Mature, office-friendly profile,55,3;Usually very cheap,50,3)cons(Soft projection,28,1;Can feel plain or dated,25,1)|||||
900134||Davidoff;b25|The Game|2012|gender_for_men||||||a6:100;a1:80;a7:55;a36:50;a21:35|top(n279,1.0,5.0;n225,0.95,4.75)middle(n161,1.0,5.0;n280,0.95,4.75)base(n179,1.0,5.0)|Bernard Ellena;p62;Lucas Sieuzac;p7;Nathalie Feisthauer;p63|<p>A dry woody aromatic that opens with a gin-like juniper brightness, then settles onto soft iris and dark woods. Fairly linear and low-key, it works as an everyday scent rather than a statement.</p>|3.6;4500|315|like_love:900:22.0;like_like:1500:36.6;like_ok:1200:29.3;like_dislike:350:8.5;like_hate:150:3.7|price_way_overpriced:50:1.3;price_overpriced:120:3.2;price_ok:700:18.6;price_good_value:1300:34.5;price_great_value:1600:42.4|gvotes_female:20:0.5;gvotes_more_female:50:1.1;gvotes_unisex:400:9.2;gvotes_more_male:1300:29.7;gvotes_male:2600:59.5|longevity_very_weak:500:12.7;longevity_weak:1300:32.9;longevity_moderate:1600:40.5;longevity_long_lasting:450:11.4;longevity_eternal:100:2.5|sillage_intimate:800:24.2;sillage_moderate:1800:54.5;sillage_strong:600:18.2;sillage_enormous:100:3.0|season_winter:900:39.13;season_spring:2300:100.0;season_summer:1600:69.57;season_fall:2000:86.96|season_day:3000:100.0;season_night:1100:36.67|pros(Distinctive gin-and-juniper opening,108,5;Low price,99,5;Easy, versatile woody profile,90,5)cons(Projection drops after the first hour,50,2;Drydown is fairly plain,45,2)|||||
900135||Dior;b26|Dior Homme Intense|2011|gender_for_men||||||a36:100;a21:85;a6:60;a8:45;a13:40;a43:35;a10:25|top(n13,1.0,5.0)middle(n161,1.0,5.0;n129,0.95,4.75;n76,0.9,4.5)base(n209,1.0,5.0;n16,0.95,4.75)|François Demachy;p64|<p>A velvety, lipstick-like iris softened with pear and ambrette over cedar. Refined and romantic, it is quietly seductive at formal events.</p>|4.35;14000|980|like_love:8000:57.1;like_like:3800:27.1;like_ok:1300:9.3;like_dislike:600:4.3;like_hate:300:2.1|price_way_overpriced:300:4.1;price_overpriced:1000:13.5;price_ok:3000:40.5;price_good_value:2200:29.7;price_great_value:900:12.2|gvotes_female:150:1.2;gvotes_more_female:350:2.7;gvotes_unisex:1500:11.5;gvotes_more_male:3500:26.9;gvotes_male:7500:57.7|longevity_very_weak:150:1.6;longevity_weak:500:5.5;longevity_moderate:2200:24.0;longevity_long_lasting:4500:49.2;longevity_eternal:1800:19.7|sillage_intimate:800:9.2;sillage_moderate:3500:40.2;sillage_strong:3500:40.2;sillage_enormous:900:10.3|season_winter:8500:100.0;season_spring:4500:52.94;season_summer:700:8.24;season_fall:8500:100.0|season_day:4500:47.37;season_night:9500:100.0|pros(Unique, elegant iris,336,14;Superb for formal evenings,308,14;Long-lasting,280,14)cons(Powdery lipstick vibe polarizes,154,7;Not suited to hot weather,140,7)|||||
900136||Dior;b26|Diorissimo|1956|gender_for_women||||||a17:100;a2:80;a9:70;a11:55;a21:35;a6:25|top(n281,1.0,5.0;n3,0.95,4.75)middle(n64,1.0,5.0;n6,0.95,4.75;n282,0.9,4.5;n104,0.85,4.25;n283,0.8,4.0)base(n17,1.0,5.0;n75,0.95,4.75)|Edmond Roudnitska;p65|<p>A dewy, green portrait of lily of the valley in spring bloom, airy and luminous with a faint woody warmth. Delicate and graceful, it feels like a garden stroll on a cool morning.</p>|4;3500|245|like_love:1800:52.9;like_like:900:26.5;like_ok:350:10.3;like_dislike:200:5.9;like_hate:150:4.4|price_way_overpriced:150:7.0;price_overpriced:400:18.6;price_ok:900:41.9;price_good_value:500:23.3;price_great_value:200:9.3|gvotes_female:2000:67.8;gvotes_more_female:600:20.3;gvotes_unisex:300:10.2;gvotes_more_male:30:1.0;gvotes_male:20:0.7|longevity_very_weak:150:5.8;longevity_weak:500:19.2;longevity_moderate:1100:42.3;longevity_long_lasting:700:26.9;longevity_eternal:150:5.8|sillage_intimate:300:11.5;sillage_moderate:1300:50.0;sillage_strong:800:30.8;sillage_enormous:200:7.7|season_winter:400:13.33;season_spring:3000:100.0;season_summer:1500:50.0;season_fall:500:16.67|season_day:3000:100.0;season_night:600:20.0|pros(Definitive lily-of-the-valley scent,84,4;Springlike and dewy,77,4;Light, graceful elegance,70,4)cons(Current version is lighter than vintage,39,2;Hard to find in some markets,35,2)|||||
900137||Dior;b26|Eau Sauvage|1966|gender_for_men||||||a3:100;a1:75;a7:55;a6:50;a5:45;a18:40|top(n2,1.0,5.0;n3,0.95,4.75;n4,0.9,4.5;n15,0.85,4.25)middle(n6,1.0,5.0;n284,0.95,4.75;n235,0.9,4.5;n93,0.85,4.25;n74,0.8,4.0;n18,0.75,3.75)base(n16,1.0,5.0;n34,0.95,4.75;n35,0.9,4.5)|Edmond Roudnitska;p65|<p>A crisp, gentlemanly citrus-herbal cologne with a luminous jasmine touch and dry mossy base. Effortlessly refined, it suits linen suits and sunny afternoons.</p>|4;8000|560|like_love:3800:50.7;like_like:2300:30.7;like_ok:900:12.0;like_dislike:300:4.0;like_hate:200:2.7|price_way_overpriced:250:4.2;price_overpriced:700:11.8;price_ok:2200:37.0;price_good_value:2000:33.6;price_great_value:800:13.4|gvotes_female:100:1.3;gvotes_more_female:150:1.9;gvotes_unisex:1300:16.6;gvotes_more_male:1800:22.9;gvotes_male:4500:57.3|longevity_very_weak:300:5.1;longevity_weak:1400:23.7;longevity_moderate:2600:44.1;longevity_long_lasting:1300:22.0;longevity_eternal:300:5.1|sillage_intimate:600:10.9;sillage_moderate:2800:50.9;sillage_strong:1800:32.7;sillage_enormous:300:5.5|season_winter:500:8.33;season_spring:6000:100.0;season_summer:5500:91.67;season_fall:1200:20.0|season_day:7200:100.0;season_night:900:12.5|pros(Crisp, gentlemanly citrus,192,8;Timeless and versatile,176,8;Great in warm weather,160,8)cons(Modest longevity,88,4;Can seem dated to some,80,4)|||||
900138||Dior;b26|Fahrenheit|1988|gender_for_men||||||a23:100;a41:80;a6:70;a14:55;a1:48;a9:42;a24:30|top(n285,1.0,5.0;n13,0.95,4.75;n3,0.9,4.5;n37,0.85,4.25;n2,0.8,4.0;n260,0.75,3.75)middle(n265,1.0,5.0;n146,0.95,4.75;n235,0.9,4.5;n6,0.85,4.25;n108,0.8,4.0;n17,0.75,3.75)base(n85,1.0,5.0;n16,0.95,4.75;n35,0.9,4.5;n11,0.85,4.25;n30,0.8,4.0;n18,0.75,3.75)|Jean-Louis Sieuzac;p66;Michel Almairac;p52|<p>An unconventional blend of violet leaf, leather and a faintly petrol-like warmth that has divided noses since the late eighties. Bold, textured and unmistakably its own thing.</p>|4.2;13000|910|like_love:6500:53.7;like_like:3000:24.8;like_ok:1200:9.9;like_dislike:700:5.8;like_hate:700:5.8|price_way_overpriced:250:2.6;price_overpriced:800:8.2;price_ok:3000:30.8;price_good_value:3500:35.9;price_great_value:2200:22.6|gvotes_female:80:0.8;gvotes_more_female:60:0.6;gvotes_unisex:700:6.8;gvotes_more_male:2500:24.2;gvotes_male:7000:67.7|longevity_very_weak:300:2.6;longevity_weak:700:6.1;longevity_moderate:2800:24.3;longevity_long_lasting:5200:45.2;longevity_eternal:2500:21.7|sillage_intimate:500:4.5;sillage_moderate:3500:31.8;sillage_strong:5000:45.5;sillage_enormous:2000:18.2|season_winter:7500:88.24;season_spring:4000:47.06;season_summer:1200:14.12;season_fall:8500:100.0|season_day:7000:100.0;season_night:6000:85.71|pros(Truly unique character,312,13;Long-lasting,286,13;Iconic classic,260,13)cons(Very polarizing,156,7;Can feel dated to younger noses,143,7;Not a summer scent,130,7)|||||
900139||Dior;b26|Hypnotic Poison|1998|gender_for_women||||||a12:100;a25:85;a13:72;a14:50;a17:45;a21:42;a39:35;a10:32|top(n121,1.0,5.0;n136,0.95,4.75;n183,0.9,4.5)middle(n250,1.0,5.0;n6,0.95,4.75;n187,0.9,4.5;n251,0.85,4.25;n7,0.8,4.0;n28,0.75,3.75)base(n29,1.0,5.0;n169,0.95,4.75;n17,0.9,4.5;n35,0.85,4.25)|Annick Menardo;p67|<p>A dark bitter-almond and vanilla scent with a spiced caraway twist and hazy jasmine. Sultry and enveloping, like velvet on a cold night.</p>|4.1;14000|980|like_love:7000:52.6;like_like:3200:24.1;like_ok:1800:13.5;like_dislike:800:6.0;like_hate:500:3.8|price_way_overpriced:200:1.9;price_overpriced:800:7.6;price_ok:3500:33.3;price_good_value:4000:38.1;price_great_value:2000:19.0|gvotes_female:8000:63.7;gvotes_more_female:2800:22.3;gvotes_unisex:1500:12.0;gvotes_more_male:150:1.2;gvotes_male:100:0.8|longevity_very_weak:200:1.8;longevity_weak:700:6.1;longevity_moderate:3000:26.3;longevity_long_lasting:5000:43.9;longevity_eternal:2500:21.9|sillage_intimate:300:2.8;sillage_moderate:2500:23.1;sillage_strong:5500:50.9;sillage_enormous:2500:23.1|season_winter:9000:100.0;season_spring:3000:33.33;season_summer:1000:11.11;season_fall:9000:100.0|season_day:3500:38.89;season_night:9000:100.0|pros(Hypnotic almond-vanilla,336,14;Long-lasting,308,14;Sensual yet elegant,280,14)cons(Too heavy for hot days,168,7;Sweetness divides people,154,7;Reformulated several times,140,7)|||||
900140||Dior;b26|J'adore|1999|gender_for_women||||||a17:100;a10:70;a9:65;a13:50;a11:40;a20:35|top(n76,1.0,5.0;n43,0.95,4.75;n132,0.9,4.5;n168,0.85,4.25;n42,0.8,4.0;n3,0.75,3.75)middle(n6,1.0,5.0;n64,0.95,4.75;n187,0.9,4.5;n63,0.85,4.25;n7,0.8,4.0;n99,0.75,3.75)base(n35,1.0,5.0;n29,0.95,4.75;n96,0.9,4.5;n9,0.85,4.25)|Calice Becker;p61|<p>A luminous, golden bouquet of jasmine and tuberose softened by juicy pear and a clean musky base. Graceful and polished, it reads as effortless luxury in any setting.</p>|3.95;20000|1400|like_love:8500:45.9;like_like:5500:29.7;like_ok:2500:13.5;like_dislike:1200:6.5;like_hate:800:4.3|price_way_overpriced:1200:7.9;price_overpriced:3200:21.1;price_ok:6000:39.5;price_good_value:3500:23.0;price_great_value:1300:8.6|gvotes_female:13000:79.7;gvotes_more_female:2800:17.2;gvotes_unisex:400:2.5;gvotes_more_male:60:0.4;gvotes_male:50:0.3|longevity_very_weak:400:2.7;longevity_weak:1400:9.5;longevity_moderate:5500:37.2;longevity_long_lasting:6000:40.5;longevity_eternal:1500:10.1|sillage_intimate:700:4.9;sillage_moderate:6000:42.3;sillage_strong:6000:42.3;sillage_enormous:1500:10.6|season_winter:3500:26.92;season_spring:13000:100.0;season_summer:9000:69.23;season_fall:5000:38.46|season_day:14000:100.0;season_night:6500:46.43|pros(Luminous, polished floral,480,20;Very versatile,440,20;Broadly appealing,400,20)cons(Very widespread,220,10;Can feel generic to enthusiasts,200,10)|||||
900141||Dior;b26|J'adore Parfum d'Eau|2022|gender_for_women||||||a17:100;a9:78;a2:50;a3:45;a10:30|middle(n78,1.0,5.0;n103,0.95,4.75;n132,0.9,4.5;n146,0.85,4.25;n7,0.8,4.0;n41,0.75,3.75)|François Demachy;p64|<p>An alcohol-free, water-based take on J'adore built around jasmine sambac, neroli, magnolia and honeysuckle with a green edge. Softer and more transparent than the classic EDP, it wears as a sheer white-floral veil close to the skin.</p>|3.9;2500|175|like_love:800:37.6;like_like:700:32.9;like_ok:400:18.8;like_dislike:150:7.0;like_hate:80:3.8|price_way_overpriced:200:13.6;price_overpriced:400:27.2;price_ok:600:40.8;price_good_value:200:13.6;price_great_value:70:4.8|gvotes_female:1400:76.9;gvotes_more_female:300:16.5;gvotes_unisex:100:5.5;gvotes_more_male:10:0.5;gvotes_male:10:0.5|longevity_very_weak:150:9.2;longevity_weak:350:21.5;longevity_moderate:700:42.9;longevity_long_lasting:350:21.5;longevity_eternal:80:4.9|sillage_intimate:300:19.7;sillage_moderate:800:52.6;sillage_strong:350:23.0;sillage_enormous:70:4.6|season_winter:400:22.22;season_spring:1800:100.0;season_summer:1400:77.78;season_fall:600:33.33|season_day:2000:100.0;season_night:400:20.0|pros(Alcohol-free, water-based formula,60,3;Soft, clean white florals,55,3;Easy for daytime and the office,50,3)cons(Quieter projection than J'adore EDP,28,1;Pricey for its intensity,25,1)|||||
900142||Dior;b26|Joy by Dior|2018|gender_for_women||||||a3:100;a6:80;a21:65;a17:60;a20:55;a30:50;a9:45|top(n3,1.0,5.0;n42,0.95,4.75)middle(n6,1.0,5.0;n7,0.95,4.75;n168,0.9,4.5;n21,0.85,4.25)base(n110,1.0,5.0;n17,0.95,4.75;n9,0.9,4.5;n18,0.85,4.25;n90,0.8,4.0)|François Demachy;p64|<p>A bright, clean floral where bergamot and mandarin lift a rose-and-jasmine heart touched with peach, settling onto sandalwood, cedar and white musk. Polished rather than sweet, it stays airy and unfussy.</p>|3.8;5000|350|like_love:1600:35.2;like_like:1500:33.0;like_ok:900:19.8;like_dislike:350:7.7;like_hate:200:4.4|price_way_overpriced:250:8.9;price_overpriced:600:21.4;price_ok:1300:46.4;price_good_value:500:17.9;price_great_value:150:5.4|gvotes_female:2600:74.5;gvotes_more_female:600:17.2;gvotes_unisex:250:7.2;gvotes_more_male:20:0.6;gvotes_male:20:0.6|longevity_very_weak:200:6.3;longevity_weak:500:15.7;longevity_moderate:1500:47.2;longevity_long_lasting:800:25.2;longevity_eternal:180:5.7|sillage_intimate:300:10.9;sillage_moderate:1500:54.5;sillage_strong:800:29.1;sillage_enormous:150:5.5|season_winter:700:23.33;season_spring:3000:100.0;season_summer:2000:66.67;season_fall:1200:40.0|season_day:3200:100.0;season_night:900:28.13|pros(Clean, bright floral that suits daytime,120,5;Office-appropriate,110,5;Soft musky drydown,100,5)cons(Can feel generic next to other Dior florals,55,3;Moderate projection,50,3)|||||
900143||Dior;b26|Miss Dior Absolutely Blooming|2016|gender_for_women||||||a10:100;a30:90;a9:75;a13:60;a6:45;a20:40;a53:35;a11:30|top(n115,1.0,5.0;n21,0.95,4.75;n237,0.9,4.5;n19,0.85,4.25)middle(n252,1.0,5.0;n141,0.95,4.75)base(n110,1.0,5.0)|François Demachy;p64|<p>A juicy fruity-floral of raspberry, blackcurrant and pomegranate with a pinch of pink pepper, folded into rose and peony and finished with a light white musk. Bright and rosy, it is sweeter and fruitier than Miss Dior Blooming Bouquet.</p>|4.05;5000|350|like_love:2176:42.5;like_like:1765:34.5;like_ok:765:14.9;like_dislike:265:5.2;like_hate:147:2.9|price_way_overpriced:265:7.4;price_overpriced:588:16.4;price_ok:1529:42.6;price_good_value:882:24.6;price_great_value:324:9.0|gvotes_female:3824:88.0;gvotes_more_female:412:9.5;gvotes_unisex:88:2.0;gvotes_more_male:9:0.2;gvotes_male:12:0.3|longevity_very_weak:176:4.2;longevity_weak:471:11.1;longevity_moderate:1647:38.9;longevity_long_lasting:1529:36.1;longevity_eternal:412:9.7|sillage_intimate:294:7.7;sillage_moderate:1647:43.1;sillage_strong:1471:38.5;sillage_enormous:412:10.8|season_winter:706:16.67;season_spring:4235:100.0;season_summer:2471:58.35;season_fall:1059:25.01|season_day:4000:100.0;season_night:1176:29.4|pros(Juicy berry-rose opening,120,5;Cheerful spring character,110,5;Easy to wear by day,100,5)cons(Quite sweet for some,55,3;Close to many other fruity-rose florals,50,3)|||||
900144||Dior;b26|Miss Dior Blooming Bouquet|2014|gender_for_women||||||a9:100;a11:60;a30:55;a10:50;a20:45;a3:40;a21:25|top(n286,1.0,5.0)middle(n141,1.0,5.0;n66,0.95,4.75;n183,0.9,4.5;n168,0.85,4.25)base(n110,1.0,5.0)|François Demachy;p64|<p>A tender peony-and-rose bouquet with a soft mandarin glow, fresh and gently sweet. It feels like a bridal bouquet on a spring day.</p>|3.95;13000|910|like_love:5000:41.3;like_like:4400:36.4;like_ok:1800:14.9;like_dislike:600:5.0;like_hate:300:2.5|price_way_overpriced:400:5.6;price_overpriced:1500:20.8;price_ok:3200:44.4;price_good_value:1600:22.2;price_great_value:500:6.9|gvotes_female:8500:85.9;gvotes_more_female:1200:12.1;gvotes_unisex:150:1.5;gvotes_more_male:20:0.2;gvotes_male:20:0.2|longevity_very_weak:800:8.6;longevity_weak:2200:23.7;longevity_moderate:3800:40.9;longevity_long_lasting:2000:21.5;longevity_eternal:500:5.4|sillage_intimate:1300:16.0;sillage_moderate:4500:55.6;sillage_strong:1900:23.5;sillage_enormous:400:4.9|season_winter:900:8.18;season_spring:11000:100.0;season_summer:6000:54.55;season_fall:1600:14.55|season_day:11000:100.0;season_night:1500:13.64|pros(Delicate and pretty,312,13;Perfect for spring,286,13;Suits weddings and daytime,260,13)cons(Longevity is modest,143,7;Can feel too light,130,7)|||||
900145||Dior;b26|Miss Dior Eau de Parfum|2021|gender_for_women||||||a21:100;a12:95;a30:85;a9:75;a10:65;a13:65;a11:60;a36:60;a20:55;a15:50|top(n161,1.0,5.0;n141,0.95,4.75;n28,0.9,4.5)middle(n7,1.0,5.0;n183,0.95,4.75;n168,0.9,4.5)base(n29,1.0,5.0;n35,0.95,4.75;n30,0.9,4.5;n17,0.85,4.25;n90,0.8,4.0)|François Demachy;p64|<p>A soft, powdery rose: iris, peony and lily-of-the-valley lead into rose with a touch of apricot and peach, then settle on a smooth base of vanilla, tonka, musk and sandalwood. Romantic and polished, it is easy to wear by day.</p>|3.9;7349|514|like_love:2600:35.6;like_like:2500:34.2;like_ok:1200:16.4;like_dislike:783:10.7;like_hate:226:3.1|price_way_overpriced:840:15.8;price_overpriced:1575:29.7;price_ok:1890:35.6;price_good_value:735:13.9;price_great_value:262:4.9|gvotes_female:4724:76.3;gvotes_more_female:1155:18.7;gvotes_unisex:262:4.2;gvotes_more_male:26:0.4;gvotes_male:26:0.4|longevity_very_weak:420:7.1;longevity_weak:945:16.1;longevity_moderate:2520:42.9;longevity_long_lasting:1575:26.8;longevity_eternal:420:7.1|sillage_intimate:630:11.8;sillage_moderate:2730:51.0;sillage_strong:1575:29.4;sillage_enormous:420:7.8|season_winter:1300:44.83;season_spring:2900:100.0;season_summer:1700:58.62;season_fall:1700:58.62|season_day:2800:100.0;season_night:1100:39.29|pros(Soft, pretty rose-peony bouquet,177,7;Office- and daytime-friendly,162,7;Bottle dressed with a couture bow,147,7)cons(Sweeter and softer than the chypre-style Miss Dior of old,88,4;Moderate staying power,81,4;Priced high for its strength,74,4)|||||
900146||Dior;b26|Poison|1985|gender_for_women||||||a10:100;a45:80;a14:70;a15:60;a13:55;a35:45;a31:40|top(n136,1.0,5.0;n202,0.95,4.75;n93,0.9,4.5;n159,0.85,4.25)middle(n187,1.0,5.0;n7,0.95,4.75;n25,0.9,4.5;n235,0.85,4.25;n97,0.8,4.0)base(n11,1.0,5.0;n29,0.95,4.75;n84,0.9,4.5;n287,0.85,4.25;n17,0.8,4.0;n35,0.75,3.75)|Edouard Fléchier;p68|<p>A dark, jammy plum-and-berry potion laced with tuberose, spice and honeyed amber. Bold and theatrical, it is an unforgettable signature for those who want to be noticed.</p>|4.1;8000|560|like_love:4300:51.8;like_like:1700:20.5;like_ok:800:9.6;like_dislike:700:8.4;like_hate:800:9.6|price_way_overpriced:200:3.8;price_overpriced:500:9.4;price_ok:1700:32.1;price_good_value:2000:37.7;price_great_value:900:17.0|gvotes_female:4600:68.4;gvotes_more_female:1500:22.3;gvotes_unisex:500:7.4;gvotes_more_male:80:1.2;gvotes_male:50:0.7|longevity_very_weak:80:1.2;longevity_weak:200:3.0;longevity_moderate:900:13.7;longevity_long_lasting:2800:42.6;longevity_eternal:2600:39.5|sillage_intimate:100:1.5;sillage_moderate:700:10.4;sillage_strong:2500:37.3;sillage_enormous:3400:50.7|season_winter:5000:100.0;season_spring:900:18.0;season_summer:300:6.0;season_fall:4000:80.0|season_day:1400:24.14;season_night:5800:100.0|pros(Dramatic and memorable,192,8;Monster performance,176,8;Perfect for cold nights,160,8)cons(Divisive and overpowering,88,4;Unsuited to close quarters,80,4)|||||
900147||Dior;b26|Poison Girl|2016|gender_for_women||||||a12:100;a13:88;a25:70;a21:58;a3:50;a15:42;a30:35|top(n158,1.0,5.0;n2,0.95,4.75)middle(n66,1.0,5.0;n7,0.95,4.75;n27,0.9,4.5)base(n29,1.0,5.0;n169,0.95,4.75;n30,0.9,4.5;n288,0.85,4.25;n17,0.8,4.0;n287,0.75,3.75)|François Demachy;p64|<p>A bitter-orange and lemon opening gives way to a sweet rose heart and a thick base of vanilla, almond, tonka and tolu balsam. Youthful and gourmand, with a brief tart edge before the sweetness takes over.</p>|3.8;7500|525|like_love:2300:36.8;like_like:2000:32.0;like_ok:1100:17.6;like_dislike:500:8.0;like_hate:350:5.6|price_way_overpriced:250:7.4;price_overpriced:600:17.6;price_ok:1600:47.1;price_good_value:700:20.6;price_great_value:250:7.4|gvotes_female:3800:76.8;gvotes_more_female:900:18.2;gvotes_unisex:200:4.0;gvotes_more_male:25:0.5;gvotes_male:25:0.5|longevity_very_weak:150:3.2;longevity_weak:450:9.6;longevity_moderate:1700:36.2;longevity_long_lasting:1800:38.3;longevity_eternal:600:12.8|sillage_intimate:200:4.8;sillage_moderate:1700:40.5;sillage_strong:1800:42.9;sillage_enormous:500:11.9|season_winter:3000:93.75;season_spring:2200:68.75;season_summer:700:21.88;season_fall:3200:100.0|season_day:2200:61.11;season_night:3600:100.0|pros(Sweet almond-vanilla gourmand with good lasting power,165,8;Orange opening adds a tart contrast,150,8)cons(Very sweet for daytime or heat,83,4;Some find the drydown synthetic,75,4)|||||
900148||Dior;b26|Pure Poison|2004|gender_for_women||||||a17:100;a3:70;a6:55;a21:50;a20:45;a15:35|top(n6,1.0,5.0;n94,0.95,4.75;n286,0.9,4.5;n3,0.85,4.25)middle(n289,1.0,5.0;n27,0.95,4.75)base(n17,1.0,5.0;n230,0.95,4.75;n110,0.9,4.5;n9,0.85,4.25)|Carlos Benaïm;p29;Dominique Ropion;p40;Olivier Polge;p48|<p>A luminous white floral where gardenia and orange blossom sit on a bright citrus opening, drying down to clean white musk, amber and soft woods. Radiant and polished rather than heavy, and quite distinct from the darker Poison line.</p>|4.04;17700|1239|like_love:8555:48.9;like_like:5458:31.2;like_ok:2212:12.7;like_dislike:738:4.2;like_hate:516:3.0|price_way_overpriced:664:4.8;price_overpriced:1918:13.9;price_ok:6048:43.8;price_good_value:3835:27.8;price_great_value:1328:9.6|gvotes_female:12538:84.8;gvotes_more_female:1622:11.0;gvotes_unisex:516:3.5;gvotes_more_male:44:0.3;gvotes_male:59:0.4|longevity_very_weak:516:3.3;longevity_weak:1328:8.4;longevity_moderate:5015:31.6;longevity_long_lasting:6638:41.9;longevity_eternal:2360:14.9|sillage_intimate:1032:6.9;sillage_moderate:5605:37.3;sillage_strong:6195:41.2;sillage_enormous:2212:14.7|season_winter:3688:29.41;season_spring:12538:100.0;season_summer:8113:64.71;season_fall:5605:44.7|season_day:11800:100.0;season_night:7670:65.0|pros(Radiant, clean white florals,424,18;Long lasting,389,18;Elegant enough for formal events,354,18)cons(Gardenia can feel loud up close,195,9;Pricier than many designer florals,177,9)|||||
900149||Dior;b26|Sauvage|2015|gender_for_men||||||a7:100;a15:80;a3:70;a1:65;a20:50;a6:48;a8:40;a5:35|top(n290,1.0,5.0;n111,0.95,4.75)middle(n222,1.0,5.0;n13,0.95,4.75;n19,0.9,4.5;n16,0.85,4.25;n18,0.8,4.0;n46,0.75,3.75;n61,0.7,3.5)base(n133,1.0,5.0;n9,0.95,4.75;n92,0.9,4.5)|François Demachy;p64|<p>A bright, peppery bergamot blast over a big mineral-ambery ambroxan trail. Clean, loud and instantly recognizable, it reads modern and masculine in almost any setting.</p>|4;32000|2240|like_love:14000:47.0;like_like:9000:30.2;like_ok:3500:11.7;like_dislike:1800:6.0;like_hate:1500:5.0|price_way_overpriced:1800:9.3;price_overpriced:4000:20.7;price_ok:7000:36.3;price_good_value:4500:23.3;price_great_value:2000:10.4|gvotes_female:250:1.0;gvotes_more_female:150:0.6;gvotes_unisex:1200:4.8;gvotes_more_male:3500:13.9;gvotes_male:20000:79.7|longevity_very_weak:800:3.3;longevity_weak:1800:7.3;longevity_moderate:7500:30.5;longevity_long_lasting:11000:44.7;longevity_eternal:3500:14.2|sillage_intimate:1200:5.0;sillage_moderate:7000:28.9;sillage_strong:11000:45.5;sillage_enormous:5000:20.7|season_winter:6000:35.29;season_spring:17000:100.0;season_summer:16000:94.12;season_fall:11000:64.71|season_day:22000:100.0;season_night:12000:54.55|pros(Mass-appeal compliment magnet,768,32;Strong projection and staying power,704,32;Works across most seasons,640,32)cons(Extremely common,384,16;Ambroxan can feel sharp or synthetic,352,16;Overexposed for enthusiasts,320,16)|||||
900150||Dior;b26|Sauvage Eau de Parfum|2018|gender_for_men||||||a7:100;a15:85;a3:70;a1:60;a14:55;a8:45;a12:35|top(n290,1.0,5.0)middle(n222,1.0,5.0;n13,0.95,4.75;n57,0.9,4.5;n108,0.85,4.25)base(n133,1.0,5.0;n29,0.95,4.75)|François Demachy;p64|<p>A rounder, warmer take on Sauvage: bergamot and Sichuan pepper open onto lavender, star anise and nutmeg, then settle into ambroxan softened by a touch of vanilla. Still bright and assertive, but smoother and slightly sweeter than the original.</p>|4.2;26000|1820|like_love:11000:45.1;like_like:8000:32.8;like_ok:3500:14.3;like_dislike:1200:4.9;like_hate:700:2.9|price_way_overpriced:1500:7.7;price_overpriced:3500:17.9;price_ok:7500:38.5;price_good_value:5000:25.6;price_great_value:2000:10.3|gvotes_female:200:0.9;gvotes_more_female:250:1.1;gvotes_unisex:2400:10.3;gvotes_more_male:7500:32.1;gvotes_male:13000:55.7|longevity_very_weak:500:2.4;longevity_weak:1300:6.3;longevity_moderate:6500:31.3;longevity_long_lasting:9500:45.7;longevity_eternal:3000:14.4|sillage_intimate:700:3.4;sillage_moderate:7000:33.8;sillage_strong:10000:48.3;sillage_enormous:3000:14.5|season_winter:11000:62.86;season_spring:17500:100.0;season_summer:12500:71.43;season_fall:16000:91.43|season_day:19000:100.0;season_night:13000:68.42|pros(Smoother and warmer than the original,624,26;Strong projection for many hours,572,26;Works across seasons and settings,520,26)cons(Extremely common,286,13;Ambroxan edge can read synthetic,260,13)|||||
900151||Dior;b26|Sauvage Elixir|2021|gender_for_men||||||a14:100;a7:72;a15:60;a1:55;a6:52;a8:45;a29:35|top(n108,1.0,5.0;n25,0.95,4.75;n107,0.9,4.5;n87,0.85,4.25)middle(n13,1.0,5.0)base(n291,1.0,5.0;n17,0.95,4.75;n11,0.9,4.5;n18,0.85,4.25;n231,0.8,4.0)|François Demachy;p64|<p>A darker, denser take on Sauvage where grapefruit quickly gives way to nutmeg, cinnamon and cardamom over licorice, lavender and ambery woods. Very strong and made for cold nights.</p>|4.2;15000|1050|like_love:7000:49.0;like_like:4500:31.5;like_ok:1800:12.6;like_dislike:600:4.2;like_hate:400:2.8|price_way_overpriced:1000:8.0;price_overpriced:2500:20.0;price_ok:4500:36.0;price_good_value:3000:24.0;price_great_value:1500:12.0|gvotes_female:100:0.7;gvotes_more_female:200:1.5;gvotes_unisex:800:5.9;gvotes_more_male:3500:25.7;gvotes_male:9000:66.2|longevity_very_weak:150:1.1;longevity_weak:400:3.0;longevity_moderate:2000:14.8;longevity_long_lasting:6000:44.3;longevity_eternal:5000:36.9|sillage_intimate:300:2.3;sillage_moderate:2000:15.0;sillage_strong:6500:48.9;sillage_enormous:4500:33.8|season_winter:11000:100.0;season_spring:3000:27.27;season_summer:1000:9.09;season_fall:10500:95.45|season_day:5000:45.45;season_night:11000:100.0|pros(Huge longevity,360,15;Rich spiced-lavender depth,330,15;One spray is enough,300,15)cons(Pricey for 60ml,180,8;Can be overwhelming,165,8;Too dense for summer,150,8)|||||
900152||Dior;b26|Sauvage Parfum|2019|gender_for_men||||||a6:100;a15:85;a3:75;a14:45;a7:45;a1:40;a12:40|top(n42,1.0,5.0;n290,0.95,4.75)base(n17,1.0,5.0;n30,0.95,4.75)|François Demachy;p64|<p>A smoother, woodier Sauvage: mandarin and bergamot settle quickly into creamy sandalwood and tonka bean. Less sharp than the original, with a rounder, more mature finish.</p>|4.2;10000|700|like_love:4200:44.7;like_like:3300:35.1;like_ok:1300:13.8;like_dislike:400:4.3;like_hate:200:2.1|price_way_overpriced:700:8.5;price_overpriced:1500:18.3;price_ok:3000:36.6;price_good_value:2200:26.8;price_great_value:800:9.8|gvotes_female:60:0.7;gvotes_more_female:100:1.1;gvotes_unisex:800:8.9;gvotes_more_male:2800:31.3;gvotes_male:5200:58.0|longevity_very_weak:150:1.8;longevity_weak:500:5.8;longevity_moderate:2800:32.7;longevity_long_lasting:4000:46.8;longevity_eternal:1100:12.9|sillage_intimate:350:4.1;sillage_moderate:3500:40.9;sillage_strong:3800:44.4;sillage_enormous:900:10.5|season_winter:5000:76.92;season_spring:6000:92.31;season_summer:3500:53.85;season_fall:6500:100.0|season_day:6500:100.0;season_night:5500:84.62|pros(Creamier and less harsh than the original,240,10;Easy to wear day or night,220,10;Polished, grown-up feel,200,10)cons(Close to the other Sauvage versions,110,5;Expensive for its size,100,5)|||||
900153||Diptyque;b27|Do Son Eau de Toilette|2005|gender_for_women||||||a45:100;a17:85;a9:45;a37:35;a11:32;a20:25|top(n27,1.0,5.0;n7,0.95,4.75;n19,0.9,4.5)middle(n187,1.0,5.0;n6,0.95,4.75)base(n90,1.0,5.0;n35,0.95,4.75;n5,0.9,4.5)|Fabrice Pellegrin;p22|<p>A gentle, breezy tuberose softened by sea air and orange blossom, inspired by a seaside childhood in Vietnam. It gives you tuberose without the heaviness.</p>|4;4800|336|like_love:2200:46.8;like_like:1400:29.8;like_ok:700:14.9;like_dislike:250:5.3;like_hate:150:3.2|price_way_overpriced:500:16.4;price_overpriced:800:26.2;price_ok:1100:36.1;price_good_value:450:14.8;price_great_value:200:6.6|gvotes_female:2400:59.3;gvotes_more_female:900:22.2;gvotes_unisex:650:16.0;gvotes_more_male:60:1.5;gvotes_male:40:1.0|longevity_very_weak:300:8.6;longevity_weak:700:20.0;longevity_moderate:1500:42.9;longevity_long_lasting:800:22.9;longevity_eternal:200:5.7|sillage_intimate:600:18.8;sillage_moderate:1600:50.0;sillage_strong:800:25.0;sillage_enormous:200:6.3|season_winter:800:21.05;season_spring:3800:100.0;season_summer:3500:92.11;season_fall:1300:34.21|season_day:4100:100.0;season_night:1300:31.71|pros(Airy, approachable tuberose,116,5;Lovely in warm weather,106,5;Elegant and office-friendly,96,5)cons(Moderate longevity,58,2;May be too light for tuberose lovers,53,2;Can read slightly soapy,48,2)|||||
900154||Diptyque;b27|Eau Duelle Eau de Toilette|2010|gender_for_women_and_men||||||a12:100;a7:70;a31:55;a1:50;a24:40;a6:30|top(n19,1.0,5.0;n107,0.95,4.75;n225,0.9,4.5;n292,0.85,4.25)middle(n293,1.0,5.0;n61,0.95,4.75;n69,0.9,4.5)base(n29,1.0,5.0;n35,0.95,4.75)||<p>Vanilla made dry and airy with black tea, pink pepper, cardamom and juniper, over a resinous frankincense and elemi base. It is a spiced, lightly smoky vanilla rather than a dessert-like one.</p>|4;3100|217|like_love:1060:38.0;like_like:1000:35.9;like_ok:500:17.9;like_dislike:170:6.1;like_hate:56:2.0|price_way_overpriced:390:18.0;price_overpriced:650:30.0;price_ok:740:34.1;price_good_value:260:12.0;price_great_value:130:6.0|gvotes_female:330:11.8;gvotes_more_female:450:16.1;gvotes_unisex:1400:50.0;gvotes_more_male:420:15.0;gvotes_male:200:7.1|longevity_very_weak:250:10.1;longevity_weak:640:25.8;longevity_moderate:1040:42.0;longevity_long_lasting:450:18.2;longevity_eternal:99:4.0|sillage_intimate:630:26.0;sillage_moderate:1330:54.9;sillage_strong:390:16.1;sillage_enormous:73:3.0|season_winter:1860:75.0;season_spring:1860:75.0;season_summer:930:37.5;season_fall:2480:100.0|season_day:2640:100.0;season_night:1710:64.77|pros(Vanilla that is not cloying,68,3;Wearable most of the year,62,3)cons(Light projection,34,2;Spice may surprise vanilla fans,31,2)|||||
900155||Diptyque;b27|Eau Rose|2012|gender_for_women_and_men||||||a30:100;a11:55;a10:45;a2:40;a20:35;a21:25;a35:20|top(n249,1.0,5.0;n294,0.95,4.75;n3,0.9,4.5)middle(n66,1.0,5.0;n295,0.95,4.75;n46,0.9,4.5)base(n35,1.0,5.0;n9,0.95,4.75;n97,0.9,4.5)|Fabrice Pellegrin;p22|<p>A dewy, garden-fresh rose with a juicy lychee lift and green stems, light and airy. Like walking through a rose bed in the morning.</p>|3.85;3000|210|like_love:1100:37.7;like_like:1100:37.7;like_ok:500:17.1;like_dislike:150:5.1;like_hate:70:2.4|price_way_overpriced:250:10.9;price_overpriced:700:30.4;price_ok:900:39.1;price_good_value:350:15.2;price_great_value:100:4.3|gvotes_female:1600:58.0;gvotes_more_female:700:25.4;gvotes_unisex:400:14.5;gvotes_more_male:40:1.4;gvotes_male:20:0.7|longevity_very_weak:250:10.5;longevity_weak:700:29.5;longevity_moderate:1000:42.2;longevity_long_lasting:350:14.8;longevity_eternal:70:3.0|sillage_intimate:500:24.3;sillage_moderate:1200:58.3;sillage_strong:300:14.6;sillage_enormous:60:2.9|season_winter:400:16.67;season_spring:2400:100.0;season_summer:1500:62.5;season_fall:500:20.83|season_day:2600:100.0;season_night:500:19.23|pros(Natural, fresh rose,72,3;Very office friendly,66,3;Pleasant in warm weather,60,3)cons(Modest longevity,33,2;Stays close to the skin,30,2)|||||
900156||Diptyque;b27|Fleur de Peau Eau de Parfum|2018|gender_for_women_and_men||||||a20:100;a21:82;a36:70;a7:50;a30:40|top(n19,1.0,5.0;n3,0.95,4.75;n267,0.9,4.5)middle(n161,1.0,5.0;n7,0.95,4.75)base(n35,1.0,5.0;n129,0.95,4.75;n223,0.9,4.5)|Olivier Pescheux;p69|<p>A soft, powdery musk built around iris, ambrette and a touch of rose, lifted at the start by pink pepper, bergamot and angelica. Intimate and skin-like, it reads as a clean personal aura more than a loud perfume.</p>|4.05;3600|252|like_love:1360:42.0;like_like:1100:34.0;like_ok:520:16.1;like_dislike:190:5.9;like_hate:65:2.0|price_way_overpriced:450:17.9;price_overpriced:760:30.2;price_ok:860:34.1;price_good_value:300:11.9;price_great_value:150:6.0|gvotes_female:520:16.0;gvotes_more_female:710:21.9;gvotes_unisex:1620:50.0;gvotes_more_male:260:8.0;gvotes_male:130:4.0|longevity_very_weak:170:5.9;longevity_weak:580:20.1;longevity_moderate:1320:45.8;longevity_long_lasting:690:24.0;longevity_eternal:120:4.2|sillage_intimate:900:32.1;sillage_moderate:1460:52.0;sillage_strong:390:13.9;sillage_enormous:56:2.0|season_winter:1440:47.06;season_spring:3060:100.0;season_summer:1800:58.82;season_fall:2160:70.59|season_day:3240:100.0;season_night:1620:50.0|pros(Soft, comforting musk,79,4;Works almost anywhere,72,4)cons(Very close-wearing,40,2;Iris can read slightly earthy,36,2)|||||
900157||Diptyque;b27|Orphéon Eau de Parfum|2021|gender_for_women_and_men||||||a6:100;a21:78;a1:62;a49:50;a13:42;a17:35|top(n225,1.0,5.0)middle(n6,1.0,5.0)base(n30,1.0,5.0;n9,0.95,4.75)|Olivier Pescheux;p69|<p>Gin-like juniper sits over a light jasmine heart and a powdery cedar-and-tonka base. The result is a dry, polished woody scent with only a faint sweetness.</p>|4.05;4100|287|like_love:1550:42.1;like_like:1290:35.0;like_ok:550:14.9;like_dislike:220:6.0;like_hate:74:2.0|price_way_overpriced:520:18.1;price_overpriced:860:30.0;price_ok:980:34.1;price_good_value:340:11.8;price_great_value:170:5.9|gvotes_female:300:8.1;gvotes_more_female:520:14.1;gvotes_unisex:1920:51.9;gvotes_more_male:660:17.8;gvotes_male:300:8.1|longevity_very_weak:130:4.0;longevity_weak:460:14.0;longevity_moderate:1510:46.0;longevity_long_lasting:980:29.9;longevity_eternal:200:6.1|sillage_intimate:510:16.0;sillage_moderate:1850:58.0;sillage_strong:700:21.9;sillage_enormous:130:4.1|season_winter:2260:64.94;season_spring:2660:76.44;season_summer:1230:35.34;season_fall:3480:100.0|season_day:3480:100.0;season_night:2460:70.69|pros(Refined and versatile,90,4;Unusual gin-juniper opening,82,4)cons(Quiet projection after a few hours,45,2;Pricey for its intensity,41,2)|||||
900158||Diptyque;b27|Philosykos Eau de Toilette|1996|gender_for_women_and_men||||||a2:100;a6:72;a10:50;a38:48;a39:40;a11:35|top(n296,1.0,5.0;n41,0.95,4.75)middle(n143,1.0,5.0;n121,0.95,4.75)base(n297,1.0,5.0;n298,0.95,4.75;n39,0.9,4.5)|Olivia Giacobetti;p70|<p>Snappy fig leaf and sappy greenery settle into soft, faintly coconutty fig flesh and a dry cedar base. Natural and shade-cool, it smells like an orchard at midday rather than a bowl of fruit.</p>|4;6800|476|like_love:2900:42.3;like_like:2300:33.6;like_ok:1000:14.6;like_dislike:450:6.6;like_hate:200:2.9|price_way_overpriced:500:9.9;price_overpriced:1300:25.7;price_ok:2000:39.6;price_good_value:900:17.8;price_great_value:350:6.9|gvotes_female:800:13.4;gvotes_more_female:900:15.1;gvotes_unisex:3500:58.8;gvotes_more_male:500:8.4;gvotes_male:250:4.2|longevity_very_weak:700:12.2;longevity_weak:1500:26.1;longevity_moderate:2300:40.0;longevity_long_lasting:1000:17.4;longevity_eternal:250:4.3|sillage_intimate:1200:23.1;sillage_moderate:2800:53.8;sillage_strong:1000:19.2;sillage_enormous:200:3.8|season_winter:500:10.0;season_spring:4500:90.0;season_summer:5000:100.0;season_fall:1200:24.0|season_day:5500:100.0;season_night:1000:18.18|pros(Benchmark green-fig scent,164,7;Mediterranean fig-orchard mood,150,7;Natural and unfussy,136,7)cons(Milky fig note is not for everyone,75,3;Moderate longevity,68,3)|||||
900159||Diptyque;b27|Tam Dao|2003|gender_for_women_and_men||||||a6:100;a21:50;a49:40;a20:38;a14:30;a15:30|top(n167,1.0,5.0;n1,0.95,4.75;n7,0.9,4.5)middle(n17,1.0,5.0;n9,0.95,4.75)base(n261,1.0,5.0;n174,0.95,4.75;n11,0.9,4.5;n110,0.85,4.25)|Daniel Molière;p71|<p>A creamy, meditative sandalwood softened with cypress and a hush of musk. It is calm, warm and reflective.</p>|4;5500|385|like_love:2800:50.3;like_like:1700:30.5;like_ok:700:12.6;like_dislike:250:4.5;like_hate:120:2.2|price_way_overpriced:600:12.8;price_overpriced:1100:23.4;price_ok:1800:38.3;price_good_value:900:19.1;price_great_value:300:6.4|gvotes_female:450:8.0;gvotes_more_female:600:10.6;gvotes_unisex:3300:58.4;gvotes_more_male:900:15.9;gvotes_male:400:7.1|longevity_very_weak:400:7.7;longevity_weak:1000:19.2;longevity_moderate:2200:42.3;longevity_long_lasting:1300:25.0;longevity_eternal:300:5.8|sillage_intimate:1500:29.9;sillage_moderate:2600:51.8;sillage_strong:800:15.9;sillage_enormous:120:2.4|season_winter:2500:69.44;season_spring:2800:77.78;season_summer:900:25.0;season_fall:3600:100.0|season_day:4000:100.0;season_night:1800:45.0|pros(Serene, creamy sandalwood,132,6;Discreet and comforting,121,6;Gender-neutral,110,6)cons(Soft projection,61,3;Opening can smell sharp, like pencil shavings,55,3)|||||
900160||Dolce&Gabbana;b28|Devotion|2023|gender_for_women||||||a12:100;a13:90;a17:65;a38:50;a50:50;a21:50;a3:50|top(n299,1.0,5.0)middle(n300,1.0,5.0;n27,0.95,4.75;n217,0.9,4.5)base(n29,1.0,5.0)|Olivier Cresp;p8|<p>A gourmand orange-blossom scent: candied lemon on top, orange blossom with a creamy panna-cotta accord and a hint of rum in the heart, and a soft vanilla base. Brighter than many dessert-style gourmands.</p>|4;12549|878|like_love:5500:43.7;like_like:3600:28.6;like_ok:1600:12.7;like_dislike:1400:11.1;like_hate:487:3.9|price_way_overpriced:784:7.8;price_overpriced:1882:18.7;price_ok:4078:40.6;price_good_value:2510:25.0;price_great_value:784:7.8|gvotes_female:7843:76.2;gvotes_more_female:1882:18.3;gvotes_unisex:471:4.6;gvotes_more_male:47:0.5;gvotes_male:47:0.5|longevity_very_weak:376:3.5;longevity_weak:941:8.8;longevity_moderate:4078:38.0;longevity_long_lasting:4078:38.0;longevity_eternal:1255:11.7|sillage_intimate:471:4.7;sillage_moderate:3765:37.5;sillage_strong:4392:43.7;sillage_enormous:1412:14.1|season_winter:4500:93.75;season_spring:3200:66.67;season_summer:2300:47.92;season_fall:4800:100.0|season_day:4500:100.0;season_night:3000:66.67|pros(Bright citrus-vanilla gourmand,301,13;Citrus keeps the sweetness lifted,276,13;Smooth and well blended,251,13)cons(Sweet for some,152,6;Simple structure,139,6;Similar to other orange-blossom vanillas,126,6)|||||
900161||Dolce&Gabbana;b28|K by Dolce&Gabbana|2019|gender_for_men||||||a3:100;a1:85;a7:70;a6:65;a8:45;a10:35|top(n157,1.0,5.0;n262,0.95,4.75;n225,0.9,4.5)middle(n83,1.0,5.0;n160,0.95,4.75;n46,0.9,4.5;n13,0.85,4.25)base(n16,1.0,5.0;n9,0.95,4.75;n18,0.9,4.5)||<p>Blood orange, Sicilian lemon and juniper open onto an aromatic heart of clary sage, lavender, geranium and pimento, over a dry base of vetiver, cedar and patchouli. Fresh and easygoing, it suits daytime wear in most seasons.</p>|3.9;6000|420|like_love:1700:29.7;like_like:2400:42.0;like_ok:1200:21.0;like_dislike:300:5.2;like_hate:120:2.1|price_way_overpriced:200:3.6;price_overpriced:500:9.1;price_ok:2000:36.4;price_good_value:1900:34.5;price_great_value:900:16.4|gvotes_female:40:0.7;gvotes_more_female:70:1.2;gvotes_unisex:600:10.7;gvotes_more_male:1900:33.9;gvotes_male:3000:53.5|longevity_very_weak:250:4.5;longevity_weak:800:14.5;longevity_moderate:2500:45.5;longevity_long_lasting:1600:29.1;longevity_eternal:350:6.4|sillage_intimate:400:7.5;sillage_moderate:2700:50.9;sillage_strong:1800:34.0;sillage_enormous:400:7.5|season_winter:1500:33.33;season_spring:4500:100.0;season_summer:3800:84.44;season_fall:2500:55.56|season_day:5000:100.0;season_night:1600:32.0|pros(Juicy blood-orange opening,144,6;Easy daytime versatility,132,6;Inoffensive in close quarters,120,6)cons(Fades faster than many rivals,66,3;Can feel generic,60,3)|||||
900162||Dolce&Gabbana;b28|Light Blue|2001|gender_for_women||||||a3:100;a6:72;a11:60;a10:55;a1:42;a20:38|top(n262,1.0,5.0;n22,0.95,4.75;n9,0.9,4.5;n301,0.85,4.25)middle(n302,1.0,5.0;n6,0.95,4.75;n221,0.9,4.5)base(n50,1.0,5.0;n35,0.95,4.75;n11,0.9,4.5)|Olivier Cresp;p8|<p>A breezy Mediterranean citrus with crisp green apple over clean cedar and musk, like a sunny afternoon on a Sicilian beach. Light and uncomplicated, it is a staple for holidays and hot days.</p>|3.9;25000|1750|like_love:9000:38.8;like_like:8000:34.5;like_ok:4000:17.2;like_dislike:1500:6.5;like_hate:700:3.0|price_way_overpriced:900:6.4;price_overpriced:2000:14.2;price_ok:5000:35.5;price_good_value:4000:28.4;price_great_value:2200:15.6|gvotes_female:9000:58.3;gvotes_more_female:3500:22.7;gvotes_unisex:2500:16.2;gvotes_more_male:300:1.9;gvotes_male:150:1.0|longevity_very_weak:2500:12.4;longevity_weak:6000:29.7;longevity_moderate:8000:39.6;longevity_long_lasting:3000:14.9;longevity_eternal:700:3.5|sillage_intimate:3500:21.0;sillage_moderate:9000:53.9;sillage_strong:3500:21.0;sillage_enormous:700:4.2|season_winter:1500:6.82;season_spring:16000:72.73;season_summer:22000:100.0;season_fall:3000:13.64|season_day:21000:100.0;season_night:5000:23.81|pros(Crisp lemon-apple opening,650,25;Effortless in the heat,600,25;Easy crowd-pleaser,550,25;Often discounted,500,25)cons(Fades within a few hours,275,13;Very common, you will smell it on others,250,13)|||||
900163||Dolce&Gabbana;b28|Light Blue Eau Intense|2017|gender_for_women||||||a3:100;a11:75;a10:58;a6:55;a15:50;a20:45;a9:35|top(n2,1.0,5.0;n105,0.95,4.75)middle(n88,1.0,5.0;n6,0.95,4.75)base(n130,1.0,5.0;n35,0.95,4.75)|Olivier Cresp;p8|<p>Light Blue's lemon and crisp green apple, deepened with marigold and jasmine and anchored by a warmer amberwood-and-musk base. It keeps the sunny Mediterranean feel of the original but lasts noticeably longer.</p>|4;12000|840|like_love:5000:45.0;like_like:4000:36.0;like_ok:1500:13.5;like_dislike:400:3.6;like_hate:200:1.8|price_way_overpriced:250:3.3;price_overpriced:800:10.5;price_ok:3200:41.8;price_good_value:2500:32.7;price_great_value:900:11.8|gvotes_female:4000:48.4;gvotes_more_female:2500:30.3;gvotes_unisex:1600:19.4;gvotes_more_male:100:1.2;gvotes_male:60:0.7|longevity_very_weak:250:3.0;longevity_weak:800:9.6;longevity_moderate:3500:41.9;longevity_long_lasting:3000:35.9;longevity_eternal:800:9.6|sillage_intimate:300:3.8;sillage_moderate:3500:44.9;sillage_strong:3200:41.0;sillage_enormous:800:10.3|season_winter:900:9.47;season_spring:7000:73.68;season_summer:9500:100.0;season_fall:2000:21.05|season_day:9500:100.0;season_night:2000:21.05|pros(Much better longevity than the original Light Blue,288,12;Bright and clean for hot days,264,12;Easy to like,240,12)cons(Very common scent,132,6;Amberwood base can feel sharp,120,6)|||||
900164||Dolce&Gabbana;b28|Light Blue Pour Homme|2007|gender_for_men||||||a3:100;a1:70;a7:58;a6:48;a20:35;a5:30|top(n87,1.0,5.0;n3,0.95,4.75;n286,0.9,4.5;n8,0.85,4.25)middle(n222,1.0,5.0;n15,0.95,4.75;n261,0.9,4.5)base(n35,1.0,5.0;n23,0.95,4.75;n34,0.9,4.5)|Alberto Morillas;p38|<p>Tangy grapefruit and juniper with a pinch of pepper and rosemary, drying down to a clean, lightly woody musk. A no-fuss seaside citrus that feels like diving into cold water.</p>|3.85;11500|805|like_love:3500:33.8;like_like:4000:38.6;like_ok:2000:19.3;like_dislike:600:5.8;like_hate:250:2.4|price_way_overpriced:300:3.7;price_overpriced:800:9.8;price_ok:2500:30.5;price_good_value:2800:34.1;price_great_value:1800:22.0|gvotes_female:100:0.9;gvotes_more_female:150:1.3;gvotes_unisex:1200:10.5;gvotes_more_male:3000:26.2;gvotes_male:7000:61.1|longevity_very_weak:1200:11.3;longevity_weak:3500:32.9;longevity_moderate:4500:42.3;longevity_long_lasting:1200:11.3;longevity_eternal:250:2.3|sillage_intimate:1800:21.1;sillage_moderate:5000:58.5;sillage_strong:1500:17.5;sillage_enormous:250:2.9|season_winter:500:4.76;season_spring:6500:61.9;season_summer:10500:100.0;season_fall:1200:11.43|season_day:10000:100.0;season_night:2500:25.0|pros(Zesty grapefruit and juniper opening,276,12;Very easy to wear in heat,253,12;Affordable for a designer,230,12)cons(Short-lived on skin,127,6;Generic to some noses,115,6)|||||
900165||Dolce&Gabbana;b28|The One for Men|2008|gender_for_men||||||a28:100;a15:85;a14:70;a3:45;a6:45;a7:40;a1:35|top(n87,1.0,5.0;n93,0.95,4.75;n4,0.9,4.5)middle(n107,1.0,5.0;n24,0.95,4.75;n27,0.9,4.5)base(n60,1.0,5.0;n11,0.95,4.75;n9,0.9,4.5)|Olivier Polge;p48|<p>A smooth, gentlemanly amber-tobacco scent with a bright grapefruit and spice opening. Refined and understated, it suits both cold-weather dinners and offices.</p>|4;15000|1050|like_love:5500:39.7;like_like:5000:36.1;like_ok:2500:18.1;like_dislike:600:4.3;like_hate:250:1.8|price_way_overpriced:300:2.5;price_overpriced:1200:10.2;price_ok:4500:38.1;price_good_value:4000:33.9;price_great_value:1800:15.3|gvotes_female:150:1.2;gvotes_more_female:300:2.4;gvotes_unisex:1500:12.2;gvotes_more_male:3800:31.0;gvotes_male:6500:53.1|longevity_very_weak:800:6.7;longevity_weak:3000:25.0;longevity_moderate:5500:45.8;longevity_long_lasting:2200:18.3;longevity_eternal:500:4.2|sillage_intimate:1800:15.3;sillage_moderate:6500:55.1;sillage_strong:3000:25.4;sillage_enormous:500:4.2|season_winter:9000:94.74;season_spring:4000:42.11;season_summer:1200:12.63;season_fall:9500:100.0|season_day:6000:70.59;season_night:8500:100.0|pros(Smooth, classy tobacco-amber,360,15;Very versatile,330,15;Safe blind buy,300,15)cons(Weak performance as an EDT,180,8;Sits close to the skin after an hour,165,8;Generic to some,150,8)|||||
900166||Elizabeth Arden;b29|Green Tea|1999|gender_for_women||||||a3:100;a2:85;a11:70;a1:55;a5:45;a20:40;a7:35|top(n2,1.0,5.0;n3,0.95,4.75;n20,0.9,4.5;n303,0.85,4.25;n304,0.8,4.0)middle(n38,1.0,5.0;n6,0.95,4.75;n235,0.9,4.5;n305,0.85,4.25)base(n35,1.0,5.0;n34,0.95,4.75;n250,0.9,4.5;n306,0.85,4.25;n11,0.8,4.0;n100,0.75,3.75)|Francis Kurkdjian;p34|<p>A zesty lemon-mint splash around a slightly bitter green tea heart and a whisper of musk. Refreshing and clean, ideal for sticky heat.</p>|3.8;9000|630|like_love:3000:34.9;like_like:3500:40.7;like_ok:1500:17.4;like_dislike:400:4.7;like_hate:200:2.3|price_way_overpriced:80:0.9;price_overpriced:150:1.7;price_ok:800:8.9;price_good_value:2500:27.7;price_great_value:5500:60.9|gvotes_female:2500:28.7;gvotes_more_female:2500:28.7;gvotes_unisex:3200:36.8;gvotes_more_male:300:3.4;gvotes_male:200:2.3|longevity_very_weak:1500:17.5;longevity_weak:3200:37.4;longevity_moderate:3000:35.1;longevity_long_lasting:700:8.2;longevity_eternal:150:1.8|sillage_intimate:2800:35.0;sillage_moderate:4000:50.0;sillage_strong:1000:12.5;sillage_enormous:200:2.5|season_winter:400:5.0;season_spring:6500:81.25;season_summer:8000:100.0;season_fall:800:10.0|season_day:8500:100.0;season_night:800:9.41|pros(Superb value for hot weather,216,9;Clean and genderless,198,9;Safe in offices and humidity,180,9)cons(Short-lived, needs reapplying,108,5;Very light projection,99,5;Simple structure,90,5)|||||
900167||Elizabeth Arden;b29|Red Door|1989|gender_for_women||||||a9:100;a30:80;a17:70;a35:50;a21:50;a52:45;a10:40;a6:40;a18:30|top(n136,1.0,5.0;n168,0.95,4.75;n153,0.9,4.5;n27,0.85,4.25;n159,0.8,4.0)middle(n7,1.0,5.0;n104,0.95,4.75;n6,0.9,4.5;n187,0.85,4.25;n235,0.8,4.0;n97,0.75,3.75;n64,0.7,3.5;n63,0.65,3.25;n99,0.6,3.0)base(n17,1.0,5.0;n34,0.95,4.75;n11,0.9,4.5;n90,0.85,4.25;n35,0.8,4.0;n16,0.75,3.75;n9,0.7,3.5)|Carlos Benaïm;p29|<p>A big, honeyed bouquet of red rose, orange blossom and ylang over mossy sandalwood. Dressy, confident and classically ladylike.</p>|3.9;6500|455|like_love:2600:39.4;like_like:2200:33.3;like_ok:1000:15.2;like_dislike:500:7.6;like_hate:300:4.5|price_way_overpriced:60:1.0;price_overpriced:150:2.4;price_ok:900:14.3;price_good_value:2000:31.7;price_great_value:3200:50.7|gvotes_female:4500:72.3;gvotes_more_female:1300:20.9;gvotes_unisex:350:5.6;gvotes_more_male:40:0.6;gvotes_male:30:0.5|longevity_very_weak:150:2.5;longevity_weak:600:9.9;longevity_moderate:2000:33.1;longevity_long_lasting:2400:39.7;longevity_eternal:900:14.9|sillage_intimate:400:6.8;sillage_moderate:2000:33.9;sillage_strong:2400:40.7;sillage_enormous:1100:18.6|season_winter:2800:87.5;season_spring:3200:100.0;season_summer:1000:31.25;season_fall:3200:100.0|season_day:3500:100.0;season_night:3200:91.43|pros(Elegant for very little money,156,7;Long-lasting floral,143,7;Suits dressy occasions,130,7)cons(Old-fashioned to younger noses,79,3;Can be heady,72,3;Strong in close quarters,65,3)|||||
900168||Escentric Molecules;b30|Molecule 01|2006|gender_for_women_and_men||||||a6:100;a20:50;a15:42;a21:30;a11:28|top(n166,1.0,5.0)|Geza Schoen;p72|<p>Nothing but Iso E Super: a soft, cedar-tinged woody warmth that flickers in and out of perception. It behaves less like a perfume and more like a faint personal aura.</p>|3.6;7000|490|like_love:2600:38.8;like_like:1800:26.9;like_ok:1400:20.9;like_dislike:500:7.5;like_hate:400:6.0|price_way_overpriced:300:6.0;price_overpriced:700:14.0;price_ok:1700:34.0;price_good_value:1500:30.0;price_great_value:800:16.0|gvotes_female:500:7.9;gvotes_more_female:600:9.4;gvotes_unisex:4200:66.1;gvotes_more_male:700:11.0;gvotes_male:350:5.5|longevity_very_weak:1100:20.0;longevity_weak:1200:21.8;longevity_moderate:1600:29.1;longevity_long_lasting:1100:20.0;longevity_eternal:500:9.1|sillage_intimate:1900:38.8;sillage_moderate:1900:38.8;sillage_strong:800:16.3;sillage_enormous:300:6.1|season_winter:2500:69.44;season_spring:3600:100.0;season_summer:2800:77.78;season_fall:3400:94.44|season_day:4800:100.0;season_night:2300:47.92|pros(Unique 'invisible' aura,182,7;Inoffensive and office-safe,168,7;Excellent for layering,154,7;Fair price for niche,140,7)cons(Nose fatigue makes it seem to vanish,84,4;Many people cannot smell it,77,4;Very linear,70,4)|||||
900169||Estée Lauder;b31|Pleasures|1995|gender_for_women||||||a17:100;a9:90;a2:60;a11:55;a21:35;a6:30|top(n41,1.0,5.0;n307,0.95,4.75;n265,0.9,4.5;n19,0.85,4.25)middle(n282,1.0,5.0;n141,0.95,4.75;n308,0.9,4.5;n7,0.85,4.25;n6,0.8,4.0)base(n18,1.0,5.0;n17,0.95,4.75;n35,0.9,4.5)|Annie Buzantian;p73;Alberto Morillas;p38|<p>A dewy, sheer bouquet of lily, peony and lilac lifted by crisp green leaves and a dash of pink pepper. It is gentle, optimistic and effortless to wear.</p>|3.85;6500|455|like_love:3000:46.5;like_like:1900:29.5;like_ok:900:14.0;like_dislike:400:6.2;like_hate:250:3.9|price_way_overpriced:100:1.7;price_overpriced:300:5.1;price_ok:1700:28.8;price_good_value:2300:39.0;price_great_value:1500:25.4|gvotes_female:5200:80.4;gvotes_more_female:900:13.9;gvotes_unisex:300:4.6;gvotes_more_male:40:0.6;gvotes_male:30:0.5|longevity_very_weak:300:4.9;longevity_weak:800:13.1;longevity_moderate:2500:41.0;longevity_long_lasting:2000:32.8;longevity_eternal:500:8.2|sillage_intimate:700:12.2;sillage_moderate:3000:52.2;sillage_strong:1700:29.6;sillage_enormous:350:6.1|season_winter:600:10.91;season_spring:5500:100.0;season_summer:3500:63.64;season_fall:1300:23.64|season_day:5800:100.0;season_night:700:12.07|pros(Easy-to-wear fresh floral,156,7;Great value,143,7;Clean and optimistic,130,7)cons(Feels a bit 90s,72,3;Lily note can be sharp,65,3)|||||
900170||Estée Lauder;b31|White Linen|1978|gender_for_women||||||a33:100;a17:75;a3:60;a21:55;a11:50;a9:48;a18:35;a51:32|top(n72,1.0,5.0;n2,0.95,4.75;n168,0.9,4.5)middle(n7,1.0,5.0;n6,0.95,4.75;n64,0.9,4.5;n161,0.85,4.25;n282,0.8,4.0;n104,0.75,3.75)base(n16,1.0,5.0;n34,0.95,4.75;n90,0.9,4.5;n17,0.85,4.25;n9,0.8,4.0;n11,0.75,3.75)|Sophia Grojsman;p74|<p>Starched-sheets freshness: fizzy aldehydes and citrus over crisp white florals and a faint mossy dryness. Clean, bright and orderly, it feels like a pressed white blouse on a sunny morning.</p>|3.95;6000|420|like_love:2700:45.8;like_like:1700:28.8;like_ok:700:11.9;like_dislike:450:7.6;like_hate:350:5.9|price_way_overpriced:120:2.5;price_overpriced:300:6.4;price_ok:1300:27.5;price_good_value:1800:38.1;price_great_value:1200:25.4|gvotes_female:3500:63.4;gvotes_more_female:1200:21.7;gvotes_unisex:700:12.7;gvotes_more_male:80:1.4;gvotes_male:40:0.7|longevity_very_weak:100:2.2;longevity_weak:350:7.5;longevity_moderate:1600:34.4;longevity_long_lasting:2000:43.0;longevity_eternal:600:12.9|sillage_intimate:300:6.5;sillage_moderate:1800:39.1;sillage_strong:1900:41.3;sillage_enormous:600:13.0|season_winter:800:17.78;season_spring:4500:100.0;season_summer:3800:84.44;season_fall:1200:26.67|season_day:5200:100.0;season_night:900:17.31|pros(Crisp clean-laundry elegance,144,6;Good value,132,6;Perfect for the office,120,6)cons(Sharp aldehydic opening,66,3;Feels dated to some,60,3)|||||
900171||Estée Lauder;b31|Youth Dew|1953|gender_for_women||||||a14:100;a15:85;a31:70;a16:60;a21:50;a22:45;a6:40|top(n94,1.0,5.0;n3,0.95,4.75;n168,0.9,4.5;n72,0.85,4.25)middle(n25,1.0,5.0;n56,0.95,4.75;n7,0.9,4.5;n6,0.85,4.25;n104,0.8,4.0)base(n23,1.0,5.0;n18,0.95,4.75;n288,0.9,4.5;n309,0.85,4.25;n16,0.8,4.0;n34,0.75,3.75;n29,0.7,3.5;n11,0.65,3.25)|Josephine Catapano;p75|<p>A dense, resinous spice oriental of clove, cinnamon and incense that wraps the wearer like a heavy velvet shawl. Unapologetically rich, it is a cold-weather comfort scent with enormous staying power.</p>|3.85;4500|315|like_love:1900:42.2;like_like:1100:24.4;like_ok:600:13.3;like_dislike:450:10.0;like_hate:450:10.0|price_way_overpriced:60:1.8;price_overpriced:150:4.4;price_ok:800:23.5;price_good_value:1300:38.1;price_great_value:1100:32.3|gvotes_female:2400:60.6;gvotes_more_female:900:22.7;gvotes_unisex:500:12.6;gvotes_more_male:100:2.5;gvotes_male:60:1.5|longevity_very_weak:50:1.2;longevity_weak:120:2.9;longevity_moderate:600:14.7;longevity_long_lasting:1800:44.2;longevity_eternal:1500:36.9|sillage_intimate:100:2.5;sillage_moderate:700:17.5;sillage_strong:1800:45.0;sillage_enormous:1400:35.0|season_winter:3000:100.0;season_spring:500:16.67;season_summer:200:6.67;season_fall:2400:80.0|season_day:900:28.13;season_night:3200:100.0|pros(Affordable classic,108,5;Tremendous longevity,99,5;Rich spicy warmth,90,5)cons(Overwhelming if overapplied,50,2;Strongly vintage character,45,2)|||||
900172||Ex Nihilo;b32|Fleur Narcotique|2014|gender_for_women_and_men||||||a17:100;a10:75;a9:60;a20:45;a11:38;a3:30;a18:25|top(n3,1.0,5.0;n249,0.95,4.75;n168,0.9,4.5)middle(n6,1.0,5.0;n141,0.95,4.75;n27,0.9,4.5)base(n35,1.0,5.0;n34,0.95,4.75;n39,0.9,4.5)|Quentin Bisch;p3|<p>A bright, juicy white floral: jasmine and peony lifted by lychee and peach over soft musk. It is cheerful yet polished enough for a wedding or the office.</p>|4.1;5000|350|like_love:2800:56.9;like_like:1300:26.4;like_ok:500:10.2;like_dislike:200:4.1;like_hate:120:2.4|price_way_overpriced:900:26.9;price_overpriced:1100:32.8;price_ok:900:26.9;price_good_value:300:9.0;price_great_value:150:4.5|gvotes_female:1800:38.9;gvotes_more_female:1100:23.8;gvotes_unisex:1500:32.4;gvotes_more_male:150:3.2;gvotes_male:80:1.7|longevity_very_weak:150:3.5;longevity_weak:350:8.1;longevity_moderate:1300:30.2;longevity_long_lasting:1800:41.9;longevity_eternal:700:16.3|sillage_intimate:250:6.0;sillage_moderate:1500:36.1;sillage_strong:1800:43.4;sillage_enormous:600:14.5|season_winter:900:21.43;season_spring:4200:100.0;season_summer:3300:78.57;season_fall:1500:35.71|season_day:4200:100.0;season_night:1300:30.95|pros(Bright, happy floral,120,5;Good longevity,110,5;Versatile and elegant,100,5)cons(Fruity sweetness can feel generic,60,3;High price,55,3;Common among niche fans,50,3)|||||
900173||Frédéric Malle;b33|Carnal Flower|2005|gender_for_women||||||a45:100;a17:90;a2:55;a11:45;a39:40;a20:35|top(n3,1.0,5.0;n43,0.95,4.75;n310,0.9,4.5)middle(n187,1.0,5.0;n6,0.95,4.75;n104,0.9,4.5;n27,0.85,4.25)base(n121,1.0,5.0;n35,0.95,4.75)|Dominique Ropion;p40|<p>A large, naturalistic tuberose given a green, slightly cool edge by eucalyptus and melon, with jasmine, ylang-ylang and a creamy coconut-musk base. Rich and radiant, it is built to be noticed.</p>|4.15;6100|427|like_love:2850:51.9;like_like:1430:26.0;like_ok:660:12.0;like_dislike:330:6.0;like_hate:220:4.0|price_way_overpriced:1020:23.9;price_overpriced:1370:32.1;price_ok:1280:30.0;price_good_value:430:10.1;price_great_value:170:4.0|gvotes_female:2470:45.0;gvotes_more_female:1650:30.1;gvotes_unisex:990:18.0;gvotes_more_male:220:4.0;gvotes_male:160:2.9|longevity_very_weak:98:2.0;longevity_weak:290:5.9;longevity_moderate:1460:29.9;longevity_long_lasting:2150:44.1;longevity_eternal:880:18.0|sillage_intimate:190:4.0;sillage_moderate:1240:26.1;sillage_strong:2280:47.9;sillage_enormous:1050:22.1|season_winter:1220:23.55;season_spring:5180:100.0;season_summer:4580:88.42;season_fall:1830:35.33|season_day:4580:100.0;season_night:3660:79.91|pros(Rich, realistic tuberose,134,6;Excellent projection and longevity,122,6)cons(Very expensive,67,3;Overwhelming if over-applied,61,3)|||||
900174||Frédéric Malle;b33|Geranium pour Monsieur|2009|gender_for_men||||||a1:100;a7:78;a20:65;a14:55;a11:48;a9:38|top(n20,1.0,5.0)middle(n46,1.0,5.0;n56,0.95,4.75;n25,0.9,4.5)base(n17,1.0,5.0;n23,0.95,4.75;n110,0.9,4.5)|Dominique Ropion;p40|<p>A cool, minty geranium with clove and cinnamon adding bite, settling onto sandalwood, incense and clean white musk. Fresh and crisp yet grown-up, it sits between a barbershop aromatic and a modern musk.</p>|4.1;2500|175|like_love:990:43.8;like_like:720:31.9;like_ok:340:15.1;like_dislike:140:6.2;like_hate:68:3.0|price_way_overpriced:320:18.3;price_overpriced:520:29.7;price_ok:600:34.3;price_good_value:210:12.0;price_great_value:100:5.7|gvotes_female:45:2.0;gvotes_more_female:90:4.0;gvotes_unisex:720:31.9;gvotes_more_male:860:38.1;gvotes_male:540:23.9|longevity_very_weak:80:4.0;longevity_weak:280:14.0;longevity_moderate:920:46.0;longevity_long_lasting:600:30.0;longevity_eternal:120:6.0|sillage_intimate:270:13.9;sillage_moderate:1090:56.0;sillage_strong:490:25.2;sillage_enormous:98:5.0|season_winter:1000:47.17;season_spring:2120:100.0;season_summer:1380:65.09;season_fall:1500:70.75|season_day:2250:100.0;season_night:1000:44.44|pros(Fresh, clean and distinctive,55,3;Easy to wear at work,50,3)cons(Minty opening is polarizing,28,1;Modest sillage,25,1)|||||
900175||Frédéric Malle;b33|Iris Poudre|2000|gender_for_women||||||a36:100;a21:90;a33:70;a9:55;a20:50;a6:35|top(n72,1.0,5.0;n3,0.95,4.75;n261,0.9,4.5;n94,0.85,4.25)middle(n161,1.0,5.0;n235,0.95,4.75;n153,0.9,4.5;n104,0.85,4.25;n6,0.8,4.0;n7,0.75,3.75)base(n35,1.0,5.0;n29,0.95,4.75;n30,0.9,4.5;n16,0.85,4.25;n17,0.8,4.0;n311,0.75,3.75)|Pierre Bourdon;p58|<p>A soft-focus, aldehydic iris with a warm, cashmere-like musk. It is very elegant, like a silk blouse with pearls.</p>|4.05;3500|245|like_love:1800:51.9;like_like:1000:28.8;like_ok:400:11.5;like_dislike:180:5.2;like_hate:90:2.6|price_way_overpriced:700:25.0;price_overpriced:900:32.1;price_ok:800:28.6;price_good_value:300:10.7;price_great_value:100:3.6|gvotes_female:1800:52.6;gvotes_more_female:900:26.3;gvotes_unisex:600:17.5;gvotes_more_male:80:2.3;gvotes_male:40:1.2|longevity_very_weak:120:3.7;longevity_weak:350:10.7;longevity_moderate:1100:33.6;longevity_long_lasting:1300:39.8;longevity_eternal:400:12.2|sillage_intimate:500:15.9;sillage_moderate:1600:50.8;sillage_strong:900:28.6;sillage_enormous:150:4.8|season_winter:1400:58.33;season_spring:2400:100.0;season_summer:500:20.83;season_fall:2100:87.5|season_day:2800:100.0;season_night:1100:39.29|pros(Supremely elegant iris,84,4;Long-lasting,77,4;Timeless boardroom chic,70,4)cons(Very expensive,39,2;Powdery aldehydes can feel old-fashioned,35,2)|||||
900176||Frédéric Malle;b33|Lipstick Rose|2000|gender_for_women||||||a30:100;a21:88;a41:70;a12:55;a36:45;a13:40;a20:35|top(n87,1.0,5.0)middle(n7,1.0,5.0;n153,0.95,4.75;n161,0.9,4.5)base(n29,1.0,5.0;n35,0.95,4.75;n11,0.9,4.5;n16,0.85,4.25)|Ralf Schwieger;p15|<p>A powdery rose and violet composition sweetened with vanilla and iris, built to evoke vintage lipstick and face powder. Playful and retro, with a waxy cosmetic character that divides opinion.</p>|3.95;3500|245|like_love:1200:38.1;like_like:880:27.9;like_ok:500:15.9;like_dislike:350:11.1;like_hate:220:7.0|price_way_overpriced:590:24.1;price_overpriced:780:31.9;price_ok:740:30.2;price_good_value:240:9.8;price_great_value:98:4.0|gvotes_female:1640:52.1;gvotes_more_female:940:29.9;gvotes_unisex:440:14.0;gvotes_more_male:63:2.0;gvotes_male:63:2.0|longevity_very_weak:84:3.0;longevity_weak:280:10.0;longevity_moderate:1180:42.1;longevity_long_lasting:1010:36.0;longevity_eternal:250:8.9|sillage_intimate:270:9.9;sillage_moderate:1310:48.0;sillage_strong:930:34.1;sillage_enormous:220:8.1|season_winter:1750:62.5;season_spring:2800:100.0;season_summer:1050:37.5;season_fall:1750:62.5|season_day:2800:100.0;season_night:1930:68.93|pros(Distinctive retro character,77,4;Pretty rose-violet powder,70,4)cons(Very cosmetic and polarizing,39,2;Can feel dated to some,35,2)|||||
900177||Frédéric Malle;b33|Musc Ravageur|2000|gender_for_women_and_men||||||a14:100;a12:88;a15:75;a20:70;a16:55;a13:45;a26:30|top(n3,1.0,5.0;n13,0.95,4.75;n42,0.9,4.5)middle(n25,1.0,5.0;n56,0.95,4.75)base(n29,1.0,5.0;n35,0.95,4.75;n11,0.9,4.5;n30,0.85,4.25;n17,0.8,4.0;n70,0.75,3.75;n9,0.7,3.5)|Maurice Roucel;p76|<p>A warm, spicy musk where cinnamon and clove sit over a thick base of vanilla, amber, tonka and soft woods, opened by a brief flash of lavender and citrus. Sensual and enveloping, with strong staying power.</p>|4.15;5600|392|like_love:2520:50.1;like_like:1410:28.0;like_ok:600:11.9;like_dislike:300:6.0;like_hate:200:4.0|price_way_overpriced:710:18.1;price_overpriced:1180:30.0;price_ok:1330:33.8;price_good_value:470:12.0;price_great_value:240:6.1|gvotes_female:500:9.9;gvotes_more_female:710:14.1;gvotes_unisex:2420:48.0;gvotes_more_male:910:18.1;gvotes_male:500:9.9|longevity_very_weak:90:2.0;longevity_weak:220:4.9;longevity_moderate:1160:25.9;longevity_long_lasting:2020:45.1;longevity_eternal:990:22.1|sillage_intimate:170:3.9;sillage_moderate:1310:30.0;sillage_strong:2010:46.1;sillage_enormous:870:20.0|season_winter:5040:100.0;season_spring:1680:33.33;season_summer:450:8.93;season_fall:4480:88.89|season_day:1680:33.33;season_night:5040:100.0|pros(Long-lasting and warm,123,6;Sensual evening scent,112,6)cons(Too heavy for hot weather,62,3;Sweetness can feel dense,56,3)|||||
900178||Frédéric Malle;b33|Portrait of a Lady|2010|gender_for_women||||||a30:100;a22:80;a15:65;a6:60;a14:55;a24:45;a10:35|top(n228,1.0,5.0;n115,0.95,4.75;n21,0.9,4.5;n25,0.85,4.25;n56,0.8,4.0)middle(n18,1.0,5.0;n17,0.95,4.75;n23,0.9,4.5)base(n90,1.0,5.0;n35,0.95,4.75;n11,0.9,4.5)|Dominique Ropion;p40|<p>A monumental dark rose saturated with patchouli, incense and berry-tinged spice. Regal and brooding, it projects authority and romance in equal measure.</p>|4.3;9000|630|like_love:5800:63.7;like_like:2000:22.0;like_ok:700:7.7;like_dislike:350:3.8;like_hate:250:2.7|price_way_overpriced:1400:20.9;price_overpriced:2000:29.9;price_ok:2200:32.8;price_good_value:800:11.9;price_great_value:300:4.5|gvotes_female:3000:33.1;gvotes_more_female:2300:25.4;gvotes_unisex:3000:33.1;gvotes_more_male:500:5.5;gvotes_male:250:2.8|longevity_very_weak:60:0.8;longevity_weak:150:2.0;longevity_moderate:800:10.7;longevity_long_lasting:3500:46.6;longevity_eternal:3000:39.9|sillage_intimate:80:1.2;sillage_moderate:700:10.2;sillage_strong:3300:48.0;sillage_enormous:2800:40.7|season_winter:6000:100.0;season_spring:1500:25.0;season_summer:400:6.67;season_fall:6000:100.0|season_day:1800:29.03;season_night:6200:100.0|pros(Majestic dark rose,216,9;Monumental performance,198,9;Luxurious depth,180,9)cons(Very expensive,99,5;Overwhelming in heat,90,5)|||||
900179||Frédéric Malle;b33|Vetiver Extraordinaire|2002|gender_for_men||||||a6:100;a43:82;a7:55;a3:45;a24:35;a1:30|top(n3,1.0,5.0;n19,0.95,4.75)middle(n16,1.0,5.0;n9,0.95,4.75)base(n17,1.0,5.0;n73,0.95,4.75;n35,0.9,4.5)|Dominique Ropion;p40|<p>A vetiver built on an unusually large dose of the material, kept dry, woody and slightly smoky, sharpened by bergamot and pink pepper and rounded by cedar and myrrh. Clean-cut and refined rather than rough or earthy-damp.</p>|4.15;2600|182|like_love:1080:46.0;like_like:750:31.9;like_ok:330:14.0;like_dislike:120:5.1;like_hate:70:3.0|price_way_overpriced:330:18.0;price_overpriced:550:30.1;price_ok:620:33.9;price_good_value:220:12.0;price_great_value:110:6.0|gvotes_female:47:2.0;gvotes_more_female:94:4.0;gvotes_unisex:800:34.2;gvotes_more_male:840:35.9;gvotes_male:560:23.9|longevity_very_weak:62:3.0;longevity_weak:210:10.0;longevity_moderate:920:44.0;longevity_long_lasting:730:34.9;longevity_eternal:170:8.1|sillage_intimate:280:13.8;sillage_moderate:1120:55.2;sillage_strong:530:26.1;sillage_enormous:100:4.9|season_winter:780:37.5;season_spring:2080:100.0;season_summer:1560:75.0;season_fall:1820:87.5|season_day:2390:100.0;season_night:910:38.08|pros(Crisp, polished vetiver,57,3;Office and formal friendly,52,3)cons(Austere for those wanting sweetness,29,1;Premium price,26,1)|||||
900180||French Avenue;b34|Vulcan Feu|2025|gender_for_women_and_men||||||a19:100;a10:98;a13:92;a3:73;a6:56;a11:56;a7:55;a15:51|top(n24,1.0,5.0;n312,0.95,4.75;n2,0.9,4.5;n304,0.85,4.25)middle(n6,1.0,5.0;n153,0.95,4.75;n122,0.9,4.5;n19,0.85,4.25)base(n50,1.0,5.0;n36,0.95,4.75;n30,0.9,4.5;n49,0.85,4.25)||<p>Ripe mango and ginger with a tart rhubarb-lemon edge, softened by a praline, jasmine and violet heart and grounded in cedar, ambergris, tonka and moss. Fruity, spicy and sweet at once; sold as an extrait de parfum.</p>|4.1;1500|105|like_love:700:48.6;like_like:450:31.3;like_ok:200:13.9;like_dislike:60:4.2;like_hate:30:2.1|price_way_overpriced:10:0.7;price_overpriced:20:1.4;price_ok:200:14.5;price_good_value:450:32.6;price_great_value:700:50.7|gvotes_female:120:7.9;gvotes_more_female:200:13.2;gvotes_unisex:750:49.3;gvotes_more_male:300:19.7;gvotes_male:150:9.9|longevity_very_weak:20:1.4;longevity_weak:80:5.7;longevity_moderate:400:28.6;longevity_long_lasting:650:46.4;longevity_eternal:250:17.9|sillage_intimate:40:2.8;sillage_moderate:450:31.3;sillage_strong:700:48.6;sillage_enormous:250:17.4|season_winter:400:40.0;season_spring:1000:100.0;season_summer:900:90.0;season_fall:700:70.0|season_day:1100:100.0;season_night:800:72.73|pros(Distinctive mango-ginger opening,36,2;Extrait concentration,33,2;Good performance for the price,30,2)cons(Fruity sweetness can be too much for some,17,1;Leans casual rather than formal,15,1)|||||
900181||Giorgio Armani;b35|Acqua di Giò|1996|gender_for_men||||||a3:100;a37:85;a4:70;a7:50;a1:45;a9:45;a6:35;a10:30|top(n151,1.0,5.0;n2,0.95,4.75;n3,0.9,4.5;n37,0.85,4.25;n94,0.8,4.0;n103,0.75,3.75)middle(n5,1.0,5.0;n6,0.95,4.75;n313,0.9,4.5;n168,0.85,4.25;n15,0.8,4.0;n63,0.75,3.75)base(n110,1.0,5.0;n9,0.95,4.75;n34,0.9,4.5;n18,0.85,4.25;n11,0.8,4.0)|Alberto Morillas;p38|<p>The archetypal nineties aquatic: zesty citrus and salty sea breeze softened by light florals and musk. Breezy, clean and effortless on a hot day.</p>|3.9;25000|1750|like_love:10000:40.8;like_like:8000:32.7;like_ok:4000:16.3;like_dislike:1500:6.1;like_hate:1000:4.1|price_way_overpriced:900:5.1;price_overpriced:2500:14.1;price_ok:6500:36.7;price_good_value:5000:28.2;price_great_value:2800:15.8|gvotes_female:250:1.2;gvotes_more_female:150:0.7;gvotes_unisex:2500:12.0;gvotes_more_male:4500:21.5;gvotes_male:13500:64.6|longevity_very_weak:1500:7.8;longevity_weak:3500:18.2;longevity_moderate:8000:41.7;longevity_long_lasting:5000:26.0;longevity_eternal:1200:6.3|sillage_intimate:2500:14.1;sillage_moderate:9000:50.8;sillage_strong:5000:28.2;sillage_enormous:1200:6.8|season_winter:1500:7.5;season_spring:14000:70.0;season_summer:20000:100.0;season_fall:3500:17.5|season_day:21000:100.0;season_night:3500:16.67|pros(Timeless summer freshness,600,25;Inoffensive and clean,550,25;Widely available,500,25)cons(Very common,300,13;Can feel dated,275,13;Average longevity,250,13)|||||
900182||Giorgio Armani;b35|Acqua di Giò Eau de Parfum|2022|gender_for_men||||||a1:100;a4:72;a55:62;a3:59;a7:49;a8:47;a42:46;a6:46|top(n203,1.0,5.0;n314,0.95,4.75)middle(n160,1.0,5.0;n13,0.95,4.75;n46,0.9,4.5)base(n18,1.0,5.0;n16,0.95,4.75;n315,0.9,4.5)|Alberto Morillas;p38|<p>Green mandarin and a salty marine accord lead into clary sage, lavender and geranium, drying down to patchouli and vetiver with a mineral edge. It keeps the aquatic idea of the original but reads darker, more herbal and more grown-up.</p>|4.1;7000|490|like_love:3300:46.5;like_like:2500:35.2;like_ok:900:12.7;like_dislike:250:3.5;like_hate:150:2.1|price_way_overpriced:200:3.6;price_overpriced:650:11.7;price_ok:2200:39.6;price_good_value:1800:32.4;price_great_value:700:12.6|gvotes_female:50:0.7;gvotes_more_female:60:0.8;gvotes_unisex:500:6.9;gvotes_more_male:1800:25.0;gvotes_male:4800:66.6|longevity_very_weak:250:4.1;longevity_weak:700:11.5;longevity_moderate:2600:42.6;longevity_long_lasting:2100:34.4;longevity_eternal:450:7.4|sillage_intimate:500:8.9;sillage_moderate:2800:50.0;sillage_strong:1900:33.9;sillage_enormous:400:7.1|season_winter:900:16.07;season_spring:5000:89.29;season_summer:5600:100.0;season_fall:2500:44.64|season_day:6000:100.0;season_night:1800:30.0|pros(Deeper take on a familiar aquatic,168,7;Easy in the office and in heat,154,7;Refillable bottle,140,7)cons(Sage opening can feel sharp,77,4;Close enough to other blue scents to seem safe,70,4)|||||
900183||Giorgio Armani;b35|Acqua di Giò Profondo|2020|gender_for_men||||||a37:100;a4:85;a3:70;a1:65;a55:45;a7:40;a20:35|top(n316,1.0,5.0;n3,0.95,4.75;n203,0.9,4.5)middle(n15,1.0,5.0;n13,0.95,4.75;n167,0.9,4.5;n10,0.85,4.25)base(n315,1.0,5.0;n11,0.95,4.75;n35,0.9,4.5;n18,0.85,4.25)|Alberto Morillas;p38|<p>A deeper, saltier variation on Acqua di Giò: marine notes and green mandarin over rosemary, lavender and cypress, drying down to a mineral amber and musk. Cool and aquatic, with more depth than the original.</p>|4.1;10000|700|like_love:4000:41.2;like_like:3700:38.1;like_ok:1400:14.4;like_dislike:400:4.1;like_hate:200:2.1|price_way_overpriced:300:3.8;price_overpriced:800:10.0;price_ok:2800:35.0;price_good_value:2800:35.0;price_great_value:1300:16.3|gvotes_female:50:0.5;gvotes_more_female:100:1.1;gvotes_unisex:900:9.7;gvotes_more_male:3200:34.6;gvotes_male:5000:54.1|longevity_very_weak:200:2.2;longevity_weak:700:7.9;longevity_moderate:3600:40.4;longevity_long_lasting:3600:40.4;longevity_eternal:800:9.0|sillage_intimate:400:4.5;sillage_moderate:3900:43.8;sillage_strong:3700:41.6;sillage_enormous:900:10.1|season_winter:1200:13.33;season_spring:7000:77.78;season_summer:9000:100.0;season_fall:3000:33.33|season_day:9000:100.0;season_night:3500:38.89|pros(Clean marine freshness that suits heat,240,10;More depth than the original,220,10;Easy daytime and office wear,200,10)cons(Close to many other blue scents,110,5;Less interesting in cold weather,100,5)|||||
900184||Giorgio Armani;b35|Acqua di Giò Profumo|2015|gender_for_men||||||a37:100;a1:82;a4:70;a24:55;a3:50;a22:42;a7:40|top(n5,1.0,5.0;n3,0.95,4.75)middle(n15,1.0,5.0;n47,0.95,4.75;n46,0.9,4.5)base(n23,1.0,5.0;n18,0.95,4.75)|Alberto Morillas;p38|<p>A darker, more grown-up aquatic where sea spray and herbs meet smoky incense and earthy patchouli. Fresh yet deep, like a coastline at dusk.</p>|4.3;13000|910|like_love:7500:60.5;like_like:3500:28.2;like_ok:900:7.3;like_dislike:300:2.4;like_hate:200:1.6|price_way_overpriced:400:4.3;price_overpriced:1300:14.1;price_ok:3500:38.0;price_good_value:2800:30.4;price_great_value:1200:13.0|gvotes_female:80:0.8;gvotes_more_female:50:0.5;gvotes_unisex:500:4.7;gvotes_more_male:2000:18.8;gvotes_male:8000:75.3|longevity_very_weak:200:1.9;longevity_weak:800:7.5;longevity_moderate:3600:33.6;longevity_long_lasting:4800:44.9;longevity_eternal:1300:12.1|sillage_intimate:500:4.9;sillage_moderate:4600:44.7;sillage_strong:4200:40.8;sillage_enormous:1000:9.7|season_winter:2500:26.32;season_spring:9500:100.0;season_summer:9000:94.74;season_fall:5000:52.63|season_day:10500:100.0;season_night:5000:47.62|pros(More depth than the original,312,13;Good performance for an aquatic,286,13;Works year-round,260,13)cons(Incense may feel heavy to some,143,7;Pricier than the original,130,7)|||||
900185||Giorgio Armani;b35|Acqua di Gioia|2010|gender_for_women||||||a3:100;a11:85;a37:75;a2:60;a1:50;a6:40|top(n2,1.0,5.0;n20,0.95,4.75)middle(n317,1.0,5.0;n141,0.95,4.75;n19,0.9,4.5)base(n318,1.0,5.0;n9,0.95,4.75;n92,0.9,4.5)|Loc Dong;p28;Anne Flipo;p77;Dominique Ropion;p40|<p>A breezy splash of lemon and mint with watery jasmine over soft woods and a trace of brown sugar. Clean, sunny and energizing.</p>|3.85;7700|539|like_love:2800:36.4;like_like:2800:36.4;like_ok:1300:16.9;like_dislike:500:6.5;like_hate:300:3.9|price_way_overpriced:300:4.9;price_overpriced:800:13.1;price_ok:2400:39.3;price_good_value:1800:29.5;price_great_value:800:13.1|gvotes_female:4500:71.4;gvotes_more_female:1000:15.9;gvotes_unisex:700:11.1;gvotes_more_male:60:1.0;gvotes_male:40:0.6|longevity_very_weak:700:10.6;longevity_weak:1800:27.3;longevity_moderate:2500:37.9;longevity_long_lasting:1300:19.7;longevity_eternal:300:4.5|sillage_intimate:1300:22.0;sillage_moderate:3000:50.8;sillage_strong:1300:22.0;sillage_enormous:300:5.1|season_winter:400:5.71;season_spring:5500:78.57;season_summer:7000:100.0;season_fall:900:12.86|season_day:7000:100.0;season_night:1000:14.29|pros(Very refreshing in heat,184,8;Easy daytime scent,169,8;Good value,154,8)cons(Short-lived,93,4;Little projection after an hour,85,4;Mint can feel sporty,77,4)|||||
900186||Giorgio Armani;b35|My Way|2020|gender_for_women||||||a17:100;a45:60;a3:60;a26:45;a12:45;a20:35|top(n3,1.0,5.0;n27,0.95,4.75)middle(n187,1.0,5.0;n6,0.95,4.75)base(n29,1.0,5.0;n110,0.95,4.75;n9,0.9,4.5)|Carlos Benaïm;p29;Bruno Jovanovic;p25|<p>A clean, sunny white floral: bergamot and orange blossom up top, a creamy tuberose-jasmine heart and a soft vanilla-musk base. Bright and easygoing, it sits between fresh and creamy.</p>|3.8;13817|967|like_love:4600:33.4;like_like:4600:33.4;like_ok:2100:15.3;like_dislike:1800:13.1;like_hate:656:4.8|price_way_overpriced:650:6.2;price_overpriced:1788:16.9;price_ok:4226:40.0;price_good_value:2926:27.7;price_great_value:975:9.2|gvotes_female:9428:77.8;gvotes_more_female:2113:17.4;gvotes_unisex:488:4.0;gvotes_more_male:49:0.4;gvotes_male:41:0.3|longevity_very_weak:650:5.3;longevity_weak:1626:13.3;longevity_moderate:4877:40.0;longevity_long_lasting:3901:32.0;longevity_eternal:1138:9.3|sillage_intimate:813:7.2;sillage_moderate:4877:43.5;sillage_strong:4226:37.7;sillage_enormous:1300:11.6|season_winter:1900:35.19;season_spring:5400:100.0;season_summer:3900:72.22;season_fall:2700:50.0|season_day:5300:100.0;season_night:2000:37.74|pros(Clean, bright white florals,332,14;Office-friendly,304,14;Refillable bottle,276,14)cons(Fairly generic profile,166,7;Tuberose can turn sharp,152,7;Moderate longevity,138,7)|||||
900187||Giorgio Armani;b35|Sì|2013|gender_for_women||||||a10:100;a13:85;a12:75;a6:50;a15:45;a22:40;a30:32|top(n21,1.0,5.0)middle(n7,1.0,5.0;n63,0.95,4.75)base(n29,1.0,5.0;n18,0.95,4.75;n133,0.9,4.5;n39,0.85,4.25)|Christine Nagel;p78|<p>A lush blackcurrant chypre over a smooth base of vanilla, patchouli and woods. Grown-up, warm and quietly sensual.</p>|4.1;14500|1015|like_love:7000:48.3;like_like:4500:31.0;like_ok:1800:12.4;like_dislike:700:4.8;like_hate:500:3.4|price_way_overpriced:700:7.1;price_overpriced:1800:18.2;price_ok:4000:40.4;price_good_value:2500:25.3;price_great_value:900:9.1|gvotes_female:9500:85.7;gvotes_more_female:1200:10.8;gvotes_unisex:300:2.7;gvotes_more_male:40:0.4;gvotes_male:50:0.5|longevity_very_weak:400:3.3;longevity_weak:800:6.6;longevity_moderate:3500:28.7;longevity_long_lasting:5500:45.1;longevity_eternal:2000:16.4|sillage_intimate:700:6.3;sillage_moderate:4500:40.2;sillage_strong:4500:40.2;sillage_enormous:1500:13.4|season_winter:8500:89.47;season_spring:5500:57.89;season_summer:1500:15.79;season_fall:9500:100.0|season_day:6000:70.59;season_night:8500:100.0|pros(Elegant and polished,348,15;Long lasting,319,15;Draws compliments,290,15)cons(Blackcurrant can be sharp,175,7;Heavy for summer,160,7;Sweet dry-down,145,7)|||||
900188||Giorgio Armani;b35|Sì Passione|2017|gender_for_women||||||a10:100;a13:88;a6:64;a12:60;a30:52;a53:42|top(n76,1.0,5.0;n21,0.95,4.75;n19,0.9,4.5;n87,0.85,4.25)middle(n31,1.0,5.0;n7,0.95,4.75;n6,0.9,4.5;n287,0.85,4.25)base(n29,1.0,5.0;n9,0.95,4.75;n18,0.9,4.5;n130,0.85,4.25)|Christine Nagel;p78;Julie Massé;p79|<p>Juicy blackcurrant and pear sharpened with pink pepper and grapefruit, moving into rose, jasmine and a touch of pineapple over a warm vanilla, cedar and patchouli base. More fruit-forward and playful than the original Sì, with an openly sweet character.</p>|3.9;8500|595|like_love:3800:46.1;like_like:2600:31.5;like_ok:1200:14.5;like_dislike:400:4.8;like_hate:250:3.0|price_way_overpriced:200:5.0;price_overpriced:600:15.0;price_ok:1800:45.0;price_good_value:1000:25.0;price_great_value:400:10.0|gvotes_female:4500:74.0;gvotes_more_female:1200:19.7;gvotes_unisex:300:4.9;gvotes_more_male:40:0.7;gvotes_male:40:0.7|longevity_very_weak:250:4.1;longevity_weak:600:9.9;longevity_moderate:2200:36.4;longevity_long_lasting:2300:38.0;longevity_eternal:700:11.6|sillage_intimate:400:7.0;sillage_moderate:2400:42.1;sillage_strong:2200:38.6;sillage_enormous:700:12.3|season_winter:4000:66.67;season_spring:6000:100.0;season_summer:2500:41.67;season_fall:5500:91.67|season_day:5500:100.0;season_night:5500:100.0|pros(Cheerful fruity sweetness that is easy to like,204,9;Holds well for an eau de parfum,187,9;Works for day and evening,170,9)cons(Sweetness can turn cloying in heat,94,4;Less nuanced than the original Sì,85,4)|||||
900189||Giorgio Armani;b35|Stronger With You|2017|gender_for_men||||||a13:100;a14:80;a12:70;a34:55;a7:50;a1:45;a6:30|top(n107,1.0,5.0;n19,0.95,4.75;n265,0.9,4.5)middle(n47,1.0,5.0)base(n29,1.0,5.0;n319,0.95,4.75)||<p>Cardamom, pink pepper and violet leaf open onto sage, then settle into a soft base of vanilla and candied chestnut. Sweet, warm and approachable, it is a casual cold-weather scent rather than a formal one.</p>|4.1;16000|1120|like_love:6500:42.3;like_like:5500:35.8;like_ok:2300:15.0;like_dislike:700:4.6;like_hate:350:2.3|price_way_overpriced:300:2.1;price_overpriced:700:5.0;price_ok:3500:25.0;price_good_value:5000:35.7;price_great_value:4500:32.1|gvotes_female:200:1.3;gvotes_more_female:400:2.7;gvotes_unisex:2400:16.1;gvotes_more_male:5200:34.9;gvotes_male:6700:45.0|longevity_very_weak:600:4.3;longevity_weak:1800:12.9;longevity_moderate:6000:42.9;longevity_long_lasting:4500:32.1;longevity_eternal:1100:7.9|sillage_intimate:800:5.9;sillage_moderate:6500:48.1;sillage_strong:5000:37.0;sillage_enormous:1200:8.9|season_winter:11000:100.0;season_spring:6000:54.55;season_summer:1500:13.64;season_fall:10500:95.45|season_day:8500:85.0;season_night:10000:100.0|pros(Cosy chestnut-vanilla warmth,384,16;Affordable for a designer release,352,16;Easy to wear casually,320,16)cons(Projection drops after the first hours,176,8;Can read too sweet for some,160,8)|||||
900190||Giorgio Armani;b35|Stronger With You Absolutely|2021|gender_for_men||||||a12:100;a6:90;a31:82;a50:80;a1:74;a14:68;a34:58;a8:56;a13:55|top(n3,1.0,5.0;n61,0.95,4.75;n217,0.9,4.5)middle(n13,1.0,5.0;n95,0.95,4.75)base(n29,1.0,5.0;n18,0.95,4.75;n9,0.9,4.5;n319,0.85,4.25)|Cécile Matton;p80|<p>A boozy rum accord with bergamot and elemi opens onto lavender and fruity davana, settling into chestnut, vanilla, cedar and patchouli. Dense, sweet and resinous, it is a cold-weather evening scent.</p>|4.2;9000|630|like_love:5200:58.4;like_like:2400:27.0;like_ok:800:9.0;like_dislike:300:3.4;like_hate:200:2.2|price_way_overpriced:250:3.5;price_overpriced:700:9.9;price_ok:2200:31.2;price_good_value:2600:36.9;price_great_value:1300:18.4|gvotes_female:80:0.9;gvotes_more_female:150:1.6;gvotes_unisex:900:9.9;gvotes_more_male:2500:27.4;gvotes_male:5500:60.2|longevity_very_weak:150:1.9;longevity_weak:350:4.4;longevity_moderate:1800:22.5;longevity_long_lasting:3900:48.8;longevity_eternal:1800:22.5|sillage_intimate:250:3.3;sillage_moderate:2000:26.5;sillage_strong:3800:50.3;sillage_enormous:1500:19.9|season_winter:6500:100.0;season_spring:1800:27.69;season_summer:500:7.69;season_fall:6000:92.31|season_day:2800:37.33;season_night:7500:100.0|pros(Rich boozy-vanilla character,216,9;Long-lasting,198,9;Cosy in cold weather,180,9)cons(Too sweet for hot days,99,5;Heavy in close quarters,90,5)|||||
900191||Giorgio Armani;b35|Stronger With You Intensely|2019|gender_for_men||||||a13:100;a12:85;a15:65;a14:60;a40:50;a8:45;a16:40|top(n19,1.0,5.0;n8,0.95,4.75;n42,0.9,4.5;n107,0.85,4.25)middle(n162,1.0,5.0;n25,0.95,4.75;n13,0.9,4.5;n47,0.85,4.25)base(n29,1.0,5.0;n30,0.95,4.75;n11,0.9,4.5;n109,0.85,4.25)||<p>A dense, sweet amber in which pink pepper and juniper give way to toffee, cinnamon and lavender before a long vanilla, tonka and amber drydown. Warm and syrupy, it is the heavier sibling of Stronger With You.</p>|4.3;21000|1470|like_love:10500:52.8;like_like:6000:30.2;like_ok:2200:11.1;like_dislike:800:4.0;like_hate:400:2.0|price_way_overpriced:400:2.6;price_overpriced:900:5.9;price_ok:3500:22.9;price_good_value:6000:39.2;price_great_value:4500:29.4|gvotes_female:300:1.6;gvotes_more_female:600:3.1;gvotes_unisex:3200:16.8;gvotes_more_male:6500:34.0;gvotes_male:8500:44.5|longevity_very_weak:250:1.4;longevity_weak:700:3.8;longevity_moderate:3800:20.8;longevity_long_lasting:8500:46.6;longevity_eternal:5000:27.4|sillage_intimate:400:2.2;sillage_moderate:4000:22.3;sillage_strong:8500:47.5;sillage_enormous:5000:27.9|season_winter:18000:100.0;season_spring:5000:27.78;season_summer:1500:8.33;season_fall:14000:77.78|season_day:8000:50.0;season_night:16000:100.0|pros(Very long-lasting,504,21;Cosy sweetness for cold nights,462,21;Good value for its performance,420,21)cons(Can be cloying in heat,231,11;Too sweet for some tastes,210,11)|||||
900192||Givenchy;b36|Ange ou Démon|2006|gender_for_women||||||a12:100;a13:85;a14:75;a17:65;a1:55;a6:50;a52:40;a31:30|top(n40,1.0,5.0;n113,0.95,4.75;n42,0.9,4.5)middle(n233,1.0,5.0;n104,0.95,4.75;n99,0.9,4.5)base(n29,1.0,5.0;n30,0.95,4.75;n251,0.9,4.5;n34,0.85,4.25)|Olivier Cresp;p8;Jean-Pierre Bethouart;p81|<p>A spicy floral-oriental that opens with saffron, mandarin and a herbal thyme accent, then moves into lily, ylang-ylang and orchid over a warm vanilla, tonka, rosewood and oakmoss base. Dark and brooding in feel, with a sweet but not sugary finish.</p>|3.84;13400|938|like_love:6365:48.1;like_like:3852:29.1;like_ok:1675:12.7;like_dislike:754:5.7;like_hate:586:4.4|price_way_overpriced:251:3.0;price_overpriced:670:7.9;price_ok:3015:35.6;price_good_value:3015:35.6;price_great_value:1508:17.8|gvotes_female:8040:75.9;gvotes_more_female:1675:15.8;gvotes_unisex:754:7.1;gvotes_more_male:67:0.6;gvotes_male:50:0.5|longevity_very_weak:251:2.2;longevity_weak:586:5.1;longevity_moderate:2512:21.7;longevity_long_lasting:5360:46.4;longevity_eternal:2848:24.6|sillage_intimate:335:3.2;sillage_moderate:2512:24.2;sillage_strong:5025:48.4;sillage_enormous:2512:24.2|season_winter:8375:100.0;season_spring:2848:34.01;season_summer:838:10.01;season_fall:7705:92.0|season_day:4020:44.44;season_night:9045:100.0|pros(Distinctive spicy-floral character,322,13;Long lasting with strong projection,295,13;Well suited to evenings,268,13)cons(Heavy in daytime heat,147,7;Herbal-spicy opening can be sharp,134,7)|||||
900193||Givenchy;b36|Gentleman Eau de Parfum|2018|gender_for_men||||||a21:100;a36:85;a12:75;a1:60;a8:55;a7:45;a6:40|top(n54,1.0,5.0)middle(n161,1.0,5.0;n13,0.95,4.75)base(n320,1.0,5.0)||<p>Lavender and a peppery iris layered over a dark black-vanilla base, giving a powdery, refined sweetness. Polished and grown-up, it suits smart evenings and cooler days.</p>|4.2;12000|840|like_love:5600:47.5;like_like:4000:33.9;like_ok:1500:12.7;like_dislike:450:3.8;like_hate:250:2.1|price_way_overpriced:200:2.0;price_overpriced:700:7.1;price_ok:3600:36.4;price_good_value:3700:37.4;price_great_value:1700:17.2|gvotes_female:150:1.3;gvotes_more_female:350:3.0;gvotes_unisex:1900:16.4;gvotes_more_male:3600:31.0;gvotes_male:5600:48.3|longevity_very_weak:200:2.0;longevity_weak:900:8.8;longevity_moderate:3600:35.3;longevity_long_lasting:4400:43.1;longevity_eternal:1100:10.8|sillage_intimate:700:6.9;sillage_moderate:5000:49.0;sillage_strong:3800:37.3;sillage_enormous:700:6.9|season_winter:6800:82.93;season_spring:3600:43.9;season_summer:900:10.98;season_fall:8200:100.0|season_day:5200:68.42;season_night:7600:100.0|pros(Elegant iris and vanilla pairing,288,12;Good longevity,264,12;Versatile in cool weather,240,12)cons(Too sweet for hot days,132,6;Powdery iris is not to every taste,120,6)|||||
900194||Givenchy;b36|Gentleman Réserve Privée|2022|gender_for_men||||||a36:100;a21:80;a56:70;a13:55;a6:50;a3:35|top(n3,1.0,5.0;n321,0.95,4.75)middle(n161,1.0,5.0)||<p>Pairs a boozy whisky and bergamot opening with a buttery, powdery iris. Warm and refined, with a dressier character than most designer releases.</p>|4.3;7000|490|like_love:3600:51.8;like_like:2200:31.7;like_ok:800:11.5;like_dislike:250:3.6;like_hate:100:1.4|price_way_overpriced:150:2.4;price_overpriced:450:7.3;price_ok:1800:29.0;price_good_value:2400:38.7;price_great_value:1400:22.6|gvotes_female:150:2.2;gvotes_more_female:300:4.4;gvotes_unisex:1400:20.7;gvotes_more_male:2400:35.6;gvotes_male:2500:37.0|longevity_very_weak:100:1.6;longevity_weak:350:5.7;longevity_moderate:1700:27.6;longevity_long_lasting:2900:47.2;longevity_eternal:1100:17.9|sillage_intimate:200:3.3;sillage_moderate:2000:33.3;sillage_strong:2800:46.7;sillage_enormous:1000:16.7|season_winter:5800:100.0;season_spring:2400:41.38;season_summer:500:8.62;season_fall:5500:94.83|season_day:2600:50.0;season_night:5200:100.0|pros(Distinctive iris-whisky pairing,168,7;Elegant and grown-up,154,7;Good longevity,140,7)cons(Powdery iris is not for everyone,77,4;Too warm for summer,70,4)|||||
900195||Givenchy;b36|Gentleman Society|2023|gender_for_men||||||a6:100;a12:80;a1:65;a9:55;a43:45;a13:40|top(n47,1.0,5.0)middle(n256,1.0,5.0)base(n16,1.0,5.0;n29,0.95,4.75)||<p>Herbal sage and a green, slightly honeyed narcissus sit over smooth vetiver and creamy vanilla. The result is a soft, modern woody-floral with gentle sweetness.</p>|4;3500|245|like_love:1300:36.1;like_like:1400:38.9;like_ok:600:16.7;like_dislike:200:5.6;like_hate:100:2.8|price_way_overpriced:150:4.5;price_overpriced:400:11.9;price_ok:1400:41.8;price_good_value:1000:29.9;price_great_value:400:11.9|gvotes_female:50:1.4;gvotes_more_female:120:3.3;gvotes_unisex:700:19.1;gvotes_more_male:1100:30.0;gvotes_male:1700:46.3|longevity_very_weak:100:2.9;longevity_weak:400:11.6;longevity_moderate:1400:40.6;longevity_long_lasting:1300:37.7;longevity_eternal:250:7.2|sillage_intimate:300:9.0;sillage_moderate:1900:56.7;sillage_strong:1000:29.9;sillage_enormous:150:4.5|season_winter:1600:69.57;season_spring:1800:78.26;season_summer:600:26.09;season_fall:2300:100.0|season_day:2000:90.91;season_night:2200:100.0|pros(Smooth, easy woody-floral,84,4;Works for office and evening,77,4;Less loud than typical sweet designers,70,4)cons(Can feel safe or generic,39,2;Moderate projection,35,2)|||||
900196||Givenchy;b36|Irresistible|2020|gender_for_women||||||a30:100;a10:65;a20:55;a6:40;a11:35;a21:30|top(n76,1.0,5.0;n129,0.95,4.75)middle(n7,1.0,5.0;n161,0.95,4.75)base(n322,1.0,5.0;n35,0.95,4.75)|Dominique Ropion;p40;Fanny Bal;p82;Anne Flipo;p77|<p>A bright, airy rose with a crunchy pear note and light woods, cheerful and fresh. An easy, feel-good pink scent.</p>|3.8;4000|280|like_love:1300:35.1;like_like:1300:35.1;like_ok:650:17.6;like_dislike:300:8.1;like_hate:150:4.1|price_way_overpriced:100:4.1;price_overpriced:400:16.3;price_ok:1100:44.9;price_good_value:650:26.5;price_great_value:200:8.2|gvotes_female:2600:80.0;gvotes_more_female:500:15.4;gvotes_unisex:120:3.7;gvotes_more_male:15:0.5;gvotes_male:15:0.5|longevity_very_weak:150:5.1;longevity_weak:450:15.3;longevity_moderate:1200:40.7;longevity_long_lasting:900:30.5;longevity_eternal:250:8.5|sillage_intimate:250:9.1;sillage_moderate:1400:50.9;sillage_strong:900:32.7;sillage_enormous:200:7.3|season_winter:700:25.0;season_spring:2800:100.0;season_summer:1500:53.57;season_fall:1000:35.71|season_day:2800:100.0;season_night:900:32.14|pros(Fresh, happy rose,96,4;Easy daytime wear,88,4;Safe blind buy,80,4)cons(Not very distinctive,44,2;Average projection,40,2)|||||
900197||Givenchy;b36|L'Interdit|2018|gender_for_women||||||a17:100;a45:80;a22:55;a13:50;a43:45;a12:40;a6:35|top(n76,1.0,5.0;n3,0.95,4.75)middle(n187,1.0,5.0;n27,0.95,4.75;n78,0.9,4.5)base(n18,1.0,5.0;n16,0.95,4.75;n133,0.9,4.5;n29,0.85,4.25)|Dominique Ropion;p40;Anne Flipo;p77;Fanny Bal;p82|<p>Tuberose, orange blossom and jasmine darkened by earthy patchouli and vetiver over a soft vanilla base. A moody, sensual floral that comes alive on nights out.</p>|3.85;10200|714|like_love:3800:37.3;like_like:3500:34.3;like_ok:1800:17.6;like_dislike:800:7.8;like_hate:300:2.9|price_way_overpriced:300:5.5;price_overpriced:900:16.4;price_ok:2400:43.6;price_good_value:1400:25.5;price_great_value:500:9.1|gvotes_female:6500:77.4;gvotes_more_female:1500:17.9;gvotes_unisex:300:3.6;gvotes_more_male:50:0.6;gvotes_male:50:0.6|longevity_very_weak:150:2.2;longevity_weak:500:7.2;longevity_moderate:2200:31.7;longevity_long_lasting:3200:46.0;longevity_eternal:900:12.9|sillage_intimate:300:4.7;sillage_moderate:2300:35.9;sillage_strong:3000:46.9;sillage_enormous:800:12.5|season_winter:4500:81.82;season_spring:4500:81.82;season_summer:1300:23.64;season_fall:5500:100.0|season_day:3500:53.85;season_night:6500:100.0|pros(Modern dark-floral twist,244,10;Elegant yet sexy,224,10;Good performance,204,10)cons(Tuberose opening can feel sharp,112,5;Resembles many modern florals,102,5)|||||
900198||Givenchy;b36|L'Interdit Eau de Parfum Rouge|2021|gender_for_women||||||a17:100;a6:70;a45:62;a3:55;a14:50;a7:45;a22:38|top(n24,1.0,5.0;n157,0.95,4.75)middle(n187,1.0,5.0;n6,0.95,4.75;n323,0.9,4.5)base(n17,1.0,5.0;n18,0.95,4.75;n16,0.9,4.5)|Anne Flipo;p77;Dominique Ropion;p40;Fanny Bal;p82|<p>Givenchy's white-flower L'Interdit given a hotter edge: blood orange and ginger open onto tuberose and jasmine warmed by pimento leaf, before a sandalwood, patchouli and vetiver drydown. Spicier and more vivid than the standard EDP while keeping its darker undertone.</p>|4;3500|245|like_love:1500:43.7;like_like:1200:35.0;like_ok:500:14.6;like_dislike:150:4.4;like_hate:80:2.3|price_way_overpriced:100:5.1;price_overpriced:350:17.9;price_ok:900:46.2;price_good_value:450:23.1;price_great_value:150:7.7|gvotes_female:1800:72.3;gvotes_more_female:500:20.1;gvotes_unisex:150:6.0;gvotes_more_male:20:0.8;gvotes_male:20:0.8|longevity_very_weak:80:3.2;longevity_weak:200:8.1;longevity_moderate:900:36.3;longevity_long_lasting:1000:40.3;longevity_eternal:300:12.1|sillage_intimate:150:6.4;sillage_moderate:1000:42.6;sillage_strong:900:38.3;sillage_enormous:300:12.8|season_winter:1300:59.09;season_spring:2000:90.91;season_summer:1100:50.0;season_fall:2200:100.0|season_day:1800:78.26;season_night:2300:100.0|pros(Spicy citrus twist keeps the white flowers lively,84,4;Stands apart from typical tuberose scents,77,4;Solid lasting power,70,4)cons(Ginger opening can feel sharp,39,2;Shares much of its structure with L'Interdit EDP,35,2)|||||
900199||Givenchy;b36|Pi|1998|gender_for_men||||||a12:100;a13:85;a21:70;a25:60;a1:55;a29:45;a6:40|top(n212,1.0,5.0;n4,0.95,4.75;n15,0.9,4.5;n37,0.85,4.25)middle(n103,1.0,5.0;n46,0.95,4.75;n28,0.9,4.5;n159,0.85,4.25)base(n29,1.0,5.0;n30,0.95,4.75;n90,0.9,4.5;n169,0.85,4.25;n9,0.8,4.0)|Alberto Morillas;p38|<p>Herbal tarragon, basil and rosemary open onto a creamy base of vanilla, tonka, almond and benzoin. Warm and dessert-like, it is a long-standing cold-weather staple from the late 1990s.</p>|3.9;11000|770|like_love:3900:35.8;like_like:3800:34.9;like_ok:1900:17.4;like_dislike:800:7.3;like_hate:500:4.6|price_way_overpriced:100:0.9;price_overpriced:200:1.9;price_ok:1300:12.1;price_good_value:3600:33.6;price_great_value:5500:51.4|gvotes_female:250:2.3;gvotes_more_female:500:4.6;gvotes_unisex:1800:16.4;gvotes_more_male:2900:26.5;gvotes_male:5500:50.2|longevity_very_weak:200:1.9;longevity_weak:700:6.5;longevity_moderate:3100:29.0;longevity_long_lasting:4700:43.9;longevity_eternal:2000:18.7|sillage_intimate:500:4.8;sillage_moderate:3900:37.1;sillage_strong:4600:43.8;sillage_enormous:1500:14.3|season_winter:8200:100.0;season_spring:2000:24.39;season_summer:400:4.88;season_fall:6600:80.49|season_day:3600:46.15;season_night:7800:100.0|pros(Rich, cosy vanilla-almond warmth,264,11;Strong longevity,242,11;Inexpensive when discounted,220,11)cons(Very sweet for warm weather,121,6;Can feel dated,110,6)|||||
900200||Givenchy;b36|Very Irrésistible|2003|gender_for_women||||||a30:100;a9:75;a11:60;a3:50;a1:45;a29:25|top(n232,1.0,5.0;n194,0.95,4.75;n57,0.9,4.5)middle(n7,1.0,5.0;n141,0.95,4.75;n132,0.9,4.5)base(n324,1.0,5.0;n35,0.95,4.75;n29,0.9,4.5;n18,0.85,4.25)|Dominique Ropion;p40;Sophie Labbé;p83;Carlos Benaïm;p29|<p>A bright rose scent with a crisp, faintly licorice-like star anise and lemony verbena opening, followed by peony and magnolia over a soft musk, vanilla and patchouli base. Fresh and clean, it keeps the rose airy rather than jammy.</p>|3.9;6500|455|like_love:2700:41.2;like_like:2300:35.1;like_ok:1000:15.3;like_dislike:350:5.3;like_hate:200:3.1|price_way_overpriced:150:3.6;price_overpriced:400:9.5;price_ok:1600:38.1;price_good_value:1400:33.3;price_great_value:650:15.5|gvotes_female:4800:87.7;gvotes_more_female:500:9.1;gvotes_unisex:150:2.7;gvotes_more_male:10:0.2;gvotes_male:15:0.3|longevity_very_weak:250:4.7;longevity_weak:650:12.3;longevity_moderate:2100:39.6;longevity_long_lasting:1800:34.0;longevity_eternal:500:9.4|sillage_intimate:400:8.2;sillage_moderate:2300:47.4;sillage_strong:1700:35.1;sillage_enormous:450:9.3|season_winter:1000:19.23;season_spring:5200:100.0;season_summer:2800:53.85;season_fall:1500:28.85|season_day:5000:100.0;season_night:1500:30.0|pros(Fresh, clean rose,156,7;Easy daytime wear,143,7;Distinctive anise twist,130,7)cons(The anise note is not for everyone,72,3;Moderate staying power,65,3)|||||
900201||Gucci;b37|Bloom|2017|gender_for_women||||||a17:100;a45:88;a9:65;a21:40;a2:35;a20:30|top(n6,1.0,5.0)middle(n187,1.0,5.0)base(n325,1.0,5.0)|Alberto Morillas;p38|<p>Creamy tuberose and jasmine buds lifted by the green, honeyed lilt of Rangoon creeper. Lush and full-bodied, it reads like an armful of freshly cut white flowers.</p>|4;10100|707|like_love:4500:44.6;like_like:3000:29.7;like_ok:1400:13.9;like_dislike:700:6.9;like_hate:500:5.0|price_way_overpriced:700:9.9;price_overpriced:1600:22.5;price_ok:2800:39.4;price_good_value:1500:21.1;price_great_value:500:7.0|gvotes_female:6500:86.1;gvotes_more_female:800:10.6;gvotes_unisex:200:2.6;gvotes_more_male:20:0.3;gvotes_male:30:0.4|longevity_very_weak:300:3.6;longevity_weak:800:9.6;longevity_moderate:2800:33.7;longevity_long_lasting:3200:38.6;longevity_eternal:1200:14.5|sillage_intimate:600:8.2;sillage_moderate:3000:41.1;sillage_strong:2800:38.4;sillage_enormous:900:12.3|season_winter:1500:20.0;season_spring:7500:100.0;season_summer:4500:60.0;season_fall:2500:33.33|season_day:7500:100.0;season_night:3500:46.67|pros(Realistic white florals,242,10;Good lasting power,222,10;Elegant and grown-up,202,10)cons(Heady if you dislike white florals,121,5;Fairly linear,111,5;Can overwhelm in close quarters,101,5)|||||
900202||Gucci;b37|Bloom Ambrosia di Fiori|2019|gender_for_women||||||a17:100;a45:65;a30:45;a36:45;a26:45|top(n6,1.0,5.0;n146,0.95,4.75)middle(n187,1.0,5.0)base(n66,1.0,5.0;n71,0.95,4.75)|Alberto Morillas;p38|<p>A richer rose-and-orris take on Gucci Bloom: jasmine and honeysuckle open onto a dense tuberose heart, deepened by Damask rose and a velvety orris base. Lush and heady, with more weight than the original.</p>|3.9;1812|127|like_love:668:36.9;like_like:685:37.8;like_ok:183:10.1;like_dislike:235:13.0;like_hate:41:2.3|price_way_overpriced:101:7.8;price_overpriced:242:18.8;price_ok:523:40.6;price_good_value:322:25.0;price_great_value:101:7.8|gvotes_female:1208:78.4;gvotes_more_female:262:17.0;gvotes_unisex:60:3.9;gvotes_more_male:6:0.4;gvotes_male:4:0.3|longevity_very_weak:28:1.9;longevity_weak:72:4.8;longevity_moderate:362:24.0;longevity_long_lasting:725:48.0;longevity_eternal:322:21.3|sillage_intimate:40:2.9;sillage_moderate:322:23.5;sillage_strong:685:50.0;sillage_enormous:322:23.5|season_winter:287:53.25;season_spring:539:100.0;season_summer:332:61.6;season_fall:409:75.88|season_day:510:100.0;season_night:335:65.69|pros(Lush, dense white florals,44,2;Rose and orris add polish,40,2;Fuller-bodied than the original Bloom,36,2)cons(Heady in small spaces,22,1;Very floral-heavy,20,1;Indolic edge may not suit everyone,18,1)|||||
900203||Gucci;b37|Flora Gorgeous Gardenia Eau de Parfum|2021|gender_for_women||||||a17:100;a9:80;a13:75;a10:70;a38:55;a22:50;a3:50;a11:50|top(n145,1.0,5.0;n172,0.95,4.75;n42,0.9,4.5)middle(n289,1.0,5.0;n6,0.95,4.75;n147,0.9,4.5)base(n318,1.0,5.0;n18,0.95,4.75)|Honorine Blanc;p31|<p>A sugary white floral: creamy gardenia, jasmine and frangipani sweetened by red berries, pear blossom and a touch of mandarin, over a brown-sugar and light patchouli drydown. Cheerful and girlish rather than heady; the gardenia here is soft and candied.</p>|3.9;7708|540|like_love:2700:35.0;like_like:2900:37.6;like_ok:1300:16.8;like_dislike:658:8.5;like_hate:162:2.1|price_way_overpriced:289:5.2;price_overpriced:771:13.8;price_ok:2120:37.9;price_good_value:1734:31.0;price_great_value:674:12.1|gvotes_female:5299:80.4;gvotes_more_female:1060:16.1;gvotes_unisex:193:2.9;gvotes_more_male:19:0.3;gvotes_male:19:0.3|longevity_very_weak:385:5.9;longevity_weak:964:14.7;longevity_moderate:2698:41.2;longevity_long_lasting:1927:29.4;longevity_eternal:578:8.8|sillage_intimate:482:8.1;sillage_moderate:2698:45.2;sillage_strong:2120:35.5;sillage_enormous:674:11.3|season_winter:539:15.85;season_spring:3400:100.0;season_summer:2600:76.47;season_fall:952:28.0|season_day:3100:100.0;season_night:648:20.9|pros(Sweet, approachable gardenia,184,8;Easy daytime wear,169,8;Eye-catching floral bottle,154,8)cons(Sugary for some tastes,93,4;Not a realistic gardenia,85,4;Middling longevity,77,4)|||||
900204||Guerlain;b38|Aqua Allegoria Pamplelune|1999|gender_for_women||||||a3:100;a10:58;a2:42;a22:38;a11:35;a12:25|top(n87,1.0,5.0;n3,0.95,4.75)middle(n294,1.0,5.0;n45,0.95,4.75)base(n18,1.0,5.0;n29,0.95,4.75)|Mathilde Laurent;p84|<p>A tart, juicy pink grapefruit sharpened with blackcurrant and softened by a touch of patchouli and vanilla. Vivid and grown-up, it is a citrus with real presence.</p>|3.9;7000|490|like_love:2800:39.4;like_like:2500:35.2;like_ok:1100:15.5;like_dislike:450:6.3;like_hate:250:3.5|price_way_overpriced:150:2.9;price_overpriced:450:8.7;price_ok:1800:34.6;price_good_value:1800:34.6;price_great_value:1000:19.2|gvotes_female:1800:29.8;gvotes_more_female:1500:24.8;gvotes_unisex:2200:36.4;gvotes_more_male:400:6.6;gvotes_male:150:2.5|longevity_very_weak:500:8.9;longevity_weak:1400:25.0;longevity_moderate:2300:41.1;longevity_long_lasting:1100:19.6;longevity_eternal:300:5.4|sillage_intimate:700:14.0;sillage_moderate:2600:52.0;sillage_strong:1400:28.0;sillage_enormous:300:6.0|season_winter:300:5.45;season_spring:4500:81.82;season_summer:5500:100.0;season_fall:700:12.73|season_day:6000:100.0;season_night:900:15.0|pros(Juicy, realistic pink grapefruit,168,7;Lasts better than most citrus scents,154,7;Sophisticated rather than sporty,140,7)cons(Grapefruit-cassis facet reads sweaty to some,77,4;Frequent reformulation complaints,70,4)|||||
900205||Guerlain;b38|Habit Rouge|1965|gender_for_men||||||a3:100;a21:85;a12:80;a15:70;a14:55;a23:45;a6:40|top(n3,1.0,5.0;n2,0.95,4.75;n37,0.9,4.5;n261,0.85,4.25)middle(n235,1.0,5.0;n25,0.95,4.75;n9,0.9,4.5;n18,0.85,4.25)base(n29,1.0,5.0;n90,0.95,4.75;n11,0.9,4.5;n85,0.85,4.25)|Jean-Paul Guerlain;p85|<p>Bright citrus and rosewood over a warm, powdery heart of carnation and cinnamon, drying to vanilla, benzoin, amber and a hint of leather. A refined, old-school men's oriental with a dandyish, powdery elegance.</p>|4.2;8000|560|like_love:3600:44.4;like_like:2600:32.1;like_ok:1100:13.6;like_dislike:500:6.2;like_hate:300:3.7|price_way_overpriced:150:2.1;price_overpriced:400:5.6;price_ok:2200:30.8;price_good_value:2800:39.2;price_great_value:1600:22.4|gvotes_female:150:1.8;gvotes_more_female:300:3.6;gvotes_unisex:1400:17.0;gvotes_more_male:2200:26.7;gvotes_male:4200:50.9|longevity_very_weak:150:2.0;longevity_weak:600:7.8;longevity_moderate:2600:34.0;longevity_long_lasting:3200:41.8;longevity_eternal:1100:14.4|sillage_intimate:500:7.2;sillage_moderate:3300:47.8;sillage_strong:2600:37.7;sillage_enormous:500:7.2|season_winter:4200:91.3;season_spring:2800:60.87;season_summer:900:19.57;season_fall:4600:100.0|season_day:3400:77.27;season_night:4400:100.0|pros(Elegant, long-established style,192,8;Long-lasting powdery trail,176,8;Moderately priced for the house,160,8)cons(Powdery style reads dated to some,88,4;Not for hot weather,80,4)|||||
900206||Guerlain;b38|Jicky|1889|gender_for_women_and_men||||||a1:100;a8:88;a12:72;a3:58;a26:48;a21:42;a15:36|top(n2,1.0,5.0;n3,0.95,4.75;n42,0.9,4.5;n15,0.85,4.25)middle(n13,1.0,5.0;n74,0.95,4.75;n6,0.9,4.5;n4,0.85,4.25)base(n29,1.0,5.0;n30,0.95,4.75;n85,0.9,4.5;n90,0.85,4.25;n11,0.8,4.0;n17,0.75,3.75;n75,0.7,3.5)|Aimé Guerlain;p86|<p>Lavender and bright citrus sit on a warm vanilla-tonka base with a noticeable animalic civet undertone. One of the oldest perfumes still produced, it smells formal, powdery and a little provocative.</p>|4;4800|336|like_love:1600:39.0;like_like:1200:29.3;like_ok:700:17.1;like_dislike:350:8.5;like_hate:250:6.1|price_way_overpriced:150:5.6;price_overpriced:400:14.8;price_ok:1200:44.4;price_good_value:700:25.9;price_great_value:250:9.3|gvotes_female:600:13.3;gvotes_more_female:700:15.6;gvotes_unisex:2000:44.4;gvotes_more_male:800:17.8;gvotes_male:400:8.9|longevity_very_weak:150:4.3;longevity_weak:450:12.9;longevity_moderate:1500:42.9;longevity_long_lasting:1100:31.4;longevity_eternal:300:8.6|sillage_intimate:400:12.1;sillage_moderate:1600:48.5;sillage_strong:1100:33.3;sillage_enormous:200:6.1|season_winter:1800:94.74;season_spring:1400:73.68;season_summer:500:26.32;season_fall:1900:100.0|season_day:2200:100.0;season_night:1600:72.73|pros(Historic composition that still feels coherent,116,5;Works on any gender,106,5;Lavender-vanilla warmth is comforting,96,5)cons(Civet note can be off-putting,53,2;Very old-fashioned to some noses,48,2)|||||
900207||Guerlain;b38|La Petite Robe Noire|2012|gender_for_women||||||a47:100;a13:80;a25:60;a30:50;a12:45;a10:40;a21:35;a29:25|top(n326,1.0,5.0;n169,0.95,4.75;n172,0.9,4.5;n3,0.85,4.25)middle(n291,1.0,5.0;n246,0.95,4.75;n293,0.9,4.5)base(n159,1.0,5.0;n161,0.95,4.75;n18,0.9,4.5;n30,0.85,4.25;n29,0.8,4.0)|Thierry Wasser;p87;Delphine Jelk;p88|<p>A playful black cherry and almond rose softened with smoky tea and vanilla, chic and a little flirtatious. It blends Parisian charm with a gourmand wink.</p>|3.95;12000|840|like_love:5000:42.4;like_like:3800:32.2;like_ok:1700:14.4;like_dislike:800:6.8;like_hate:500:4.2|price_way_overpriced:300:4.3;price_overpriced:1200:17.4;price_ok:3000:43.5;price_good_value:1800:26.1;price_great_value:600:8.7|gvotes_female:7500:80.0;gvotes_more_female:1500:16.0;gvotes_unisex:300:3.2;gvotes_more_male:40:0.4;gvotes_male:40:0.4|longevity_very_weak:300:3.2;longevity_weak:800:8.5;longevity_moderate:2800:29.8;longevity_long_lasting:4200:44.7;longevity_eternal:1300:13.8|sillage_intimate:500:5.9;sillage_moderate:3200:37.6;sillage_strong:3700:43.5;sillage_enormous:1100:12.9|season_winter:6500:100.0;season_spring:5000:76.92;season_summer:1300:20.0;season_fall:6500:100.0|season_day:4500:64.29;season_night:7000:100.0|pros(Charming cherry-rose accord,288,12;Good longevity,264,12;Feminine and chic,240,12)cons(Almond-cherry can feel syrupy,132,6;Sweet for hot days,120,6)|||||
900208||Guerlain;b38|L'Heure Bleue|1912|gender_for_women||||||a21:100;a29:75;a13:65;a12:60;a9:55;a36:50;a31:40|top(n159,1.0,5.0;n3,0.95,4.75;n103,0.9,4.5;n2,0.85,4.25;n93,0.8,4.0)middle(n161,1.0,5.0;n287,0.95,4.75;n235,0.9,4.5;n7,0.85,4.25;n153,0.8,4.0;n27,0.75,3.75)base(n29,1.0,5.0;n30,0.95,4.75;n90,0.9,4.5;n35,0.85,4.25;n17,0.8,4.0;n16,0.75,3.75)|Jacques Guerlain;p89|<p>A dusky, wistful blend of anise, heliotrope and iris cushioned by almondy vanilla and balsams. It feels like twilight in an old Parisian salon: tender, nostalgic and softly powdered.</p>|4.1;5500|385|like_love:3000:55.6;like_like:1200:22.2;like_ok:500:9.3;like_dislike:400:7.4;like_hate:300:5.6|price_way_overpriced:250:6.8;price_overpriced:700:18.9;price_ok:1500:40.5;price_good_value:900:24.3;price_great_value:350:9.5|gvotes_female:3100:65.5;gvotes_more_female:1000:21.1;gvotes_unisex:500:10.6;gvotes_more_male:80:1.7;gvotes_male:50:1.1|longevity_very_weak:100:2.3;longevity_weak:300:6.8;longevity_moderate:1300:29.5;longevity_long_lasting:2000:45.5;longevity_eternal:700:15.9|sillage_intimate:300:6.8;sillage_moderate:1800:40.9;sillage_strong:1800:40.9;sillage_enormous:500:11.4|season_winter:3200:88.89;season_spring:2000:55.56;season_summer:400:11.11;season_fall:3600:100.0|season_day:2000:57.14;season_night:3500:100.0|pros(Tender, poetic mood,132,6;Unique anise-heliotrope accord,121,6;Comforting in cold weather,110,6)cons(Strongly vintage feel,61,3;Powder can feel heavy,55,3)|||||
900209||Guerlain;b38|L'Homme Idéal|2014|gender_for_men||||||a25:100;a13:80;a3:60;a6:55;a23:50;a12:45;a1:40|top(n258,1.0,5.0;n15,0.95,4.75;n27,0.9,4.5)middle(n169,1.0,5.0;n30,0.95,4.75)base(n85,1.0,5.0;n29,0.95,4.75;n16,0.9,4.5;n9,0.85,4.25)|Thierry Wasser;p87|<p>Citrus, rosemary and orange blossom give way to an amaretto-like almond and tonka heart, then a soft leather, vetiver and vanilla drydown. Sweet, smooth and approachable, with a nutty character that sets it apart from typical fresh designers.</p>|4;9000|630|like_love:3200:36.8;like_like:3000:34.5;like_ok:1600:18.4;like_dislike:600:6.9;like_hate:300:3.4|price_way_overpriced:250:3.5;price_overpriced:800:11.2;price_ok:2700:37.8;price_good_value:2300:32.2;price_great_value:1100:15.4|gvotes_female:80:0.9;gvotes_more_female:150:1.7;gvotes_unisex:1100:12.3;gvotes_more_male:2600:29.1;gvotes_male:5000:56.0|longevity_very_weak:500:6.2;longevity_weak:1600:19.8;longevity_moderate:3300:40.7;longevity_long_lasting:2200:27.2;longevity_eternal:500:6.2|sillage_intimate:900:11.7;sillage_moderate:4000:51.9;sillage_strong:2400:31.2;sillage_enormous:400:5.2|season_winter:3200:68.09;season_spring:3400:72.34;season_summer:900:19.15;season_fall:4700:100.0|season_day:4300:95.56;season_night:4500:100.0|pros(Distinctive almond-tonka profile,216,9;Smooth and easy to like,198,9;Works day or night,180,9)cons(Almond can feel cloying,99,5;Performance only average for the eau de toilette,90,5)|||||
900210||Guerlain;b38|Mitsouko|1919|gender_for_women||||||a18:100;a10:75;a6:65;a14:55;a3:45;a30:40;a26:30|top(n3,1.0,5.0;n168,0.95,4.75;n2,0.9,4.5;n42,0.85,4.25)middle(n7,1.0,5.0;n6,0.95,4.75;n282,0.9,4.5;n104,0.85,4.25)base(n34,1.0,5.0;n16,0.95,4.75;n25,0.9,4.5;n92,0.85,4.25;n17,0.8,4.0)|Jacques Guerlain;p89|<p>A benchmark fruity chypre in which velvety peach rests on damp oakmoss, spice and woods. Introspective and quietly melancholic, it rewards a wearer who enjoys nuance over immediacy.</p>|4.1;7000|490|like_love:3900:56.9;like_like:1500:21.9;like_ok:600:8.8;like_dislike:500:7.3;like_hate:350:5.1|price_way_overpriced:300:6.4;price_overpriced:900:19.1;price_ok:1800:38.3;price_good_value:1200:25.5;price_great_value:500:10.6|gvotes_female:3400:54.0;gvotes_more_female:1500:23.8;gvotes_unisex:1100:17.5;gvotes_more_male:200:3.2;gvotes_male:100:1.6|longevity_very_weak:120:2.2;longevity_weak:380:6.9;longevity_moderate:1500:27.3;longevity_long_lasting:2600:47.3;longevity_eternal:900:16.4|sillage_intimate:350:6.4;sillage_moderate:2200:40.4;sillage_strong:2300:42.2;sillage_enormous:600:11.0|season_winter:3000:54.55;season_spring:2800:50.91;season_summer:900:16.36;season_fall:5500:100.0|season_day:4000:100.0;season_night:3800:95.0|pros(Reference-standard chypre,168,7;Sophisticated, layered character,154,7;Beautiful in autumn,140,7)cons(Oakmoss regulations changed the formula,77,4;Can seem austere to modern tastes,70,4)|||||
900211||Guerlain;b38|Shalimar|1925|gender_for_women||||||a12:100;a15:85;a21:70;a31:60;a3:55;a24:45;a26:40;a23:35|top(n3,1.0,5.0;n2,0.95,4.75;n42,0.9,4.5)middle(n161,1.0,5.0;n6,0.95,4.75;n7,0.9,4.5)base(n29,1.0,5.0;n30,0.95,4.75;n84,0.9,4.5;n23,0.85,4.25;n85,0.8,4.0;n75,0.75,3.75)|Jacques Guerlain;p89|<p>The archetypal oriental: a bright bergamot flash melting into smoky, leathery vanilla and resins. Sensual and enveloping, it feels like old-world glamour with a slightly smouldering edge.</p>|4.2;12000|840|like_love:6800:57.6;like_like:2800:23.7;like_ok:1000:8.5;like_dislike:700:5.9;like_hate:500:4.2|price_way_overpriced:500:6.7;price_overpriced:1300:17.3;price_ok:2800:37.3;price_good_value:2000:26.7;price_great_value:900:12.0|gvotes_female:6000:58.8;gvotes_more_female:2400:23.5;gvotes_unisex:1400:13.7;gvotes_more_male:250:2.5;gvotes_male:150:1.5|longevity_very_weak:150:1.7;longevity_weak:400:4.4;longevity_moderate:1900:21.0;longevity_long_lasting:4200:46.4;longevity_eternal:2400:26.5|sillage_intimate:400:4.4;sillage_moderate:2800:30.8;sillage_strong:4200:46.2;sillage_enormous:1700:18.7|season_winter:7500:100.0;season_spring:2200:29.33;season_summer:700:9.33;season_fall:6800:90.67|season_day:3000:37.5;season_night:8000:100.0|pros(Legendary vanilla-citrus oriental,288,12;Rich, sensual depth,264,12;Excellent longevity,240,12)cons(Heavy in warm weather,132,6;Animalic, smoky base can feel old-fashioned,120,6)|||||
900212||Guerlain;b38|Vetiver|1959|gender_for_men||||||a6:100;a43:75;a3:65;a1:60;a24:45;a7:40;a28:30|top(n3,1.0,5.0;n2,0.95,4.75;n42,0.9,4.5;n103,0.85,4.25;n93,0.8,4.0)middle(n16,1.0,5.0;n108,0.95,4.75;n111,0.9,4.5;n235,0.85,4.25)base(n60,1.0,5.0;n30,0.95,4.75;n34,0.9,4.5;n9,0.85,4.25)|Jean-Paul Guerlain;p85|<p>A crisp, earthy vetiver brightened with citrus and a dry whisper of tobacco and spice. Understated and gentlemanly, it suits tailored jackets and quiet confidence.</p>|4.15;7500|525|like_love:3800:53.5;like_like:2200:31.0;like_ok:700:9.9;like_dislike:250:3.5;like_hate:150:2.1|price_way_overpriced:150:2.6;price_overpriced:400:7.0;price_ok:1600:27.8;price_good_value:2300:40.0;price_great_value:1300:22.6|gvotes_female:60:0.8;gvotes_more_female:100:1.4;gvotes_unisex:1200:16.5;gvotes_more_male:2000:27.5;gvotes_male:3900:53.7|longevity_very_weak:200:3.1;longevity_weak:800:12.3;longevity_moderate:2700:41.5;longevity_long_lasting:2300:35.4;longevity_eternal:500:7.7|sillage_intimate:500:7.9;sillage_moderate:3000:47.6;sillage_strong:2400:38.1;sillage_enormous:400:6.3|season_winter:1300:23.64;season_spring:5500:100.0;season_summer:3800:69.09;season_fall:3200:58.18|season_day:6800:100.0;season_night:1400:20.59|pros(Benchmark vetiver,180,8;Refined and gentlemanly,165,8;Strong value for a classic,150,8)cons(Earthy dryness can feel austere,83,4;Moderate projection,75,4)|||||
900213||Guy Laroche;b39|Drakkar Noir|1982|gender_for_men||||||a1:100;a7:76;a6:66;a8:58;a3:48;a18:40;a23:32|top(n13,1.0,5.0;n3,0.95,4.75;n2,0.9,4.5;n15,0.85,4.25;n20,0.8,4.0)middle(n8,1.0,5.0;n93,0.95,4.75;n235,0.9,4.5;n25,0.85,4.25;n112,0.8,4.0)base(n34,1.0,5.0;n327,0.95,4.75;n226,0.9,4.5;n85,0.85,4.25;n16,0.8,4.0)|Pierre Wargnye;p90|<p>A sharp, soapy-herbal blast of lavender and rosemary over dark fir, vetiver, leather and moss. The template 1980s aromatic fougère: bold, clean-shaven and unmistakably masculine.</p>|3.8;12000|840|like_love:4200:37.8;like_like:3600:32.4;like_ok:2000:18.0;like_dislike:800:7.2;like_hate:500:4.5|price_way_overpriced:150:1.5;price_overpriced:300:3.1;price_ok:1600:16.4;price_good_value:3200:32.8;price_great_value:4500:46.2|gvotes_female:60:0.5;gvotes_more_female:80:0.7;gvotes_unisex:400:3.6;gvotes_more_male:2500:22.6;gvotes_male:8000:72.5|longevity_very_weak:300:3.3;longevity_weak:900:9.9;longevity_moderate:3600:39.6;longevity_long_lasting:3200:35.2;longevity_eternal:1100:12.1|sillage_intimate:500:5.7;sillage_moderate:3200:36.8;sillage_strong:3800:43.7;sillage_enormous:1200:13.8|season_winter:3800:90.48;season_spring:2600:61.9;season_summer:900:21.43;season_fall:4200:100.0|season_day:5500:100.0;season_night:3000:54.55|pros(Cheap and easy to find,288,12;Projects well for its price,264,12;Instantly recognisable classic,240,12)cons(Strongly associated with the 1980s,132,6;Can come across as harsh or soapy,120,6)|||||
900214||Hermès;b40|24 Faubourg|1995|gender_for_women||||||a17:100;a15:70;a21:55;a3:45;a10:40;a12:40;a6:35|top(n94,1.0,5.0;n3,0.95,4.75;n168,0.9,4.5;n234,0.85,4.25)middle(n27,1.0,5.0;n6,0.95,4.75;n289,0.9,4.5;n104,0.85,4.25;n161,0.8,4.0)base(n29,1.0,5.0;n17,0.95,4.75;n18,0.9,4.5;n11,0.85,4.25;n36,0.8,4.0)|Maurice Roucel;p76|<p>A sunlit, opulent white floral of gardenia, orange blossom and jasmine resting on warm amber and sandalwood. Luxurious and assured, it carries a quiet-wealth refinement.</p>|4.1;3500|245|like_love:1800:57.1;like_like:800:25.4;like_ok:300:9.5;like_dislike:150:4.8;like_hate:100:3.2|price_way_overpriced:150:6.5;price_overpriced:400:17.4;price_ok:900:39.1;price_good_value:600:26.1;price_great_value:250:10.9|gvotes_female:2000:69.0;gvotes_more_female:600:20.7;gvotes_unisex:250:8.6;gvotes_more_male:30:1.0;gvotes_male:20:0.7|longevity_very_weak:60:2.0;longevity_weak:180:5.9;longevity_moderate:700:23.0;longevity_long_lasting:1400:46.1;longevity_eternal:700:23.0|sillage_intimate:100:3.4;sillage_moderate:800:27.6;sillage_strong:1400:48.3;sillage_enormous:600:20.7|season_winter:1800:85.71;season_spring:1600:76.19;season_summer:500:23.81;season_fall:2100:100.0|season_day:1500:65.22;season_night:2300:100.0|pros(Radiant, luxurious floral,84,4;Very long-lasting,77,4;Refined, grown-up allure,70,4)cons(Strong for daytime,39,2;Expensive,35,2)|||||
900215||Hermès;b40|Eau des Merveilles|2004|gender_for_women||||||a6:100;a15:80;a3:66;a42:55;a7:50;a18:38|top(n94,1.0,5.0;n2,0.95,4.75;n61,0.9,4.5)middle(n111,1.0,5.0;n19,0.95,4.75;n153,0.9,4.5;n36,0.85,4.25)base(n327,1.0,5.0;n9,0.95,4.75;n16,0.9,4.5;n34,0.85,4.25;n90,0.8,4.0)|Ralf Schwieger;p15;Nathalie Feisthauer;p63|<p>Bright orange peel and pepper settle into a salty ambergris and woody-mossy base, giving a sparkling, mineral effect that feels closer to skin than to flowers. It is an unusual non-floral scent aimed at women that many men also wear.</p>|4;7500|525|like_love:2700:40.0;like_like:2300:34.1;like_ok:1100:16.3;like_dislike:400:5.9;like_hate:250:3.7|price_way_overpriced:400:8.5;price_overpriced:1100:23.4;price_ok:2000:42.6;price_good_value:900:19.1;price_great_value:300:6.4|gvotes_female:1500:26.8;gvotes_more_female:1400:25.0;gvotes_unisex:2000:35.7;gvotes_more_male:500:8.9;gvotes_male:200:3.6|longevity_very_weak:300:5.7;longevity_weak:1100:20.8;longevity_moderate:2300:43.4;longevity_long_lasting:1300:24.5;longevity_eternal:300:5.7|sillage_intimate:700:14.6;sillage_moderate:2600:54.2;sillage_strong:1300:27.1;sillage_enormous:200:4.2|season_winter:1400:46.67;season_spring:3000:100.0;season_summer:2300:76.67;season_fall:2400:80.0|season_day:3600:100.0;season_night:1200:33.33|pros(Original salty-amber character with few equivalents,180,8;Wearable across genders,165,8;Works year-round,150,8)cons(Can read as sharp or peppery at first,83,4;Not what fans of sweet florals expect,75,4)|||||
900216||Hermès;b40|Eau d'Orange Verte|1979|gender_for_women_and_men||||||a3:100;a2:70;a1:55;a11:50;a18:40;a10:30|top(n94,1.0,5.0;n2,0.95,4.75;n42,0.9,4.5)middle(n20,1.0,5.0;n328,0.95,4.75)base(n34,1.0,5.0;n18,0.95,4.75;n39,0.9,4.5)|Françoise Caron;p91|<p>A tart green-orange cologne with a snap of mint and blackcurrant leaf over a light mossy base. Bracing and timeless, it is pure refreshment on a hot afternoon.</p>|4;3800|266|like_love:1700:41.7;like_like:1500:36.8;like_ok:600:14.7;like_dislike:200:4.9;like_hate:80:2.0|price_way_overpriced:200:6.1;price_overpriced:600:18.2;price_ok:1300:39.4;price_good_value:800:24.2;price_great_value:400:12.1|gvotes_female:300:7.5;gvotes_more_female:400:10.0;gvotes_unisex:2200:55.0;gvotes_more_male:700:17.5;gvotes_male:400:10.0|longevity_very_weak:600:16.2;longevity_weak:1200:32.4;longevity_moderate:1400:37.8;longevity_long_lasting:400:10.8;longevity_eternal:100:2.7|sillage_intimate:900:27.3;sillage_moderate:1800:54.5;sillage_strong:500:15.2;sillage_enormous:100:3.0|season_winter:200:5.56;season_spring:2700:75.0;season_summer:3600:100.0;season_fall:400:11.11|season_day:3800:100.0;season_night:400:10.53|pros(Tart green orange with herbal snap,92,4;Timeless, effortless elegance,84,4;Easy to share between partners,76,4)cons(Needs frequent reapplication,42,2;Mossy base feels old-fashioned to some,38,2)|||||
900217||Hermès;b40|Jour d'Hermès|2013|gender_for_women||||||a17:100;a3:72;a9:64;a2:52;a11:46;a20:36|top(n2,1.0,5.0;n87,0.95,4.75)middle(n289,1.0,5.0;n329,0.95,4.75;n32,0.9,4.5)base(n35,1.0,5.0;n39,0.95,4.75)|Jean-Claude Ellena;p37|<p>A bright, transparent floral that pairs lemon and grapefruit with gardenia and sweet pea over clean musk. Luminous and understated, it shows off Ellena's sheer, sketch-like style.</p>|3.9;3700|259|like_love:1300:38.2;like_like:1200:35.3;like_ok:600:17.6;like_dislike:200:5.9;like_hate:100:2.9|price_way_overpriced:200:8.9;price_overpriced:600:26.7;price_ok:1000:44.4;price_good_value:350:15.6;price_great_value:100:4.4|gvotes_female:2000:61.3;gvotes_more_female:800:24.5;gvotes_unisex:400:12.3;gvotes_more_male:40:1.2;gvotes_male:20:0.6|longevity_very_weak:150:5.1;longevity_weak:700:23.6;longevity_moderate:1400:47.1;longevity_long_lasting:600:20.2;longevity_eternal:120:4.0|sillage_intimate:400:14.9;sillage_moderate:1600:59.7;sillage_strong:600:22.4;sillage_enormous:80:3.0|season_winter:400:16.67;season_spring:2400:100.0;season_summer:1600:66.67;season_fall:700:29.17|season_day:2600:100.0;season_night:600:23.08|pros(Elegant and easy to wear,88,4;Suits office and daytime,81,4;Fresh without being sporty,74,4)cons(Abstract floral may feel vague,41,2;Moderate projection,37,2)|||||
900218||Hermès;b40|Terre d'Hermès|2006|gender_for_men||||||a3:100;a6:90;a43:68;a7:55;a55:50;a1:42;a22:35|top(n94,1.0,5.0;n87,0.95,4.75)middle(n111,1.0,5.0;n330,0.95,4.75;n331,0.9,4.5)base(n16,1.0,5.0;n9,0.95,4.75;n18,0.9,4.5;n90,0.85,4.25)|Jean-Claude Ellena;p37|<p>Bitter orange and flinty mineral notes over a dry vetiver and cedar base. Grounded, cerebral and quietly authoritative.</p>|4.2;15000|1050|like_love:7500:51.7;like_like:4500:31.0;like_ok:1500:10.3;like_dislike:600:4.1;like_hate:400:2.8|price_way_overpriced:350:3.3;price_overpriced:1200:11.2;price_ok:4200:39.1;price_good_value:3500:32.6;price_great_value:1500:14.0|gvotes_female:80:0.7;gvotes_more_female:60:0.5;gvotes_unisex:1000:8.2;gvotes_more_male:2500:20.6;gvotes_male:8500:70.0|longevity_very_weak:300:2.4;longevity_weak:1000:8.1;longevity_moderate:4500:36.6;longevity_long_lasting:5000:40.7;longevity_eternal:1500:12.2|sillage_intimate:700:6.0;sillage_moderate:5500:47.0;sillage_strong:4500:38.5;sillage_enormous:1000:8.5|season_winter:3500:35.0;season_spring:10000:100.0;season_summer:6500:65.0;season_fall:8500:85.0|season_day:12500:100.0;season_night:4000:32.0|pros(Sophisticated and mature,360,15;Great for work,330,15;Distinct earthy character,300,15)cons(Dry and austere for some,165,8;Not a crowd-pleaser for younger noses,150,8)|||||
900219||Hermès;b40|Terre d'Hermès Eau Givrée|2022|gender_for_men||||||a3:100;a7:80;a1:65;a6:55;a2:40;a11:35|middle(n332,1.0,5.0;n333,0.95,4.75;n225,0.9,4.5)|Christine Nagel;p78|<p>Sharp citron and tingling Timut pepper with a gin-like juniper-berry freshness over a dry woody backdrop. Icy and bright, it reads as a cooler, more citrus-forward variation on Terre d'Hermès.</p>|4.1;2500|175|like_love:1100:44.0;like_like:900:36.0;like_ok:350:14.0;like_dislike:100:4.0;like_hate:50:2.0|price_way_overpriced:150:7.3;price_overpriced:450:22.0;price_ok:800:39.0;price_good_value:450:22.0;price_great_value:200:9.8|gvotes_female:20:0.9;gvotes_more_female:30:1.3;gvotes_unisex:250:10.9;gvotes_more_male:600:26.1;gvotes_male:1400:60.9|longevity_very_weak:60:2.6;longevity_weak:300:13.0;longevity_moderate:1100:47.6;longevity_long_lasting:700:30.3;longevity_eternal:150:6.5|sillage_intimate:200:8.7;sillage_moderate:1300:56.5;sillage_strong:700:30.4;sillage_enormous:100:4.3|season_winter:250:12.5;season_spring:1700:85.0;season_summer:2000:100.0;season_fall:700:35.0|season_day:2100:100.0;season_night:450:21.43|pros(Very crisp, cooling citrus and pepper,60,3;Keeps the Terre DNA recognisable,55,3;Clean enough for any office,50,3)cons(Pricey,28,1;Sharp opening can feel harsh,25,1)|||||
900220||Hermès;b40|Terre d'Hermès Parfum|2009|gender_for_men||||||a6:100;a3:75;a55:65;a43:55;a31:50;a18:40;a1:35|top(n94,1.0,5.0;n87,0.95,4.75;n334,0.9,4.5)middle(n331,1.0,5.0;n315,0.95,4.75)base(n90,1.0,5.0;n34,0.95,4.75;n39,0.9,4.5)|Jean-Claude Ellena;p37|<p>Orange and grapefruit meet a pronounced flinty, mineral accord, anchored by resinous benzoin, oakmoss and dry woods, with a green shiso nuance at the start. Denser and darker than the eau de toilette, with a quiet but tenacious trail.</p>|4.4;6000|420|like_love:3700:61.2;like_like:1600:26.4;like_ok:500:8.3;like_dislike:150:2.5;like_hate:100:1.7|price_way_overpriced:250:5.7;price_overpriced:800:18.4;price_ok:1700:39.1;price_good_value:1100:25.3;price_great_value:500:11.5|gvotes_female:20:0.4;gvotes_more_female:20:0.4;gvotes_unisex:350:6.5;gvotes_more_male:1200:22.3;gvotes_male:3800:70.5|longevity_very_weak:60:1.1;longevity_weak:250:4.5;longevity_moderate:1500:27.2;longevity_long_lasting:2600:47.2;longevity_eternal:1100:20.0|sillage_intimate:600:11.1;sillage_moderate:2800:51.9;sillage_strong:1700:31.5;sillage_enormous:300:5.6|season_winter:2200:56.41;season_spring:3400:87.18;season_summer:1800:46.15;season_fall:3900:100.0|season_day:4400:100.0;season_night:2000:45.45|pros(Deeper, richer take on the original Terre d'Hermès,144,6;Long-lasting on skin,132,6;Refined and mature,120,6)cons(Expensive,66,3;Dry, austere style is not for everyone,60,3)|||||
900221||Hermès;b40|Un Jardin sur la Lagune|2019|gender_for_women_and_men||||||a17:100;a42:74;a4:64;a11:56;a6:44;a2:36|top(n5,1.0,5.0;n335,0.95,4.75)middle(n336,1.0,5.0;n337,0.95,4.75;n132,0.9,4.5)base(n39,1.0,5.0)|Christine Nagel;p78|<p>Creamy white flowers carried on a salty, sea-air breeze with a pale driftwood base. Airy and luminous, it evokes a waterside garden more than a beach.</p>|3.9;2600|182|like_love:900:36.4;like_like:900:36.4;like_ok:450:18.2;like_dislike:150:6.1;like_hate:70:2.8|price_way_overpriced:200:11.0;price_overpriced:500:27.5;price_ok:800:44.0;price_good_value:250:13.7;price_great_value:70:3.8|gvotes_female:500:20.4;gvotes_more_female:500:20.4;gvotes_unisex:1100:44.9;gvotes_more_male:250:10.2;gvotes_male:100:4.1|longevity_very_weak:150:6.9;longevity_weak:600:27.8;longevity_moderate:1000:46.3;longevity_long_lasting:350:16.2;longevity_eternal:60:2.8|sillage_intimate:400:20.4;sillage_moderate:1100:56.1;sillage_strong:400:20.4;sillage_enormous:60:3.1|season_winter:250:12.5;season_spring:1800:90.0;season_summer:2000:100.0;season_fall:400:20.0|season_day:1900:100.0;season_night:500:26.32|pros(Distinctive salty floral balance,62,3;Light and wearable in heat,57,3;Equally good on any gender,52,3)cons(Projection drops after the first hours,29,1;Fairly subtle for the price,26,1)|||||
900222||Hermès;b40|Un Jardin sur le Nil|2005|gender_for_women_and_men||||||a2:100;a3:72;a10:62;a11:45;a1:40;a6:35|top(n338,1.0,5.0;n186,0.95,4.75;n87,0.9,4.5;n339,0.85,4.25;n340,0.8,4.0)middle(n292,1.0,5.0;n341,0.95,4.75;n234,0.9,4.5;n141,0.85,4.25;n94,0.8,4.0)base(n23,1.0,5.0;n161,0.95,4.75;n35,0.9,4.5;n92,0.85,4.25)|Jean-Claude Ellena;p37|<p>Tart green mango and grapefruit brightness with lotus, reeds and a faint thread of incense. Airy and watercolor-like, it feels cooling in both dry and humid heat.</p>|4;7800|546|like_love:3500:40.5;like_like:3000:34.7;like_ok:1400:16.2;like_dislike:500:5.8;like_hate:250:2.9|price_way_overpriced:400:5.9;price_overpriced:1300:19.1;price_ok:2800:41.2;price_good_value:1600:23.5;price_great_value:700:10.3|gvotes_female:1000:13.9;gvotes_more_female:1300:18.1;gvotes_unisex:4000:55.6;gvotes_more_male:600:8.3;gvotes_male:300:4.2|longevity_very_weak:900:12.4;longevity_weak:2000:27.6;longevity_moderate:3000:41.4;longevity_long_lasting:1100:15.2;longevity_eternal:250:3.4|sillage_intimate:1500:22.6;sillage_moderate:3700:55.6;sillage_strong:1200:18.0;sillage_enormous:250:3.8|season_winter:400:6.15;season_spring:5500:84.62;season_summer:6500:100.0;season_fall:900:13.85|season_day:7000:100.0;season_night:900:12.86|pros(Unusual tart green mango,188,8;Airy and transparent in heat,172,8;Artful yet easy to wear,156,8)cons(Fleeting projection,86,4;Vegetal facet can feel odd,78,4)|||||
900223||Hermès;b40|Voyage d'Hermès|2010|gender_for_women_and_men||||||a6:100;a20:85;a3:65;a7:60;a1:45;a2:40;a9:35|top(n2,1.0,5.0;n107,0.95,4.75;n342,0.9,4.5)middle(n67,1.0,5.0;n284,0.95,4.75;n41,0.9,4.5;n343,0.85,4.25)base(n154,1.0,5.0;n35,0.95,4.75)|Jean-Claude Ellena;p37|<p>A spare, airy blend of lemon and cardamom over a transparent heart of tea and green florals, settling into clean white woods and musk. Understated and cerebral, it smells more of fresh linen than of anywhere exotic.</p>|4;5500|385|like_love:1800:35.0;like_like:2000:38.8;like_ok:900:17.5;like_dislike:300:5.8;like_hate:150:2.9|price_way_overpriced:200:4.4;price_overpriced:700:15.6;price_ok:1800:40.0;price_good_value:1200:26.7;price_great_value:600:13.3|gvotes_female:150:2.7;gvotes_more_female:250:4.5;gvotes_unisex:2200:40.0;gvotes_more_male:1300:23.6;gvotes_male:1600:29.1|longevity_very_weak:500:9.7;longevity_weak:1500:29.1;longevity_moderate:2200:42.7;longevity_long_lasting:800:15.5;longevity_eternal:150:2.9|sillage_intimate:1600:30.8;sillage_moderate:2800:53.8;sillage_strong:700:13.5;sillage_enormous:100:1.9|season_winter:900:23.68;season_spring:3800:100.0;season_summer:2600:68.42;season_fall:1800:47.37|season_day:4300:100.0;season_night:700:16.28|pros(Clean, versatile and genuinely unisex,132,6;Calm and office-friendly,121,6;Refillable, pivoting travel case,110,6)cons(Subdued projection,61,3;Too abstract for some,55,3)|||||
900224||Hugo Boss;b41|Boss Bottled|1998|gender_for_men||||||a6:100;a14:80;a10:70;a16:55;a7:50;a3:45;a13:40|top(n22,1.0,5.0;n136,0.95,4.75;n2,0.9,4.5;n3,0.85,4.25;n34,0.8,4.0;n46,0.75,3.75)middle(n25,1.0,5.0;n241,0.95,4.75;n235,0.9,4.5)base(n29,1.0,5.0;n17,0.95,4.75;n9,0.9,4.5;n16,0.85,4.25;n344,0.8,4.0)|Annick Menardo;p67|<p>Crisp apple and cinnamon over a smooth sandalwood-vanilla base. A dependable, well-groomed classic that suits almost any grown-up occasion.</p>|3.9;17000|1190|like_love:6500:40.6;like_like:5500:34.4;like_ok:2800:17.5;like_dislike:800:5.0;like_hate:400:2.5|price_way_overpriced:100:0.7;price_overpriced:400:2.8;price_ok:3500:24.1;price_good_value:6000:41.4;price_great_value:4500:31.0|gvotes_female:90:0.7;gvotes_more_female:60:0.4;gvotes_unisex:700:5.2;gvotes_more_male:2500:18.7;gvotes_male:10000:74.9|longevity_very_weak:600:4.4;longevity_weak:2000:14.7;longevity_moderate:6000:44.1;longevity_long_lasting:4000:29.4;longevity_eternal:1000:7.4|sillage_intimate:1500:11.5;sillage_moderate:7000:53.4;sillage_strong:3800:29.0;sillage_enormous:800:6.1|season_winter:7000:70.0;season_spring:8000:80.0;season_summer:3000:30.0;season_fall:10000:100.0|season_day:12500:100.0;season_night:5500:44.0|pros(Timeless and dependable,408,17;Great for work,374,17;Affordable,340,17)cons(Can feel dated,187,9;Moderate performance,170,9)|||||
900225||Hugo Boss;b41|Boss Bottled Eau de Parfum|2020|gender_for_men||||||a14:100;a7:67;a16:62;a1:62;a10:60;a2:50;a11:49;a3:46;a20:46|top(n22,1.0,5.0;n54,0.95,4.75;n3,0.9,4.5)middle(n25,1.0,5.0;n107,0.95,4.75;n319,0.9,4.5)base(n35,1.0,5.0;n16,0.95,4.75)|Honorine Blanc;p31|<p>Apple, bergamot and black pepper open onto cinnamon, cardamom and chestnut, drying down to vetiver and musk. It follows the familiar Bottled apple-spice blueprint with a spicier, slightly deeper finish.</p>|3.9;3500|245|like_love:1300:36.8;like_like:1400:39.7;like_ok:600:17.0;like_dislike:150:4.2;like_hate:80:2.3|price_way_overpriced:100:3.3;price_overpriced:300:9.8;price_ok:1000:32.8;price_good_value:1100:36.1;price_great_value:550:18.0|gvotes_female:30:0.8;gvotes_more_female:50:1.4;gvotes_unisex:300:8.2;gvotes_more_male:1000:27.2;gvotes_male:2300:62.5|longevity_very_weak:120:3.6;longevity_weak:400:11.9;longevity_moderate:1500:44.5;longevity_long_lasting:1100:32.6;longevity_eternal:250:7.4|sillage_intimate:300:9.8;sillage_moderate:1700:55.7;sillage_strong:900:29.5;sillage_enormous:150:4.9|season_winter:1700:70.83;season_spring:1900:79.17;season_summer:800:33.33;season_fall:2400:100.0|season_day:2800:100.0;season_night:1300:46.43|pros(Familiar Bottled DNA with more spice,84,4;Office and everyday friendly,77,4;Easy to wear year-round,70,4)cons(Close to the original EDT,39,2;Unremarkable projection,35,2)|||||
900226||Hugo Boss;b41|Boss Bottled Elixir|2023|gender_for_men||||||a6:100;a15:96;a14:82;a1:62;a22:60;a43:52;a31:51;a7:50|top(n69,1.0,5.0;n107,0.95,4.75)middle(n18,1.0,5.0;n16,0.95,4.75)base(n92,1.0,5.0;n9,0.95,4.75)|Annick Menardo;p67;Suzy Le Helley;p92|<p>Frankincense and cardamom over patchouli and vetiver, settling onto labdanum and cedar. A dry, resinous amber-woody scent with a smoky incense thread, much less sweet than many recent elixirs.</p>|4.1;5000|350|like_love:2400:47.8;like_like:1700:33.9;like_ok:600:12.0;like_dislike:200:4.0;like_hate:120:2.4|price_way_overpriced:150:3.6;price_overpriced:450:10.7;price_ok:1400:33.3;price_good_value:1500:35.7;price_great_value:700:16.7|gvotes_female:30:0.6;gvotes_more_female:60:1.2;gvotes_unisex:350:7.1;gvotes_more_male:1300:26.3;gvotes_male:3200:64.8|longevity_very_weak:80:1.7;longevity_weak:250:5.3;longevity_moderate:1200:25.4;longevity_long_lasting:2300:48.6;longevity_eternal:900:19.0|sillage_intimate:150:3.4;sillage_moderate:1400:31.5;sillage_strong:2200:49.4;sillage_enormous:700:15.7|season_winter:3200:91.43;season_spring:1200:34.29;season_summer:350:10.0;season_fall:3500:100.0|season_day:2000:62.5;season_night:3200:100.0|pros(Dry, grown-up incense and woods,120,5;Long-lasting,110,5;Not overly sweet,100,5)cons(Can read as generic amber-woods,55,3;Dense in warm weather,50,3)|||||
900227||Hugo Boss;b41|Boss Bottled Night|2010|gender_for_men||||||a6:100;a1:80;a8:65;a7:55;a41:50;a20:45;a21:35|top(n213,1.0,5.0)middle(n13,1.0,5.0;n107,0.95,4.75;n345,0.9,4.5)base(n346,1.0,5.0;n35,0.95,4.75)||<p>Birch leaf and lavender warmed by cardamom, with a powdery violet heart and a smooth base of pale wood and musk. Relaxed and soft-spoken, it stays close to the skin rather than filling a room.</p>|3.9;9000|630|like_love:2900:31.9;like_like:3700:40.7;like_ok:1800:19.8;like_dislike:500:5.5;like_hate:200:2.2|price_way_overpriced:100:1.3;price_overpriced:300:3.8;price_ok:1900:23.8;price_good_value:2900:36.3;price_great_value:2800:35.0|gvotes_female:60:0.6;gvotes_more_female:90:0.9;gvotes_unisex:900:9.1;gvotes_more_male:2600:26.4;gvotes_male:6200:62.9|longevity_very_weak:900:11.5;longevity_weak:2400:30.8;longevity_moderate:3300:42.3;longevity_long_lasting:1000:12.8;longevity_eternal:200:2.6|sillage_intimate:1700:23.0;sillage_moderate:4200:56.8;sillage_strong:1300:17.6;sillage_enormous:200:2.7|season_winter:3800:67.86;season_spring:4200:75.0;season_summer:1400:25.0;season_fall:5600:100.0|season_day:5200:96.3;season_night:5400:100.0|pros(Smooth, easy woody-lavender profile,216,9;Usually inexpensive,198,9;Unobtrusive in close quarters,180,9)cons(Weak projection and longevity,99,5;Can come across as generic,90,5)|||||
900228||Hugo Boss;b41|Boss Bottled Parfum|2022|gender_for_men||||||a6:100;a23:66;a15:55;a21:53;a36:52;a26:48;a3:48|top(n42,1.0,5.0;n69,0.95,4.75)middle(n297,1.0,5.0;n71,0.95,4.75)base(n9,1.0,5.0;n85,0.95,4.75)|Suzy Le Helley;p92;Annick Menardo;p67|<p>Mandarin and frankincense open onto a heart of fig tree and orris, with cedarwood and a leathery base. It departs from the apple-cinnamon Bottled EDT, reading as a smooth woody iris with a soft leather edge.</p>|4.1;3500|245|like_love:1600:44.1;like_like:1300:35.8;like_ok:500:13.8;like_dislike:150:4.1;like_hate:80:2.2|price_way_overpriced:100:3.5;price_overpriced:300:10.5;price_ok:1000:35.1;price_good_value:1000:35.1;price_great_value:450:15.8|gvotes_female:40:1.1;gvotes_more_female:80:2.2;gvotes_unisex:450:12.3;gvotes_more_male:1100:30.0;gvotes_male:2000:54.5|longevity_very_weak:100:3.1;longevity_weak:300:9.2;longevity_moderate:1200:36.9;longevity_long_lasting:1300:40.0;longevity_eternal:350:10.8|sillage_intimate:300:10.0;sillage_moderate:1500:50.0;sillage_strong:1000:33.3;sillage_enormous:200:6.7|season_winter:2000:76.92;season_spring:1800:69.23;season_summer:700:26.92;season_fall:2600:100.0|season_day:2400:100.0;season_night:2000:83.33|pros(Refined woody-iris character,84,4;Suits office and evenings,77,4;Solid longevity,70,4)cons(Quiet for a parfum,39,2;Understated style may underwhelm,35,2)|||||
900229||Hugo Boss;b41|Boss The Scent|2015|gender_for_men||||||a14:100;a23:72;a13:62;a10:58;a1:45;a8:40|top(n24,1.0,5.0;n347,0.95,4.75;n3,0.9,4.5)middle(n13,1.0,5.0)base(n85,1.0,5.0)|Bruno Jovanovic;p25|<p>Spicy ginger and an exotic, juicy fruit note over smooth, warm leather. Seductive and easygoing, designed for dates and evenings out.</p>|3.9;13000|910|like_love:5000:40.7;like_like:4000:32.5;like_ok:2200:17.9;like_dislike:700:5.7;like_hate:400:3.3|price_way_overpriced:100:0.9;price_overpriced:350:3.2;price_ok:2500:22.8;price_good_value:4500:41.1;price_great_value:3500:32.0|gvotes_female:80:0.8;gvotes_more_female:60:0.6;gvotes_unisex:500:4.8;gvotes_more_male:1800:17.2;gvotes_male:8000:76.6|longevity_very_weak:700:6.1;longevity_weak:2200:19.3;longevity_moderate:5000:43.9;longevity_long_lasting:2800:24.6;longevity_eternal:700:6.1|sillage_intimate:1500:14.4;sillage_moderate:5500:52.9;sillage_strong:2800:26.9;sillage_enormous:600:5.8|season_winter:8000:94.12;season_spring:4000:47.06;season_summer:1200:14.12;season_fall:8500:100.0|season_day:4000:36.36;season_night:11000:100.0|pros(Attractive date-night vibe,312,13;Affordable,286,13;Smooth leather drydown,260,13)cons(Average longevity,143,7;Can smell synthetic,130,7)|||||
900230||Hugo Boss;b41|Hugo Man|1995|gender_for_men||||||a2:100;a1:85;a10:55;a7:50;a3:45;a49:40;a6:35|top(n105,1.0,5.0;n20,0.95,4.75;n13,0.9,4.5;n87,0.85,4.25)middle(n160,1.0,5.0;n56,0.95,4.75;n348,0.9,4.5)base(n226,1.0,5.0;n18,0.95,4.75;n16,0.9,4.5;n34,0.85,4.25)||<p>A sharp green-apple and mint opening with lavender and sage, drying down to pine needles, oakmoss and patchouli. Brisk and outdoorsy, with an unmistakably 1990s green-aromatic character.</p>|3.8;10000|700|like_love:2800:28.0;like_like:3600:36.0;like_ok:2200:22.0;like_dislike:900:9.0;like_hate:500:5.0|price_way_overpriced:100:1.0;price_overpriced:200:2.1;price_ok:1600:16.5;price_good_value:3500:36.1;price_great_value:4300:44.3|gvotes_female:80:0.8;gvotes_more_female:120:1.2;gvotes_unisex:1000:10.3;gvotes_more_male:2500:25.8;gvotes_male:6000:61.9|longevity_very_weak:500:5.1;longevity_weak:1500:15.2;longevity_moderate:4200:42.4;longevity_long_lasting:2800:28.3;longevity_eternal:900:9.1|sillage_intimate:900:9.8;sillage_moderate:4200:45.7;sillage_strong:3200:34.8;sillage_enormous:900:9.8|season_winter:1500:22.06;season_spring:6800:100.0;season_summer:6000:88.24;season_fall:2600:38.24|season_day:8000:100.0;season_night:1800:22.5|pros(Energetic, very fresh opening,240,10;Budget-friendly large bottles,220,10;Solid daytime performer,200,10)cons(Feels dated to some noses,110,5;Sharp, almost soapy green edge,100,5)|||||
900231||Initio Parfums Privés;b42|Atomic Rose|2019|gender_for_women_and_men||||||a30:100;a12:65;a17:55;a3:50;a13:45;a11:35|top(n3,1.0,5.0)middle(n228,1.0,5.0;n246,0.95,4.75;n6,0.9,4.5)base(n29,1.0,5.0;n284,0.95,4.75)||<p>A bright rose built from Turkish and Bulgarian roses, lifted by bergamot and airy Hedione, then softened by jasmine and a smooth vanilla base. It smells radiant and slightly sweet, a modern rose with noticeable projection.</p>|4;3000|210|like_love:1300:44.1;like_like:850:28.8;like_ok:440:14.9;like_dislike:210:7.1;like_hate:150:5.1|price_way_overpriced:600:40.3;price_overpriced:500:33.6;price_ok:280:18.8;price_good_value:80:5.4;price_great_value:30:2.0|gvotes_female:850:30.0;gvotes_more_female:800:28.3;gvotes_unisex:950:33.6;gvotes_more_male:170:6.0;gvotes_male:60:2.1|longevity_very_weak:50:2.8;longevity_weak:160:8.9;longevity_moderate:650:36.3;longevity_long_lasting:700:39.1;longevity_eternal:230:12.8|sillage_intimate:90:5.3;sillage_moderate:500:29.2;sillage_strong:800:46.8;sillage_enormous:320:18.7|season_winter:1550:79.49;season_spring:1950:100.0;season_summer:900:46.15;season_fall:1650:84.62|season_day:1600:74.42;season_night:2150:100.0|pros(Radiant, modern rose,72,3;Strong projection and longevity,66,3;Draws attention in the evening,60,3)cons(Vanilla sweetness can feel heavy in hot weather,33,2;High price,30,2)|||||
900232||Initio Parfums Privés;b42|Musk Therapy|2021|gender_for_women_and_men||||||a20:100;a10:75;a3:65;a17:55;a6:50;a11:45;a21:40|top(n3,1.0,5.0;n42,0.95,4.75;n132,0.9,4.5;n294,0.85,4.25)middle(n17,1.0,5.0)base(n110,1.0,5.0;n349,0.95,4.75)||<p>A soft musk blend brightened by bergamot, mandarin and tart blackcurrant, with magnolia and sandalwood underneath. It smells clean, lightly fruity and skin-like.</p>|4;2500|175|like_love:1050:42.2;like_like:750:30.1;like_ok:420:16.9;like_dislike:170:6.8;like_hate:100:4.0|price_way_overpriced:500:40.3;price_overpriced:420:33.9;price_ok:240:19.4;price_good_value:60:4.8;price_great_value:20:1.6|gvotes_female:430:18.1;gvotes_more_female:500:21.1;gvotes_unisex:1150:48.5;gvotes_more_male:190:8.0;gvotes_male:100:4.2|longevity_very_weak:80:5.3;longevity_weak:200:13.2;longevity_moderate:600:39.7;longevity_long_lasting:480:31.8;longevity_eternal:150:9.9|sillage_intimate:200:14.1;sillage_moderate:650:45.8;sillage_strong:460:32.4;sillage_enormous:110:7.7|season_winter:800:50.0;season_spring:1600:100.0;season_summer:1200:75.0;season_fall:1000:62.5|season_day:1800:100.0;season_night:800:44.44|pros(Clean, comforting musk,60,3;Easy to wear anywhere,55,3;Fruity lift keeps it from feeling flat,50,3)cons(Subtle for the price,28,1;Musk may be hard for some noses to detect,25,1)|||||
900233||Initio Parfums Privés;b42|Oud for Greatness|2018|gender_for_women_and_men||||||a32:100;a6:78;a14:60;a8:42;a22:35;a20:30|top(n40,1.0,5.0;n108,0.95,4.75;n13,0.9,4.5)middle(n68,1.0,5.0)base(n18,1.0,5.0;n35,0.95,4.75)||<p>A saffron-and-nutmeg spiced oud with a lavender thread running through its woody core. The oud is smooth rather than barnyard-funky, finishing on patchouli and musk.</p>|4.25;9500|665|like_love:5500:59.5;like_like:2100:22.7;like_ok:900:9.7;like_dislike:400:4.3;like_hate:350:3.8|price_way_overpriced:2500:31.3;price_overpriced:2400:30.0;price_ok:2000:25.0;price_good_value:700:8.8;price_great_value:400:5.0|gvotes_female:300:3.2;gvotes_more_female:500:5.4;gvotes_unisex:4500:48.4;gvotes_more_male:2500:26.9;gvotes_male:1500:16.1|longevity_very_weak:100:1.1;longevity_weak:200:2.3;longevity_moderate:1100:12.6;longevity_long_lasting:3800:43.7;longevity_eternal:3500:40.2|sillage_intimate:150:1.8;sillage_moderate:900:10.8;sillage_strong:3600:43.1;sillage_enormous:3700:44.3|season_winter:6500:100.0;season_spring:2200:33.85;season_summer:700:10.77;season_fall:6000:92.31|season_day:3000:46.15;season_night:6500:100.0|pros(Clean, approachable oud,228,10;Strong projection and long wear,209,10;Works across genders,190,10)cons(Can dominate a room,115,5;Expensive,105,5;Too dense for warm weather,95,5)|||||
900234||Initio Parfums Privés;b42|Rehab|2018|gender_for_women_and_men||||||a1:100;a8:90;a6:75;a20:65;a7:50;a22:40|top(n3,1.0,5.0;n54,0.95,4.75)middle(n13,1.0,5.0;n284,0.95,4.75)base(n9,1.0,5.0;n18,0.95,4.75;n17,0.9,4.5;n35,0.85,4.25)||<p>Bergamot and black pepper lead into a calm lavender heart over cedar, sandalwood, patchouli and soft musk. It is clean yet cosy, a smooth aromatic-woody scent that works in most settings.</p>|4.1;4000|280|like_love:1800:45.6;like_like:1200:30.4;like_ok:550:13.9;like_dislike:240:6.1;like_hate:160:4.1|price_way_overpriced:750:37.3;price_overpriced:700:34.8;price_ok:420:20.9;price_good_value:100:5.0;price_great_value:40:2.0|gvotes_female:300:7.9;gvotes_more_female:460:12.1;gvotes_unisex:2150:56.4;gvotes_more_male:600:15.7;gvotes_male:300:7.9|longevity_very_weak:70:2.9;longevity_weak:220:9.2;longevity_moderate:850:35.4;longevity_long_lasting:950:39.6;longevity_eternal:310:12.9|sillage_intimate:140:6.1;sillage_moderate:800:34.8;sillage_strong:1000:43.5;sillage_enormous:360:15.7|season_winter:2350:90.38;season_spring:2350:90.38;season_summer:1150:44.23;season_fall:2600:100.0|season_day:2900:100.0;season_night:2000:68.97|pros(Comforting lavender-and-woods mix,96,4;Strong longevity,88,4;Versatile across seasons and settings,80,4)cons(Pricey for what can read as a simple blend,44,2;Musky drydown may feel generic to some,40,2)|||||
900235||Initio Parfums Privés;b42|Side Effect|2016|gender_for_women_and_men||||||a28:100;a50:75;a12:72;a14:60;a13:55;a16:45;a6:30|middle(n217,1.0,5.0;n60,0.95,4.75;n25,0.9,4.5;n40,0.85,4.25)base(n29,1.0,5.0;n17,0.95,4.75;n284,0.9,4.5)||<p>A boozy tobacco-vanilla scent with rum and cinnamon up front and a smooth, slightly airy sandalwood base. Rich and heady, suited to cold nights.</p>|4.2;8500|595|like_love:4700:56.0;like_like:2100:25.0;like_ok:900:10.7;like_dislike:400:4.8;like_hate:300:3.6|price_way_overpriced:1800:26.3;price_overpriced:2000:29.2;price_ok:2000:29.2;price_good_value:700:10.2;price_great_value:350:5.1|gvotes_female:400:4.8;gvotes_more_female:700:8.4;gvotes_unisex:4200:50.6;gvotes_more_male:1800:21.7;gvotes_male:1200:14.5|longevity_very_weak:100:1.3;longevity_weak:250:3.2;longevity_moderate:1300:16.6;longevity_long_lasting:3600:45.9;longevity_eternal:2600:33.1|sillage_intimate:200:2.6;sillage_moderate:1400:18.4;sillage_strong:3600:47.4;sillage_enormous:2400:31.6|season_winter:6200:100.0;season_spring:1200:19.35;season_summer:300:4.84;season_fall:5600:90.32|season_day:1800:27.69;season_night:6500:100.0|pros(Rich boozy-tobacco warmth,204,9;Powerful projection,187,9;Warm, heady evening character,170,9)cons(Too heavy for daytime heat,103,4;Easy to overspray,94,4;Expensive,85,4)|||||
900236||Issey Miyake;b43|L'Eau d'Issey|1992|gender_for_women||||||a37:100;a9:82;a54:60;a11:58;a17:50;a6:35;a10:30|top(n186,1.0,5.0;n43,0.95,4.75;n63,0.9,4.5;n350,0.85,4.25;n189,0.8,4.0)middle(n141,1.0,5.0;n233,0.95,4.75;n235,0.9,4.5)base(n187,1.0,5.0;n79,0.95,4.75;n9,0.9,4.5;n35,0.85,4.25;n17,0.8,4.0;n11,0.75,3.75)|Jacques Cavallier;p36|<p>Watery lotus and airy florals with a hint of melon, like fresh flowers on a rain-cooled terrace. Transparent and serene, it stays composed even in high heat.</p>|3.8;11500|805|like_love:4000:33.6;like_like:3800:31.9;like_ok:2200:18.5;like_dislike:1200:10.1;like_hate:700:5.9|price_way_overpriced:200:2.4;price_overpriced:700:8.2;price_ok:2800:32.9;price_good_value:3000:35.3;price_great_value:1800:21.2|gvotes_female:6000:62.8;gvotes_more_female:2500:26.2;gvotes_unisex:900:9.4;gvotes_more_male:100:1.0;gvotes_male:60:0.6|longevity_very_weak:700:6.7;longevity_weak:1800:17.3;longevity_moderate:4000:38.5;longevity_long_lasting:3000:28.8;longevity_eternal:900:8.7|sillage_intimate:1000:10.6;sillage_moderate:4500:47.9;sillage_strong:3000:31.9;sillage_enormous:900:9.6|season_winter:800:8.0;season_spring:9000:90.0;season_summer:10000:100.0;season_fall:1500:15.0|season_day:11000:100.0;season_night:2200:20.0|pros(Watery florals ideal for heat,276,12;Clean and professional,253,12;Lasts better than most aquatics,230,12)cons(Melon-ozonic opening feels dated to some,127,6;Can come across sharp or soapy,115,6)|||||
900237||Issey Miyake;b43|L'Eau d'Issey Pour Homme|1994|gender_for_men||||||a3:100;a37:75;a7:55;a6:50;a1:45;a2:30|top(n351,1.0,5.0;n2,0.95,4.75;n3,0.9,4.5;n42,0.85,4.25;n167,0.8,4.0;n93,0.75,3.75)middle(n186,1.0,5.0;n108,0.95,4.75;n185,0.9,4.5;n25,0.85,4.25;n46,0.8,4.0;n40,0.75,3.75)base(n60,1.0,5.0;n16,0.95,4.75;n17,0.9,4.5;n35,0.85,4.25;n9,0.8,4.0;n11,0.75,3.75)|Jacques Cavallier;p36|<p>A zesty splash of yuzu over cool watery florals and gently spiced woods. It is breezy, crisp and very much of the clean 90s style.</p>|3.95;13000|910|like_love:5500:45.1;like_like:4000:32.8;like_ok:1800:14.8;like_dislike:600:4.9;like_hate:300:2.5|price_way_overpriced:150:1.3;price_overpriced:400:3.4;price_ok:3000:25.3;price_good_value:4800:40.5;price_great_value:3500:29.5|gvotes_female:150:1.2;gvotes_more_female:350:2.7;gvotes_unisex:1800:14.1;gvotes_more_male:4000:31.3;gvotes_male:6500:50.8|longevity_very_weak:500:4.1;longevity_weak:1500:12.3;longevity_moderate:5000:41.0;longevity_long_lasting:4200:34.4;longevity_eternal:1000:8.2|sillage_intimate:1000:8.6;sillage_moderate:5500:47.4;sillage_strong:4200:36.2;sillage_enormous:900:7.8|season_winter:900:8.57;season_spring:9500:90.48;season_summer:10500:100.0;season_fall:2200:20.95|season_day:11500:100.0;season_night:2000:17.39|pros(Crisp, energizing citrus,312,13;Affordable classic,286,13;Excellent on hot days,260,13)cons(Feels dated to some,143,7;Sharp yuzu opening,130,7)|||||
900238||Jean Paul Gaultier;b44|Le Beau|2019|gender_for_men||||||a39:100;a13:70;a6:60;a3:45;a19:35;a1:35|top(n3,1.0,5.0)middle(n121,1.0,5.0)base(n30,1.0,5.0)|Quentin Bisch;p3;Sonia Constant;p93|<p>A playful coconut-and-tonka scent with a bright bergamot lift, evoking a beach bar at sunset. Sweeter and louder than typical summer freshies, it is made for fun rather than the office.</p>|3.95;6800|476|like_love:3200:42.4;like_like:2500:33.1;like_ok:1100:14.6;like_dislike:500:6.6;like_hate:250:3.3|price_way_overpriced:250:3.6;price_overpriced:700:10.2;price_ok:2200:32.1;price_good_value:2400:35.0;price_great_value:1300:19.0|gvotes_female:150:1.9;gvotes_more_female:350:4.5;gvotes_unisex:1600:20.5;gvotes_more_male:2200:28.2;gvotes_male:3500:44.9|longevity_very_weak:300:4.3;longevity_weak:900:13.0;longevity_moderate:2800:40.6;longevity_long_lasting:2200:31.9;longevity_eternal:700:10.1|sillage_intimate:500:7.5;sillage_moderate:2700:40.3;sillage_strong:2600:38.8;sillage_enormous:900:13.4|season_winter:500:8.33;season_spring:4500:75.0;season_summer:6000:100.0;season_fall:1200:20.0|season_day:5500:100.0;season_night:3500:63.64|pros(Fun, sunny coconut-tonka vibe,164,7;Strong projection,150,7;Compliment magnet at beach parties,136,7)cons(Sweetness can feel heavy in humidity,75,3;Coconut reads synthetic to some,68,3)|||||
900239||Jean Paul Gaultier;b44|Le Male|1995|gender_for_men||||||a8:100;a12:85;a1:72;a14:60;a15:55;a13:50;a21:45;a7:40|top(n13,1.0,5.0;n20,0.95,4.75;n107,0.9,4.5;n3,0.85,4.25;n112,0.8,4.0)middle(n25,1.0,5.0;n27,0.95,4.75;n65,0.9,4.5;n250,0.85,4.25)base(n29,1.0,5.0;n30,0.95,4.75;n11,0.9,4.5;n17,0.85,4.25;n9,0.8,4.0)|Francis Kurkdjian;p34|<p>A barbershop lavender and mint opening melts into a warm, creamy vanilla-tonka embrace. Nostalgic, cuddly and irresistibly sensual on cool evenings.</p>|4.1;22000|1540|like_love:11000:51.6;like_like:6000:28.2;like_ok:2500:11.7;like_dislike:1000:4.7;like_hate:800:3.8|price_way_overpriced:200:1.2;price_overpriced:700:4.1;price_ok:4000:23.7;price_good_value:7000:41.4;price_great_value:5000:29.6|gvotes_female:300:1.8;gvotes_more_female:200:1.2;gvotes_unisex:1500:8.8;gvotes_more_male:4000:23.5;gvotes_male:11000:64.7|longevity_very_weak:500:2.8;longevity_weak:1500:8.3;longevity_moderate:6000:33.3;longevity_long_lasting:7500:41.7;longevity_eternal:2500:13.9|sillage_intimate:1000:5.9;sillage_moderate:6000:35.3;sillage_strong:7000:41.2;sillage_enormous:3000:17.6|season_winter:12000:100.0;season_spring:7000:58.33;season_summer:2500:20.83;season_fall:12000:100.0|season_day:9000:69.23;season_night:13000:100.0|pros(Iconic and memorable,528,22;Warm, comforting drydown,484,22;Great value,440,22)cons(Associated with the 90s,264,11;Too sweet for some,242,11;Heavy in summer,220,11)|||||
900240||Jean Paul Gaultier;b44|Le Male Elixir|2023|gender_for_men||||||a13:100;a15:85;a8:70;a35:60;a31:55;a12:50;a28:45;a1:40|top(n13,1.0,5.0;n20,0.95,4.75)middle(n29,1.0,5.0;n90,0.95,4.75)base(n97,1.0,5.0;n30,0.95,4.75;n60,0.9,4.5)||<p>A dense, resinous take on the Le Male lavender theme: lavender and mint quickly sink into vanilla, benzoin, honey, tonka and tobacco. Very sweet and ambery, it is built for cold weather and evenings.</p>|4.3;13000|910|like_love:6500:51.8;like_like:3600:28.7;like_ok:1500:12.0;like_dislike:600:4.8;like_hate:350:2.8|price_way_overpriced:250:2.2;price_overpriced:600:5.3;price_ok:2500:22.2;price_good_value:4200:37.3;price_great_value:3700:32.9|gvotes_female:200:1.7;gvotes_more_female:350:2.9;gvotes_unisex:1800:14.9;gvotes_more_male:4200:34.9;gvotes_male:5500:45.6|longevity_very_weak:100:0.8;longevity_weak:300:2.5;longevity_moderate:1600:13.3;longevity_long_lasting:5000:41.7;longevity_eternal:5000:41.7|sillage_intimate:200:1.7;sillage_moderate:1600:13.8;sillage_strong:5200:44.8;sillage_enormous:4600:39.7|season_winter:11000:100.0;season_spring:2500:22.73;season_summer:700:6.36;season_fall:8500:77.27|season_day:4000:36.36;season_night:11000:100.0|pros(Exceptional longevity,312,13;Rich, resinous sweetness,286,13;Strong presence from a few sprays,260,13)cons(Easy to overapply,143,7;Too heavy for warm days,130,7)|||||
900241||Jean Paul Gaultier;b44|Le Male Le Parfum|2020|gender_for_men||||||a12:100;a8:80;a14:72;a36:60;a21:55;a6:48;a13:45|top(n107,1.0,5.0)middle(n13,1.0,5.0;n161,0.95,4.75)base(n29,1.0,5.0;n39,0.95,4.75)|Quentin Bisch;p3;Natalie Gracia-Cetto;p94|<p>A plush, elegant evolution of Le Male built on cardamom, lavender, iris and a rich vanilla. Smooth, dressy and deeply seductive.</p>|4.4;12000|840|like_love:7500:63.6;like_like:3000:25.4;like_ok:800:6.8;like_dislike:300:2.5;like_hate:200:1.7|price_way_overpriced:150:1.4;price_overpriced:500:4.7;price_ok:2500:23.5;price_good_value:4500:42.3;price_great_value:3000:28.2|gvotes_female:70:0.7;gvotes_more_female:80:0.8;gvotes_unisex:900:9.0;gvotes_more_male:2000:19.9;gvotes_male:7000:69.7|longevity_very_weak:100:0.9;longevity_weak:400:3.7;longevity_moderate:2200:20.6;longevity_long_lasting:5500:51.4;longevity_eternal:2500:23.4|sillage_intimate:300:2.8;sillage_moderate:2600:24.5;sillage_strong:5500:51.9;sillage_enormous:2200:20.8|season_winter:8500:100.0;season_spring:2500:29.41;season_summer:700:8.24;season_fall:8000:94.12|season_day:3000:30.0;season_night:10000:100.0|pros(Luxurious feel for the price,288,12;Excellent longevity,264,12;Very sensual,240,12)cons(Heavy for warm days,132,6;Sweetness can build up,120,6)|||||
900242||Jean Paul Gaultier;b44|Scandal|2017|gender_for_women||||||a35:100;a13:85;a57:60;a17:55;a22:45;a3:30|top(n157,1.0,5.0;n42,0.95,4.75)middle(n97,1.0,5.0;n289,0.95,4.75;n27,0.9,4.5;n6,0.85,4.25;n168,0.8,4.0)base(n352,1.0,5.0;n353,0.95,4.75;n18,0.9,4.5;n291,0.85,4.25)|Daphné Bugey;p95;Christophe Raynaud;p10;Fabrice Pellegrin;p22|<p>Golden honey and beeswax poured over gardenia, with a kick of patchouli. Playful, bold and a bit cheeky.</p>|3.9;11900|833|like_love:5000:42.7;like_like:3300:28.2;like_ok:1700:14.5;like_dislike:900:7.7;like_hate:800:6.8|price_way_overpriced:500:6.5;price_overpriced:1100:14.3;price_ok:3000:39.0;price_good_value:2200:28.6;price_great_value:900:11.7|gvotes_female:7000:81.2;gvotes_more_female:1100:12.8;gvotes_unisex:400:4.6;gvotes_more_male:60:0.7;gvotes_male:60:0.7|longevity_very_weak:300:3.1;longevity_weak:500:5.1;longevity_moderate:2500:25.5;longevity_long_lasting:4500:45.9;longevity_eternal:2000:20.4|sillage_intimate:500:5.4;sillage_moderate:3000:32.3;sillage_strong:4000:43.0;sillage_enormous:1800:19.4|season_winter:7500:93.75;season_spring:3000:37.5;season_summer:900:11.25;season_fall:8000:100.0|season_day:3500:43.75;season_night:8000:100.0|pros(Distinctive honey accord,286,12;Strong performance,262,12;Fun party scent,238,12)cons(Honey can feel sticky,143,6;Divides opinion,131,6;Heavy in heat,119,6)|||||
900243||Jean Paul Gaultier;b44|Ultra Male|2015|gender_for_men||||||a13:100;a12:80;a10:65;a1:55;a8:50;a14:40;a15:35|top(n76,1.0,5.0;n13,0.95,4.75;n20,0.9,4.5;n3,0.85,4.25;n2,0.8,4.0)middle(n25,1.0,5.0;n160,0.95,4.75;n250,0.9,4.5)base(n320,1.0,5.0;n11,0.95,4.75;n18,0.9,4.5;n9,0.85,4.25)|Francis Kurkdjian;p34|<p>A louder, sweeter Le Male built around juicy pear and black vanilla. Playful and flirty, it is made for clubs and cold-weather parties.</p>|4.1;16000|1120|like_love:8000:50.0;like_like:5000:31.3;like_ok:1800:11.3;like_dislike:800:5.0;like_hate:400:2.5|price_way_overpriced:200:2.2;price_overpriced:600:6.5;price_ok:2500:26.9;price_good_value:3500:37.6;price_great_value:2500:26.9|gvotes_female:200:1.3;gvotes_more_female:350:2.4;gvotes_unisex:1300:8.8;gvotes_more_male:3500:23.6;gvotes_male:9500:64.0|longevity_very_weak:150:1.5;longevity_weak:500:4.9;longevity_moderate:2500:24.6;longevity_long_lasting:5000:49.3;longevity_eternal:2000:19.7|sillage_intimate:300:3.1;sillage_moderate:2200:22.7;sillage_strong:5000:51.5;sillage_enormous:2200:22.7|season_winter:9500:100.0;season_spring:3500:36.84;season_summer:900:9.47;season_fall:8500:89.47|season_day:3500:28.0;season_night:12500:100.0|pros(Huge compliment-getter,384,16;Strong projection,352,16;Great value when discounted,320,16)cons(Very sweet, can feel juvenile,176,8;Cloying in hot weather,160,8)|||||
900244||Jennifer Lopez;b45|Glow by JLo|2002|gender_for_women||||||a20:100;a51:75;a3:65;a17:60;a21:50;a9:45;a12:30|top(n103,1.0,5.0;n27,0.95,4.75;n87,0.9,4.5)middle(n6,1.0,5.0;n7,0.95,4.75;n187,0.9,4.5)base(n35,1.0,5.0;n17,0.95,4.75;n74,0.9,4.5;n11,0.85,4.25;n29,0.8,4.0)|Louise Turner;p46;Catherine Walsh;p96|<p>Grapefruit, neroli and orange blossom lead into a soft rose, jasmine and tuberose heart, with a strong, lightly sweet musk underneath touched by orris, sandalwood and amber. The overall effect is of fresh-from-the-shower skin.</p>|3.9;9000|630|like_love:3200:37.0;like_like:3100:35.8;like_ok:1500:17.3;like_dislike:550:6.4;like_hate:300:3.5|price_way_overpriced:70:0.8;price_overpriced:170:2.0;price_ok:1300:15.6;price_good_value:2800:33.6;price_great_value:4000:48.0|gvotes_female:5900:75.5;gvotes_more_female:1500:19.2;gvotes_unisex:350:4.5;gvotes_more_male:40:0.5;gvotes_male:20:0.3|longevity_very_weak:500:6.3;longevity_weak:1500:19.0;longevity_moderate:3500:44.3;longevity_long_lasting:1900:24.1;longevity_eternal:500:6.3|sillage_intimate:900:12.8;sillage_moderate:4000:56.7;sillage_strong:1800:25.5;sillage_enormous:350:5.0|season_winter:1400:26.92;season_spring:5200:100.0;season_summer:4300:82.69;season_fall:2200:42.31|season_day:6300:100.0;season_night:1500:23.81|pros(Clean, soapy-fresh musk,216,9;Lasts well for the price,198,9;Very inexpensive,180,9)cons(Can smell like soap to some,99,5;Not very distinctive,90,5)|||||
900245||Jimmy Choo;b46|I Want Choo|2020|gender_for_women||||||a17:100;a12:90;a10:70;a13:65;a21:45;a3:40;a53:30|top(n168,1.0,5.0;n42,0.95,4.75)middle(n6,1.0,5.0;n354,0.95,4.75)base(n29,1.0,5.0)|Sonia Constant;p93|<p>A sweet, glossy fruity-floral where peach and mandarin open onto jasmine and red spider lily before settling into a warm vanilla base. Party-ready and cosy, with a gourmand-leaning drydown.</p>|4.02;4700|329|like_love:2014:42.6;like_like:1611:34.1;like_ok:671:14.2;like_dislike:269:5.7;like_hate:161:3.4|price_way_overpriced:134:3.8;price_overpriced:336:9.6;price_ok:1209:34.6;price_good_value:1209:34.6;price_great_value:604:17.3|gvotes_female:3491:84.7;gvotes_more_female:470:11.4;gvotes_unisex:134:3.3;gvotes_more_male:13:0.3;gvotes_male:13:0.3|longevity_very_weak:134:3.3;longevity_weak:336:8.3;longevity_moderate:1209:30.0;longevity_long_lasting:1746:43.3;longevity_eternal:604:15.0|sillage_intimate:201:5.3;sillage_moderate:1209:32.2;sillage_strong:1746:46.4;sillage_enormous:604:16.1|season_winter:2686:95.25;season_spring:1880:66.67;season_summer:671:23.79;season_fall:2820:100.0|season_day:1880:58.33;season_night:3223:100.0|pros(Warm vanilla drydown,112,5;Good longevity,103,5;Fun, party-friendly character,94,5)cons(Very sweet,52,2;Resembles many vanilla fruity-florals,47,2)|||||
900246||Jimmy Choo;b46|Jimmy Choo|2011|gender_for_women||||||a13:100;a22:85;a10:80;a6:60;a14:50;a40:45;a43:40;a2:35|top(n76,1.0,5.0;n42,0.95,4.75;n41,0.9,4.5)middle(n99,1.0,5.0)base(n162,1.0,5.0;n18,0.95,4.75)|Olivier Polge;p48|<p>A fruity chypre-style scent where juicy pear and mandarin lead into orchid and a sweet toffee and patchouli base. Sweet with an earthy undertone, it moves easily from day to night.</p>|3.78;9700|679|like_love:3527:35.4;like_like:3704:37.2;like_ok:1764:17.7;like_dislike:617:6.2;like_hate:353:3.5|price_way_overpriced:265:3.5;price_overpriced:617:8.0;price_ok:2822:36.8;price_good_value:2645:34.5;price_great_value:1323:17.2|gvotes_female:6878:86.0;gvotes_more_female:794:9.9;gvotes_unisex:265:3.3;gvotes_more_male:26:0.3;gvotes_male:35:0.4|longevity_very_weak:353:4.0;longevity_weak:970:11.1;longevity_moderate:3175:36.4;longevity_long_lasting:3351:38.4;longevity_eternal:882:10.1|sillage_intimate:617:7.8;sillage_moderate:3351:42.2;sillage_strong:3086:38.9;sillage_enormous:882:11.1|season_winter:3086:58.33;season_spring:5291:100.0;season_summer:2293:43.34;season_fall:4409:83.33|season_day:6173:100.0;season_night:3704:60.0|pros(Juicy pear and toffee blend,232,10;Works from day to night,213,10;Often found discounted,194,10)cons(Patchouli-toffee base can feel generic,107,5;Sweetness may be cloying,97,5)|||||
900247||Jo Malone London;b47|English Pear & Freesia|2010|gender_for_women||||||a10:100;a9:72;a11:55;a13:45;a20:40;a6:30|top(n76,1.0,5.0;n43,0.95,4.75)middle(n63,1.0,5.0;n7,0.95,4.75)base(n18,1.0,5.0;n304,0.95,4.75;n110,0.9,4.5;n11,0.85,4.25)|Christine Nagel;p78|<p>Crisp, juicy pear paired with soft freesia over a light musky base. It is bright, tidy and easygoing.</p>|3.8;12000|840|like_love:4500:38.8;like_like:4000:34.5;like_ok:2000:17.2;like_dislike:700:6.0;like_hate:400:3.4|price_way_overpriced:1800:18.6;price_overpriced:2800:28.9;price_ok:3500:36.1;price_good_value:1200:12.4;price_great_value:400:4.1|gvotes_female:7000:60.1;gvotes_more_female:2800:24.0;gvotes_unisex:1600:13.7;gvotes_more_male:150:1.3;gvotes_male:100:0.9|longevity_very_weak:1400:13.1;longevity_weak:3200:30.0;longevity_moderate:4500:42.3;longevity_long_lasting:1300:12.2;longevity_eternal:250:2.3|sillage_intimate:2800:28.0;sillage_moderate:5500:55.0;sillage_strong:1500:15.0;sillage_enormous:200:2.0|season_winter:1200:13.33;season_spring:9000:100.0;season_summer:6000:66.67;season_fall:4200:46.67|season_day:10500:100.0;season_night:1500:14.29|pros(Fresh, likeable pear,288,12;Easy to wear every day,264,12;Layers well,240,12)cons(Short-lived,144,6;Pricey for its strength,132,6;Can smell like body wash,120,6)|||||
900248||Jo Malone London;b47|Oud & Bergamot|2010|gender_for_women_and_men||||||a32:100;a3:72;a6:66;a24:48;a7:32|top(n3,1.0,5.0;n2,0.95,4.75;n94,0.9,4.5)middle(n68,1.0,5.0)base(n9,1.0,5.0)||<p>Sparkling bergamot, lemon and orange set against a smooth, lightly smoky oud and cedar. A clean, approachable take on oud that stays restrained rather than barnyard or medicinal.</p>|4;2300|161|like_love:850:40.9;like_like:700:33.7;like_ok:350:16.8;like_dislike:120:5.8;like_hate:60:2.9|price_way_overpriced:250:15.2;price_overpriced:600:36.4;price_ok:600:36.4;price_good_value:150:9.1;price_great_value:50:3.0|gvotes_female:150:6.7;gvotes_more_female:200:8.9;gvotes_unisex:1000:44.4;gvotes_more_male:600:26.7;gvotes_male:300:13.3|longevity_very_weak:80:4.3;longevity_weak:250:13.3;longevity_moderate:800:42.6;longevity_long_lasting:600:31.9;longevity_eternal:150:8.0|sillage_intimate:200:11.8;sillage_moderate:900:52.9;sillage_strong:500:29.4;sillage_enormous:100:5.9|season_winter:900:100.0;season_spring:500:55.56;season_summer:250:27.78;season_fall:900:100.0|season_day:1000:100.0;season_night:900:90.0|pros(Gentle entry point to oud,56,2;Citrus keeps it wearable in daytime,51,2;Genuinely unisex,46,2)cons(Expensive for its size,25,1;Oud is subtle for enthusiasts,23,1)|||||
900249||Jo Malone London;b47|Peony & Blush Suede|2013|gender_for_women||||||a9:100;a10:70;a30:60;a23:50;a21:40;a11:35;a20:30|top(n355,1.0,5.0)middle(n141,1.0,5.0;n6,0.95,4.75;n7,0.9,4.5;n356,0.85,4.25)base(n109,1.0,5.0)|Christine Nagel;p78|<p>Crisp red apple opens onto a soft pink peony and rose bouquet that settles on a velvety suede finish, light and charming. Pretty and polished for daytime.</p>|3.9;5000|350|like_love:1700:36.6;like_like:1700:36.6;like_ok:800:17.2;like_dislike:300:6.5;like_hate:150:3.2|price_way_overpriced:350:11.4;price_overpriced:1000:32.6;price_ok:1200:39.1;price_good_value:400:13.0;price_great_value:120:3.9|gvotes_female:3000:75.2;gvotes_more_female:700:17.5;gvotes_unisex:250:6.3;gvotes_more_male:20:0.5;gvotes_male:20:0.5|longevity_very_weak:500:13.2;longevity_weak:1200:31.6;longevity_moderate:1500:39.5;longevity_long_lasting:500:13.2;longevity_eternal:100:2.6|sillage_intimate:700:22.6;sillage_moderate:1800:58.1;sillage_strong:500:16.1;sillage_enormous:100:3.2|season_winter:800:21.05;season_spring:3800:100.0;season_summer:2000:52.63;season_fall:1200:31.58|season_day:4000:100.0;season_night:800:20.0|pros(Soft, pretty peony,120,5;Easy to layer,110,5;Office appropriate,100,5)cons(Weak longevity,55,3;Pricey for a cologne strength,50,3)|||||
900250||Jo Malone London;b47|Pomegranate Noir|2005|gender_for_women_and_men||||||a10:100;a6:80;a14:60;a22:52;a7:46;a9:36|top(n237,1.0,5.0;n115,0.95,4.75;n136,0.9,4.5;n19,0.85,4.25)middle(n357,1.0,5.0;n70,0.95,4.75;n174,0.9,4.5)base(n18,1.0,5.0;n69,0.95,4.75;n11,0.9,4.5)||<p>Tart pomegranate and dark berries with pink pepper, settling onto smoky guaiac wood and patchouli. Fruity but dry and shadowy, it avoids the candy sweetness of most fruit scents.</p>|4;5200|364|like_love:1900:39.2;like_like:1700:35.1;like_ok:800:16.5;like_dislike:300:6.2;like_hate:150:3.1|price_way_overpriced:350:10.9;price_overpriced:900:28.0;price_ok:1400:43.5;price_good_value:450:14.0;price_great_value:120:3.7|gvotes_female:700:14.9;gvotes_more_female:900:19.1;gvotes_unisex:2200:46.8;gvotes_more_male:600:12.8;gvotes_male:300:6.4|longevity_very_weak:300:7.1;longevity_weak:1100:25.9;longevity_moderate:1900:44.7;longevity_long_lasting:800:18.8;longevity_eternal:150:3.5|sillage_intimate:600:16.0;sillage_moderate:2100:56.0;sillage_strong:900:24.0;sillage_enormous:150:4.0|season_winter:1900:79.17;season_spring:1000:41.67;season_summer:450:18.75;season_fall:2400:100.0|season_day:1900:86.36;season_night:2200:100.0|pros(Unusual dark fruity-woody mix,124,5;Unisex and easy to layer,114,5;Suits autumn evenings,104,5)cons(Moderate longevity for the price,57,3;Spice and fruit can clash on some skins,52,3)|||||
900251||Jo Malone London;b47|Wild Bluebell|2011|gender_for_women||||||a2:100;a9:85;a11:68;a37:50;a53:38;a20:34|top(n358,1.0,5.0)middle(n28,1.0,5.0;n56,0.95,4.75)base(n238,1.0,5.0;n110,0.95,4.75)|Christine Nagel;p78|<p>A cool, dewy green floral built around bluebell, with a faint clove shimmer and a soft musky base. Sheer and airy, it suggests damp spring woodland more than a bouquet.</p>|3.9;6500|455|like_love:2400:41.7;like_like:2000:34.8;like_ok:900:15.7;like_dislike:300:5.2;like_hate:150:2.6|price_way_overpriced:500:12.3;price_overpriced:1300:32.1;price_ok:1600:39.5;price_good_value:500:12.3;price_great_value:150:3.7|gvotes_female:2600:53.1;gvotes_more_female:1300:26.5;gvotes_unisex:900:18.4;gvotes_more_male:60:1.2;gvotes_male:40:0.8|longevity_very_weak:500:10.1;longevity_weak:1600:32.3;longevity_moderate:2000:40.4;longevity_long_lasting:700:14.1;longevity_eternal:150:3.0|sillage_intimate:1200:27.1;sillage_moderate:2400:54.3;sillage_strong:700:15.8;sillage_enormous:120:2.7|season_winter:700:15.56;season_spring:4500:100.0;season_summer:2800:62.22;season_fall:900:20.0|season_day:4800:100.0;season_night:800:16.67|pros(Unusual watery-green floral profile,156,7;Office-friendly and inoffensive,143,7;Pleasant for layering,130,7)cons(Short-lived on many skins,72,3;Expensive for a cologne concentration,65,3)|||||
900252||Jo Malone London;b47|Wood Sage & Sea Salt|2014|gender_for_women_and_men||||||a42:100;a1:75;a4:60;a5:55;a6:45;a20:35;a55:30|top(n129,1.0,5.0;n87,0.95,4.75)middle(n266,1.0,5.0;n216,0.95,4.75)base(n47,1.0,5.0)|Christine Nagel;p78|<p>Mineral sea-salt spray and soft ambrette musk meet dry, herbal sage with a hint of grapefruit. Relaxed and airy, it recalls a cool afternoon stroll along the shoreline.</p>|3.8;6500|455|like_love:2400:38.4;like_like:2300:36.8;like_ok:1000:16.0;like_dislike:350:5.6;like_hate:200:3.2|price_way_overpriced:900:19.6;price_overpriced:1600:34.8;price_ok:1500:32.6;price_good_value:400:8.7;price_great_value:200:4.3|gvotes_female:1000:16.8;gvotes_more_female:1000:16.8;gvotes_unisex:3500:58.8;gvotes_more_male:300:5.0;gvotes_male:150:2.5|longevity_very_weak:1200:22.6;longevity_weak:1900:35.8;longevity_moderate:1700:32.1;longevity_long_lasting:400:7.5;longevity_eternal:100:1.9|sillage_intimate:1900:41.3;sillage_moderate:2100:45.7;sillage_strong:500:10.9;sillage_enormous:100:2.2|season_winter:700:13.46;season_spring:4800:92.31;season_summer:5200:100.0;season_fall:1600:30.77|season_day:5800:100.0;season_night:700:12.07|pros(Realistic salty sea air,156,7;Effortless and unisex,143,7;Great for layering,130,7)cons(Weak longevity,79,3;Soft projection,72,3;Pricey for cologne strength,65,3)|||||
900253||Joop!;b48|Joop! Homme|1989|gender_for_men||||||a13:100;a14:75;a12:70;a21:60;a16:55;a17:45;a15:45;a6:40|top(n27,1.0,5.0;n42,0.95,4.75;n3,0.9,4.5;n2,0.85,4.25)middle(n25,1.0,5.0;n287,0.95,4.75;n6,0.9,4.5;n107,0.85,4.25;n64,0.8,4.0)base(n29,1.0,5.0;n30,0.95,4.75;n17,0.9,4.5;n18,0.85,4.25;n97,0.8,4.0;n60,0.75,3.75;n16,0.7,3.5)|Michel Almairac;p52|<p>A syrupy, cinnamon-dusted orange blossom and vanilla powerhouse from the late eighties. Unapologetically sweet, loud and nostalgic.</p>|3.8;11000|770|like_love:4000:38.5;like_like:3200:30.8;like_ok:1600:15.4;like_dislike:900:8.7;like_hate:700:6.7|price_way_overpriced:100:0.9;price_overpriced:200:1.9;price_ok:1000:9.4;price_good_value:2800:26.4;price_great_value:6500:61.3|gvotes_female:300:2.7;gvotes_more_female:800:7.3;gvotes_unisex:2200:20.0;gvotes_more_male:3200:29.1;gvotes_male:4500:40.9|longevity_very_weak:200:1.8;longevity_weak:500:4.5;longevity_moderate:2000:17.9;longevity_long_lasting:5000:44.6;longevity_eternal:3500:31.3|sillage_intimate:250:2.3;sillage_moderate:1500:14.0;sillage_strong:4500:41.9;sillage_enormous:4500:41.9|season_winter:7500:100.0;season_spring:1800:24.0;season_summer:700:9.33;season_fall:6500:86.67|season_day:2500:29.41;season_night:8500:100.0|pros(Legendary longevity,264,11;Very cheap,242,11;Warm and cosy in winter,220,11)cons(Extremely sweet and loud,132,6;Feels dated to some,121,6;Easy to overdo,110,6)|||||
900254||Juliette Has a Gun;b49|Lady Vengeance|2006|gender_for_women||||||a30:100;a22:80;a12:60;a43:45;a6:40;a13:35|top(n7,1.0,5.0)middle(n18,1.0,5.0)base(n29,1.0,5.0)||<p>A deep, slightly jammy rose set over earthy patchouli and a smooth vanilla base, with a vintage rose-chypre mood softened by modern sweetness. Dark and a little brooding, it suits cooler evenings best.</p>|3.9;3200|224|like_love:1300:42.6;like_like:1000:32.8;like_ok:450:14.8;like_dislike:200:6.6;like_hate:100:3.3|price_way_overpriced:40:2.8;price_overpriced:120:8.5;price_ok:550:39.0;price_good_value:450:31.9;price_great_value:250:17.7|gvotes_female:1300:61.9;gvotes_more_female:500:23.8;gvotes_unisex:250:11.9;gvotes_more_male:30:1.4;gvotes_male:20:1.0|longevity_very_weak:60:3.0;longevity_weak:150:7.5;longevity_moderate:600:29.9;longevity_long_lasting:900:44.8;longevity_eternal:300:14.9|sillage_intimate:100:5.4;sillage_moderate:700:37.8;sillage_strong:800:43.2;sillage_enormous:250:13.5|season_winter:2100:87.5;season_spring:900:37.5;season_summer:300:12.5;season_fall:2400:100.0|season_day:1300:56.52;season_night:2300:100.0|pros(Rich rose-and-patchouli character,76,3;Lasts well on skin,70,3;Grown-up, distinctive feel,64,3)cons(Patchouli can feel heavy,38,2;Too dense for hot days,35,2;Reads old-fashioned to some,32,2)|||||
900255||Juliette Has a Gun;b49|Not a Perfume|2010|gender_for_women||||||a15:100;a6:60;a20:55;a11:40;a42:30;a55:25|top(n133,1.0,5.0)|Romano Ricci;p97|<p>A single-molecule scent built on ambroxan: clean, faintly salty woody-amber warmth that melts into skin. Some wearers can barely smell it on themselves, while people around them notice it.</p>|3.6;6500|455|like_love:2400:39.0;like_like:1700:27.6;like_ok:1200:19.5;like_dislike:500:8.1;like_hate:350:5.7|price_way_overpriced:400:8.9;price_overpriced:800:17.8;price_ok:1700:37.8;price_good_value:1100:24.4;price_great_value:500:11.1|gvotes_female:1300:23.2;gvotes_more_female:1100:19.6;gvotes_unisex:2800:50.0;gvotes_more_male:250:4.5;gvotes_male:150:2.7|longevity_very_weak:800:16.0;longevity_weak:1000:20.0;longevity_moderate:1500:30.0;longevity_long_lasting:1200:24.0;longevity_eternal:500:10.0|sillage_intimate:1500:32.6;sillage_moderate:1900:41.3;sillage_strong:900:19.6;sillage_enormous:300:6.5|season_winter:2000:52.63;season_spring:3800:100.0;season_summer:3000:78.95;season_fall:2800:73.68|season_day:4800:100.0;season_night:1600:33.33|pros(Minimal, allergen-light formula,156,7;Clean 'your skin but better' effect,143,7;Great for layering,130,7)cons(Some people cannot smell it,79,3;Very simple,72,3;Performance feels inconsistent,65,3)|||||
900256||Kayali;b50|Eden Juicy Apple 01|2021|gender_for_women||||||a10:100;a13:80;a9:50;a3:42;a12:38;a20:32|top(n355,1.0,5.0;n294,0.95,4.75;n116,0.9,4.5;n249,0.85,4.25)middle(n202,1.0,5.0;n229,0.95,4.75;n6,0.9,4.5;n295,0.85,4.25)base(n359,1.0,5.0;n360,0.95,4.75;n35,0.9,4.5;n11,0.85,4.25)|Gabriela Chelariu;p98|<p>A tart-sweet red apple and blackcurrant opening with a splash of grapefruit, softening into berries, jasmine and rose over a sugary vanilla and musk base. Bright and playful rather than deep.</p>|4;2500|175|like_love:1200:48.0;like_like:700:28.0;like_ok:350:14.0;like_dislike:150:6.0;like_hate:100:4.0|price_way_overpriced:200:11.1;price_overpriced:400:22.2;price_ok:700:38.9;price_good_value:350:19.4;price_great_value:150:8.3|gvotes_female:1500:65.2;gvotes_more_female:500:21.7;gvotes_unisex:250:10.9;gvotes_more_male:30:1.3;gvotes_male:20:0.9|longevity_very_weak:120:5.5;longevity_weak:350:15.9;longevity_moderate:900:40.9;longevity_long_lasting:650:29.5;longevity_eternal:180:8.2|sillage_intimate:250:12.2;sillage_moderate:1000:48.8;sillage_strong:650:31.7;sillage_enormous:150:7.3|season_winter:700:35.0;season_spring:2000:100.0;season_summer:1700:85.0;season_fall:800:40.0|season_day:2100:100.0;season_night:700:33.33|pros(Crisp, recognisable apple opening,60,3;Cheerful fruity-floral mood,55,3;Easy daytime wear,50,3)cons(Can read as candy-sweet,31,1;Fruit fades after a few hours,28,1;Pricey for a fruity scent,25,1)|||||
900257||Kayali;b50|Vanilla 28|2018|gender_for_women||||||a12:100;a13:78;a15:55;a40:42;a17:32;a20:28|top(n118,1.0,5.0;n6,0.95,4.75)middle(n29,1.0,5.0;n30,0.95,4.75)base(n318,1.0,5.0;n35,0.95,4.75;n18,0.9,4.5;n11,0.85,4.25)|Gabriela Chelariu;p98|<p>A dense, sugary vanilla with a touch of jasmine on top and brown sugar, tonka and amber underneath. A light patchouli-musk edge keeps it from smelling like pure dessert.</p>|4;9000|630|like_love:4200:49.4;like_like:2400:28.2;like_ok:1200:14.1;like_dislike:450:5.3;like_hate:250:2.9|price_way_overpriced:400:6.1;price_overpriced:900:13.6;price_ok:2400:36.4;price_good_value:2000:30.3;price_great_value:900:13.6|gvotes_female:5500:65.9;gvotes_more_female:1800:21.6;gvotes_unisex:900:10.8;gvotes_more_male:80:1.0;gvotes_male:60:0.7|longevity_very_weak:250:3.2;longevity_weak:600:7.7;longevity_moderate:2200:28.4;longevity_long_lasting:3200:41.3;longevity_eternal:1500:19.4|sillage_intimate:500:6.8;sillage_moderate:2600:35.1;sillage_strong:3000:40.5;sillage_enormous:1300:17.6|season_winter:6000:100.0;season_spring:2500:41.67;season_summer:900:15.0;season_fall:5500:91.67|season_day:3500:70.0;season_night:5000:100.0|pros(Rich, unambiguous vanilla,216,9;Good projection for the price,198,9;Easy cold-weather comfort scent,180,9)cons(Very sweet, can turn cloying,108,5;Fairly linear on skin,99,5;Too heavy for hot days,90,5)|||||
900258||Kayali;b50|Yum Pistachio Gelato 33|2023|gender_for_women_and_men||||||a34:100;a13:90;a38:65;a10:45;a21:35;a9:28|top(n361,1.0,5.0;n77,0.95,4.75;n3,0.9,4.5;n217,0.85,4.25;n107,0.8,4.0)middle(n168,1.0,5.0;n64,0.95,4.75;n6,0.9,4.5;n115,0.85,4.25;n141,0.8,4.0;n76,0.75,3.75;n46,0.7,3.5)base(n120,1.0,5.0;n119,0.95,4.75;n362,0.9,4.5;n363,0.85,4.25;n204,0.8,4.0;n50,0.75,3.75;n17,0.7,3.5;n30,0.65,3.25)|Olivier Cresp;p8;Sébastien Cresp;p99|<p>A creamy pistachio-and-hazelnut gourmand topped with whipped cream and marshmallow, with a light fruity-floral middle that keeps it from going flat. Playful and dessert-like.</p>|3.95;3500|245|like_love:1600:46.8;like_like:1000:29.2;like_ok:500:14.6;like_dislike:200:5.8;like_hate:120:3.5|price_way_overpriced:200:6.8;price_overpriced:500:16.9;price_ok:1100:37.3;price_good_value:800:27.1;price_great_value:350:11.9|gvotes_female:1800:52.9;gvotes_more_female:900:26.5;gvotes_unisex:600:17.6;gvotes_more_male:60:1.8;gvotes_male:40:1.2|longevity_very_weak:100:3.3;longevity_weak:300:9.8;longevity_moderate:1200:39.3;longevity_long_lasting:1100:36.1;longevity_eternal:350:11.5|sillage_intimate:250:8.5;sillage_moderate:1300:44.1;sillage_strong:1100:37.3;sillage_enormous:300:10.2|season_winter:2000:86.96;season_spring:1500:65.22;season_summer:800:34.78;season_fall:2300:100.0|season_day:2200:100.0;season_night:1400:63.64|pros(Realistic pistachio note,84,4;Fun, cheerful gourmand,77,4;Cosy in cool weather,70,4)cons(Very sweet,43,2;Can read juvenile,39,2;Moderate longevity for a gourmand,35,2)|||||
900259||Kenzo;b51|Flower by Kenzo|2000|gender_for_women||||||a21:100;a41:80;a30:60;a12:50;a20:50;a9:45;a31:30|top(n364,1.0,5.0;n246,0.95,4.75;n365,0.9,4.5;n42,0.85,4.25)middle(n366,1.0,5.0;n7,0.95,4.75;n84,0.9,4.5;n6,0.85,4.25)base(n110,1.0,5.0;n29,0.95,4.75;n23,0.9,4.5)|Alberto Morillas;p38;Christian Dussoulier;p100|<p>A cloud of violet, rose and vanilla-musk that feels like soft makeup powder and comfort. Gentle, familiar and endlessly easy to wear.</p>|4;14000|980|like_love:6000:44.4;like_like:4200:31.1;like_ok:1800:13.3;like_dislike:900:6.7;like_hate:600:4.4|price_way_overpriced:150:1.8;price_overpriced:600:7.4;price_ok:2800:34.4;price_good_value:3000:36.8;price_great_value:1600:19.6|gvotes_female:8500:79.6;gvotes_more_female:1800:16.9;gvotes_unisex:300:2.8;gvotes_more_male:40:0.4;gvotes_male:40:0.4|longevity_very_weak:400:3.9;longevity_weak:1000:9.8;longevity_moderate:3500:34.3;longevity_long_lasting:4000:39.2;longevity_eternal:1300:12.7|sillage_intimate:700:7.7;sillage_moderate:4000:44.0;sillage_strong:3500:38.5;sillage_enormous:900:9.9|season_winter:5000:66.67;season_spring:7500:100.0;season_summer:2000:26.67;season_fall:6000:80.0|season_day:8500:100.0;season_night:4000:47.06|pros(Comforting powdery softness,336,14;Good value,308,14;Suits most ages,280,14)cons(Very powdery for some,154,7;Can feel lipstick-like,140,7)|||||
900260||Kenzo;b51|Kenzo pour Homme|1991|gender_for_men||||||a37:100;a4:80;a1:66;a6:60;a11:52;a3:44;a49:38|top(n5,1.0,5.0;n241,0.95,4.75;n47,0.9,4.5;n3,0.85,4.25;n2,0.8,4.0)middle(n367,1.0,5.0;n225,0.95,4.75;n108,0.9,4.5;n7,0.85,4.25;n6,0.8,4.0)base(n327,1.0,5.0;n17,0.95,4.75;n9,0.9,4.5;n35,0.85,4.25;n34,0.8,4.0;n16,0.75,3.75;n11,0.7,3.5)|Christian Mathieu;p101|<p>Sea air, citrus and sage lead into pine and juniper, settling on sandalwood, cedar and moss. An early marine-woody scent that feels breezy and relaxed, with more wood than most aquatics.</p>|3.9;4800|336|like_love:1700:37.4;like_like:1700:37.4;like_ok:800:17.6;like_dislike:250:5.5;like_hate:100:2.2|price_way_overpriced:100:2.9;price_overpriced:300:8.8;price_ok:1100:32.4;price_good_value:1200:35.3;price_great_value:700:20.6|gvotes_female:40:0.8;gvotes_more_female:70:1.5;gvotes_unisex:500:10.4;gvotes_more_male:1800:37.4;gvotes_male:2400:49.9|longevity_very_weak:200:5.5;longevity_weak:700:19.2;longevity_moderate:1800:49.3;longevity_long_lasting:800:21.9;longevity_eternal:150:4.1|sillage_intimate:500:15.2;sillage_moderate:2000:60.6;sillage_strong:700:21.2;sillage_enormous:100:3.0|season_winter:500:15.15;season_spring:2800:84.85;season_summer:3300:100.0;season_fall:900:27.27|season_day:3700:100.0;season_night:700:18.92|pros(Distinctive marine-woody blend,116,5;Relaxed and easy to wear,106,5;Often inexpensive,96,5)cons(Longevity is average,53,2;Can smell dated beside modern aquatics,48,2)|||||
900261||Kenzo;b51|L'Eau Kenzo pour Femme|1996|gender_for_women||||||a37:100;a11:80;a9:66;a2:55;a10:44;a20:38;a3:34|top(n368,1.0,5.0;n20,0.95,4.75;n42,0.9,4.5;n19,0.85,4.25)middle(n185,1.0,5.0;n186,0.95,4.75;n369,0.9,4.5;n7,0.85,4.25;n153,0.8,4.0)base(n9,1.0,5.0;n110,0.95,4.75;n29,0.9,4.5)|Olivier Cresp;p8|<p>Minty, reedy freshness gives way to watery lotus and white peach over a soft musky vanilla base. A gentle 1990s aquatic floral that stays clean and relaxed throughout.</p>|3.9;7000|490|like_love:2500:38.5;like_like:2400:36.9;like_ok:1100:16.9;like_dislike:350:5.4;like_hate:150:2.3|price_way_overpriced:150:3.0;price_overpriced:400:8.1;price_ok:1800:36.4;price_good_value:1700:34.3;price_great_value:900:18.2|gvotes_female:3200:56.1;gvotes_more_female:1600:28.1;gvotes_unisex:800:14.0;gvotes_more_male:60:1.1;gvotes_male:40:0.7|longevity_very_weak:500:9.0;longevity_weak:1500:27.0;longevity_moderate:2600:46.8;longevity_long_lasting:800:14.4;longevity_eternal:150:2.7|sillage_intimate:1400:27.3;sillage_moderate:2800:54.7;sillage_strong:800:15.6;sillage_enormous:120:2.3|season_winter:500:10.87;season_spring:4300:93.48;season_summer:4600:100.0;season_fall:900:19.57|season_day:5200:100.0;season_night:700:13.46|pros(Fresh, uncomplicated summer floral,168,7;Usually affordable,154,7;Easy to wear daily,140,7)cons(Feels dated to some wearers,77,4;Light projection after the first hour,70,4)|||||
900262||Kilian Paris;b52|Angels' Share|2020|gender_for_women_and_men||||||a13:100;a14:88;a16:80;a50:70;a12:62;a6:48;a34:38|top(n370,1.0,5.0)middle(n25,1.0,5.0;n30,0.95,4.75;n371,0.9,4.5)base(n122,1.0,5.0;n29,0.95,4.75;n17,0.9,4.5)|Benoist Lapouza;p102|<p>A cognac-soaked cinnamon pastry with praline and oak, like dessert and brandy by a winter fireplace. Rich, sweet and cheerful.</p>|4.2;12000|840|like_love:6500:54.4;like_like:3500:29.3;like_ok:1300:10.9;like_dislike:400:3.3;like_hate:250:2.1|price_way_overpriced:2000:20.0;price_overpriced:3500:35.0;price_ok:3000:30.0;price_good_value:1000:10.0;price_great_value:500:5.0|gvotes_female:800:7.5;gvotes_more_female:1500:14.2;gvotes_unisex:5500:51.9;gvotes_more_male:2000:18.9;gvotes_male:800:7.5|longevity_very_weak:200:1.9;longevity_weak:700:6.7;longevity_moderate:3500:33.7;longevity_long_lasting:4500:43.3;longevity_eternal:1500:14.4|sillage_intimate:400:4.0;sillage_moderate:3500:35.4;sillage_strong:4500:45.5;sillage_enormous:1500:15.2|season_winter:9500:100.0;season_spring:1500:15.79;season_summer:400:4.21;season_fall:8500:89.47|season_day:3500:41.18;season_night:8500:100.0|pros(Delicious boozy-pastry warmth,288,12;Gets lots of compliments,264,12;Great in cold air,240,12)cons(Expensive,144,6;Sweetness can cloy in heat,132,6;Many cheaper clones exist,120,6)|||||
900263||Kilian Paris;b52|Black Phantom|2017|gender_for_women_and_men||||||a48:100;a13:85;a50:75;a25:60;a6:55;a43:35|top(n217,1.0,5.0;n272,0.95,4.75)middle(n200,1.0,5.0;n169,0.95,4.75)base(n17,1.0,5.0;n16,0.95,4.75)|Sidonie Lancesseur;p103|<p>Dark rum and sugar cane meet roasted coffee and a bitter almond facet, over creamy sandalwood and earthy vetiver. A boozy coffee gourmand with a dark, slightly bitter edge that keeps it from turning syrupy.</p>|4.1;6000|420|like_love:2565:45.0;like_like:1824:32.0;like_ok:855:15.0;like_dislike:285:5.0;like_hate:171:3.0|price_way_overpriced:1764:42.0;price_overpriced:1344:32.0;price_ok:756:18.0;price_good_value:210:5.0;price_great_value:126:3.0|gvotes_female:648:12.0;gvotes_more_female:1080:20.0;gvotes_unisex:2430:45.0;gvotes_more_male:810:15.0;gvotes_male:432:8.0|longevity_very_weak:135:3.0;longevity_weak:360:8.0;longevity_moderate:1440:32.0;longevity_long_lasting:1890:42.0;longevity_eternal:675:15.0|sillage_intimate:360:8.0;sillage_moderate:1575:35.0;sillage_strong:1800:40.0;sillage_enormous:765:17.0|season_winter:5100:100.0;season_spring:900:17.65;season_summer:240:4.71;season_fall:4500:88.24|season_day:2100:41.18;season_night:5100:100.0|pros(Rich, realistic coffee-and-rum,144,6;Distinctive dark gourmand,132,6;Strong in cold weather,120,6)cons(Very expensive,66,3;Too heavy for warm days,60,3)|||||
900264||Kilian Paris;b52|Good Girl Gone Bad|2012|gender_for_women||||||a17:100;a9:80;a45:70;a10:50;a30:45;a52:40;a15:30|top(n6,1.0,5.0;n79,0.95,4.75)middle(n252,1.0,5.0;n187,0.95,4.75;n256,0.9,4.5)base(n11,1.0,5.0;n9,0.95,4.75)|Alberto Morillas;p38|<p>A bright, heady bouquet of tuberose, jasmine and narcissus with an apricot-like osmanthus glow, resting on amber and cedar. Sunny and feminine, with more sparkle than heaviness.</p>|4.15;7500|525|like_love:3900:53.1;like_like:2100:28.6;like_ok:800:10.9;like_dislike:350:4.8;like_hate:200:2.7|price_way_overpriced:2200:36.1;price_overpriced:1800:29.5;price_ok:1500:24.6;price_good_value:400:6.6;price_great_value:200:3.3|gvotes_female:5200:72.5;gvotes_more_female:1400:19.5;gvotes_unisex:500:7.0;gvotes_more_male:40:0.6;gvotes_male:30:0.4|longevity_very_weak:200:3.1;longevity_weak:500:7.7;longevity_moderate:2000:30.8;longevity_long_lasting:2800:43.1;longevity_eternal:1000:15.4|sillage_intimate:350:5.4;sillage_moderate:2400:37.2;sillage_strong:2800:43.4;sillage_enormous:900:14.0|season_winter:1500:25.0;season_spring:6000:100.0;season_summer:4500:75.0;season_fall:2200:36.67|season_day:5500:100.0;season_night:3500:63.64|pros(Radiant, well-blended white florals,180,8;Apricot-like osmanthus twist,165,8;Lasts well,150,8)cons(Tuberose can be too loud for some,91,4;Very expensive,83,4;Strongly feminine-leaning,75,4)|||||
900265||Kilian Paris;b52|Intoxicated|2014|gender_for_women_and_men||||||a48:100;a14:90;a16:70;a7:55;a13:50|middle(n200,1.0,5.0;n107,0.95,4.75;n108,0.9,4.5;n25,0.85,4.25)|Calice Becker;p61|<p>A spiced coffee scent modelled on Turkish coffee, led by green cardamom with nutmeg and cinnamon. Warm and aromatic, with the coffee reading as roasted spice rather than dessert.</p>|4;2500|175|like_love:1069:45.0;like_like:760:32.0;like_ok:356:15.0;like_dislike:119:5.0;like_hate:71:3.0|price_way_overpriced:735:42.0;price_overpriced:560:32.0;price_ok:315:18.0;price_good_value:88:5.0;price_great_value:52:3.0|gvotes_female:270:12.0;gvotes_more_female:450:20.0;gvotes_unisex:1012:45.0;gvotes_more_male:338:15.0;gvotes_male:180:8.0|longevity_very_weak:56:3.0;longevity_weak:150:8.0;longevity_moderate:600:32.0;longevity_long_lasting:788:42.0;longevity_eternal:281:15.0|sillage_intimate:281:15.0;sillage_moderate:938:50.0;sillage_strong:525:28.0;sillage_enormous:131:7.0|season_winter:2125:100.0;season_spring:500:23.53;season_summer:125:5.88;season_fall:2000:94.12|season_day:1125:56.25;season_night:2000:100.0|pros(Distinctive spiced-coffee profile,60,3;Cosy cold-weather wear,55,3;Unisex appeal,50,3)cons(Coffee can feel faint to some,28,1;Very expensive,25,1)|||||
900266||Kilian Paris;b52|Love, Don't Be Shy|2007|gender_for_women_and_men||||||a13:100;a12:80;a17:70;a40:55;a21:45;a3:35;a20:30|top(n103,1.0,5.0;n3,0.95,4.75;n19,0.9,4.5;n93,0.85,4.25)middle(n27,1.0,5.0;n146,0.95,4.75;n6,0.9,4.5;n161,0.85,4.25;n7,0.8,4.0)base(n119,1.0,5.0;n29,0.95,4.75;n184,0.9,4.5;n353,0.85,4.25;n92,0.8,4.0;n35,0.75,3.75)|Calice Becker;p61|<p>Fluffy toasted marshmallow and orange blossom over creamy vanilla. A sugary, flirtatious gourmand that clings to skin and radiates.</p>|4.15;8050|564|like_love:4200:52.2;like_like:2200:27.3;like_ok:900:11.2;like_dislike:450:5.6;like_hate:300:3.7|price_way_overpriced:1300:24.8;price_overpriced:1700:32.4;price_ok:1500:28.6;price_good_value:500:9.5;price_great_value:250:4.8|gvotes_female:3800:49.7;gvotes_more_female:2200:28.8;gvotes_unisex:1400:18.3;gvotes_more_male:150:2.0;gvotes_male:100:1.3|longevity_very_weak:150:2.5;longevity_weak:400:6.6;longevity_moderate:1500:24.8;longevity_long_lasting:2600:43.0;longevity_eternal:1400:23.1|sillage_intimate:250:4.4;sillage_moderate:1500:26.5;sillage_strong:2800:49.6;sillage_enormous:1100:19.5|season_winter:4800:100.0;season_spring:3000:62.5;season_summer:800:16.67;season_fall:4500:93.75|season_day:2800:53.85;season_night:5200:100.0|pros(Addictive marshmallow accord,193,8;Long-lasting,177,8;Soft, cuddly and feminine-leaning,161,8)cons(Expensive,89,4;Too sugary for some,81,4)|||||
900267||Kilian Paris;b52|Moonlight in Heaven|2016|gender_for_women_and_men||||||a39:100;a19:85;a3:70;a13:60;a38:55;a10:50;a6:35|top(n2,1.0,5.0;n87,0.95,4.75;n19,0.9,4.5)middle(n121,1.0,5.0;n372,0.95,4.75;n312,0.9,4.5)base(n30,1.0,5.0;n16,0.95,4.75)|Calice Becker;p61|<p>Sparkling lemon and grapefruit with pink pepper lead into creamy coconut, milky rice and mango, drying to tonka and vetiver. A tropical gourmand that stays airy thanks to the citrus.</p>|4;3000|210|like_love:1282:45.0;like_like:912:32.0;like_ok:428:15.0;like_dislike:142:5.0;like_hate:86:3.0|price_way_overpriced:630:30.0;price_overpriced:693:33.0;price_ok:525:25.0;price_good_value:168:8.0;price_great_value:84:4.0|gvotes_female:810:30.0;gvotes_more_female:810:30.0;gvotes_unisex:864:32.0;gvotes_more_male:162:6.0;gvotes_male:54:2.0|longevity_very_weak:112:5.0;longevity_weak:338:15.0;longevity_moderate:1012:45.0;longevity_long_lasting:630:28.0;longevity_eternal:158:7.0|sillage_intimate:338:15.0;sillage_moderate:1125:50.0;sillage_strong:630:28.0;sillage_enormous:158:7.0|season_winter:300:11.76;season_spring:1950:76.47;season_summer:2550:100.0;season_fall:600:23.53|season_day:2400:100.0;season_night:1350:56.25|pros(Fun, vivid tropical character,72,3;Great for summer holidays,66,3;Unusual rice-coconut accord,60,3)cons(Very seasonal,33,2;Can feel too sweet for some,30,2)|||||
900268||Kilian Paris;b52|Rolling in Love|2019|gender_for_women_and_men||||||a21:100;a25:85;a17:70;a13:65;a38:55;a36:50;a20:45|top(n169,1.0,5.0;n129,0.95,4.75)middle(n161,1.0,5.0;n187,0.95,4.75;n63,0.9,4.5)base(n30,1.0,5.0;n29,0.95,4.75;n35,0.9,4.5)||<p>Soft almond and ambrette over iris, tuberose and freesia, resting on tonka, vanilla and musk. A creamy, powdery floral with a milky sweetness, gentle rather than loud.</p>|3.9;2500|175|like_love:902:38.0;like_like:808:34.0;like_ok:428:18.0;like_dislike:142:6.0;like_hate:95:4.0|price_way_overpriced:525:30.0;price_overpriced:578:33.0;price_ok:438:25.0;price_good_value:140:8.0;price_great_value:70:4.0|gvotes_female:675:30.0;gvotes_more_female:675:30.0;gvotes_unisex:720:32.0;gvotes_more_male:135:6.0;gvotes_male:45:2.0|longevity_very_weak:94:5.0;longevity_weak:281:15.0;longevity_moderate:844:45.0;longevity_long_lasting:525:28.0;longevity_eternal:131:7.0|sillage_intimate:281:15.0;sillage_moderate:938:50.0;sillage_strong:525:28.0;sillage_enormous:131:7.0|season_winter:1375:91.67;season_spring:1500:100.0;season_summer:500:33.33;season_fall:1375:91.67|season_day:1500:100.0;season_night:1500:100.0|pros(Comforting, creamy texture,60,3;Unusual almond-floral pairing,55,3;Suits cool and mild weather,50,3)cons(Soft projection for the price,28,1;Powdery feel is not for everyone,25,1)|||||
900269||Kilian Paris;b52|Roses on Ice|2020|gender_for_women_and_men||||||a30:100;a11:80;a2:70;a3:60;a1:50;a20:45;a6:35|middle(n373,1.0,5.0;n151,0.95,4.75;n225,0.9,4.5;n7,0.85,4.25;n17,0.8,4.0;n35,0.75,3.75)||<p>A cool rose inspired by a gin-and-cucumber cocktail: juniper, lime and watery cucumber around a fresh rose, over soft sandalwood and musk. Light and brisk rather than jammy or sweet.</p>|3.9;1500|105|like_love:542:38.0;like_like:484:34.0;like_ok:256:18.0;like_dislike:86:6.0;like_hate:57:4.0|price_way_overpriced:441:42.0;price_overpriced:336:32.0;price_ok:189:18.0;price_good_value:52:5.0;price_great_value:32:3.0|gvotes_female:162:12.0;gvotes_more_female:270:20.0;gvotes_unisex:608:45.0;gvotes_more_male:202:15.0;gvotes_male:108:8.0|longevity_very_weak:90:8.0;longevity_weak:248:22.0;longevity_moderate:506:45.0;longevity_long_lasting:225:20.0;longevity_eternal:56:5.0|sillage_intimate:338:30.0;sillage_moderate:562:50.0;sillage_strong:180:16.0;sillage_enormous:45:4.0|season_winter:150:12.5;season_spring:1125:93.75;season_summer:1200:100.0;season_fall:375:31.25|season_day:1275:100.0;season_night:450:35.29|pros(Unusual fresh, boozy rose,36,2;Good for hot weather,33,2;Gender-neutral,30,2)cons(Short-lived for the price,17,1;Cucumber note is divisive,15,1)|||||
900270||Kilian Paris;b52|Straight to Heaven|2007|gender_for_men||||||a50:100;a6:90;a22:75;a14:60;a43:45;a13:35|middle(n217,1.0,5.0;n18,0.95,4.75;n108,0.9,4.5;n9,0.85,4.25;n251,0.8,4.0)|Sidonie Lancesseur;p103|<p>Rum and earthy patchouli form the core, spiced with nutmeg over a dry cedar and rosewood structure. A darker, less sugary boozy scent than most rum fragrances, with a slightly dusty woody character.</p>|4.1;3000|210|like_love:1282:45.0;like_like:912:32.0;like_ok:428:15.0;like_dislike:142:5.0;like_hate:86:3.0|price_way_overpriced:882:42.0;price_overpriced:672:32.0;price_ok:378:18.0;price_good_value:105:5.0;price_great_value:63:3.0|gvotes_female:108:4.0;gvotes_more_female:216:8.0;gvotes_unisex:1026:38.0;gvotes_more_male:810:30.0;gvotes_male:540:20.0|longevity_very_weak:68:3.0;longevity_weak:180:8.0;longevity_moderate:720:32.0;longevity_long_lasting:945:42.0;longevity_eternal:338:15.0|sillage_intimate:338:15.0;sillage_moderate:1125:50.0;sillage_strong:630:28.0;sillage_enormous:158:7.0|season_winter:2400:100.0;season_spring:600:25.0;season_summer:150:6.25;season_fall:2250:93.75|season_day:1050:41.18;season_night:2550:100.0|pros(Sophisticated boozy-woody profile,72,3;Not overly sweet,66,3;Good for cool evenings,60,3)cons(Very high price,33,2;Patchouli can dominate,30,2)|||||
900271||Kilian Paris;b52|Voulez-Vous Coucher Avec Moi|2015|gender_for_women_and_men||||||a17:100;a45:90;a13:60;a12:55;a52:50;a30:40;a6:35|middle(n104,1.0,5.0;n187,0.95,4.75;n7,0.9,4.5;n29,0.85,4.25;n9,0.8,4.0)||<p>Tuberose and ylang-ylang with a touch of rose, softened by vanilla over a light cedar base. A creamy, heady white floral with a sensual, slightly buttery character.</p>|3.9;2000|140|like_love:722:38.0;like_like:646:34.0;like_ok:342:18.0;like_dislike:114:6.0;like_hate:76:4.0|price_way_overpriced:588:42.0;price_overpriced:448:32.0;price_ok:252:18.0;price_good_value:70:5.0;price_great_value:42:3.0|gvotes_female:990:55.0;gvotes_more_female:450:25.0;gvotes_unisex:270:15.0;gvotes_more_male:54:3.0;gvotes_male:36:2.0|longevity_very_weak:45:3.0;longevity_weak:120:8.0;longevity_moderate:480:32.0;longevity_long_lasting:630:42.0;longevity_eternal:225:15.0|sillage_intimate:120:8.0;sillage_moderate:525:35.0;sillage_strong:600:40.0;sillage_enormous:255:17.0|season_winter:700:50.0;season_spring:1400:100.0;season_summer:800:57.14;season_fall:800:57.14|season_day:900:56.25;season_night:1600:100.0|pros(Lush, creamy white florals,48,2;Strong evening presence,44,2;Well blended,40,2)cons(Heady for daytime or offices,22,1;Expensive,20,1)|||||
900272||Lalique;b53|Encre Noire|2006|gender_for_men||||||a6:100;a43:88;a24:55;a20:45;a2:35;a49:30|top(n167,1.0,5.0)middle(n16,1.0,5.0)base(n148,1.0,5.0;n35,0.95,4.75)|Nathalie Lorson;p104|<p>A dark, inky vetiver with a cool cypress edge and soft musky woods. It is moody but tidy, like a crisp charcoal suit.</p>|4.15;11000|770|like_love:6200:56.4;like_like:3000:27.3;like_ok:1100:10.0;like_dislike:450:4.1;like_hate:250:2.3|price_way_overpriced:60:0.6;price_overpriced:150:1.4;price_ok:1000:9.3;price_good_value:3500:32.7;price_great_value:6000:56.0|gvotes_female:100:0.9;gvotes_more_female:150:1.4;gvotes_unisex:1100:10.1;gvotes_more_male:3500:32.3;gvotes_male:6000:55.3|longevity_very_weak:300:2.9;longevity_weak:900:8.6;longevity_moderate:3500:33.3;longevity_long_lasting:4500:42.9;longevity_eternal:1300:12.4|sillage_intimate:1500:14.3;sillage_moderate:5500:52.4;sillage_strong:3000:28.6;sillage_enormous:500:4.8|season_winter:6000:70.59;season_spring:3500:41.18;season_summer:1200:14.12;season_fall:8500:100.0|season_day:6000:100.0;season_night:6000:100.0|pros(Superb value,264,11;Realistic, earthy vetiver,242,11;Distinctive and grown-up,220,11)cons(Dark and austere,121,6;Can smell too earthy or damp to some,110,6)|||||
900273||Lancôme;b54|Idôle|2019|gender_for_women||||||a30:100;a20:75;a11:50;a10:45;a17:40;a22:30|top(n76,1.0,5.0;n3,0.95,4.75;n19,0.9,4.5)middle(n7,1.0,5.0;n6,0.95,4.75)base(n110,1.0,5.0;n29,0.95,4.75;n18,0.9,4.5;n9,0.85,4.25)|Shyamala Maisondieu;p21;Adriana Medina;p105;Nadège Le Garlantezec;p20|<p>A clean, luminous rose on a veil of white musk. It is fresh, modern and sleek, made for a busy day.</p>|3.8;6000|420|like_love:2400:40.3;like_like:1800:30.3;like_ok:1000:16.8;like_dislike:450:7.6;like_hate:300:5.0|price_way_overpriced:300:5.8;price_overpriced:800:15.4;price_ok:2000:38.5;price_good_value:1500:28.8;price_great_value:600:11.5|gvotes_female:4700:80.1;gvotes_more_female:800:13.6;gvotes_unisex:300:5.1;gvotes_more_male:40:0.7;gvotes_male:30:0.5|longevity_very_weak:250:4.3;longevity_weak:700:12.2;longevity_moderate:2300:40.0;longevity_long_lasting:2000:34.8;longevity_eternal:500:8.7|sillage_intimate:500:9.3;sillage_moderate:2700:50.0;sillage_strong:1800:33.3;sillage_enormous:400:7.4|season_winter:700:14.0;season_spring:5000:100.0;season_summer:2700:54.0;season_fall:1600:32.0|season_day:5200:100.0;season_night:1300:25.0|pros(Fresh, clean rose,144,6;Good for the office and daytime,132,6;Modern and youthful,120,6)cons(Rose-musk style is common,66,3;Some find it sharp or thin,60,3)|||||
900274||Lancôme;b54|Idôle L'Intense|2020|gender_for_women||||||a30:100;a6:75;a20:60;a12:50;a17:45;a22:42;a21:38;a3:30|top(n158,1.0,5.0;n42,0.95,4.75)middle(n7,1.0,5.0;n6,0.95,4.75;n78,0.9,4.5;n35,0.85,4.25)base(n18,1.0,5.0;n29,0.95,4.75;n17,0.9,4.5;n9,0.85,4.25;n148,0.8,4.0)|Adriana Medina-Baez;p106;Nadège Le Garlantezec;p20;Shyamala Maisondieu;p21|<p>A richer, warmer variation on Idôle: bitter orange and mandarin open onto rose and jasmine, then a denser base of patchouli, vanilla and soft woods. Still clean-edged, but rounder and better suited to evenings than the airy original.</p>|3.9;2500|175|like_love:900:38.6;like_like:850:36.5;like_ok:400:17.2;like_dislike:120:5.2;like_hate:60:2.6|price_way_overpriced:70:4.7;price_overpriced:250:16.9;price_ok:700:47.3;price_good_value:350:23.6;price_great_value:110:7.4|gvotes_female:1400:78.2;gvotes_more_female:300:16.8;gvotes_unisex:70:3.9;gvotes_more_male:10:0.6;gvotes_male:10:0.6|longevity_very_weak:60:3.5;longevity_weak:160:9.4;longevity_moderate:650:38.2;longevity_long_lasting:650:38.2;longevity_eternal:180:10.6|sillage_intimate:120:8.0;sillage_moderate:700:46.7;sillage_strong:550:36.7;sillage_enormous:130:8.7|season_winter:1100:84.62;season_spring:1300:100.0;season_summer:500:38.46;season_fall:1300:100.0|season_day:1100:84.62;season_night:1300:100.0|pros(Warmer and longer-lasting than Idôle,55,3;Rose sits well over the patchouli-woods base,50,3)cons(Base can feel dense next to the airy original,28,1;Less distinctive than the original's clean profile,25,1)|||||
900275||Lancôme;b54|La Vie Est Belle|2012|gender_for_women||||||a13:100;a12:82;a10:64;a21:55;a22:50;a36:40|top(n21,1.0,5.0;n76,0.95,4.75)middle(n161,1.0,5.0;n6,0.95,4.75;n27,0.9,4.5)base(n122,1.0,5.0;n29,0.95,4.75;n18,0.9,4.5;n30,0.85,4.25)|Olivier Polge;p48;Dominique Ropion;p40;Anne Flipo;p77|<p>A sugary praline and iris gourmand opened by ripe pear and blackcurrant. It is warm, cheerful and very sweet, and a patchouli backbone stops it from going flat.</p>|3.95;28500|1995|like_love:12000:42.1;like_like:8000:28.1;like_ok:4000:14.0;like_dislike:2500:8.8;like_hate:2000:7.0|price_way_overpriced:1500:8.3;price_overpriced:2800:15.6;price_ok:7500:41.7;price_good_value:4000:22.2;price_great_value:2200:12.2|gvotes_female:18000:84.0;gvotes_more_female:2500:11.7;gvotes_unisex:700:3.3;gvotes_more_male:100:0.5;gvotes_male:120:0.6|longevity_very_weak:800:3.7;longevity_weak:1300:6.0;longevity_moderate:5000:23.1;longevity_long_lasting:9000:41.7;longevity_eternal:5500:25.5|sillage_intimate:1200:6.1;sillage_moderate:5000:25.4;sillage_strong:8500:43.1;sillage_enormous:5000:25.4|season_winter:14000:93.33;season_spring:9000:60.0;season_summer:3000:20.0;season_fall:15000:100.0|season_day:14000:100.0;season_night:12000:85.71|pros(Big projection and staying power,684,29;Instantly likeable warmth,627,29;Excellent in cold weather,570,29)cons(Very sweet, can turn cloying,343,14;So popular it can feel generic,314,14;Too heavy for hot days,285,14)|||||
900276||Lancôme;b54|La Vie Est Belle Intensément|2020|gender_for_women||||||a12:100;a13:88;a10:75;a21:60;a36:45;a17:42;a6:40;a22:35|top(n115,1.0,5.0;n19,0.95,4.75;n3,0.9,4.5)middle(n287,1.0,5.0;n78,0.95,4.75;n27,0.9,4.5)base(n29,1.0,5.0;n161,0.95,4.75;n90,0.9,4.5;n18,0.85,4.25;n17,0.8,4.0)|Anne Flipo;p77;Nicolas Beaulieu;p107|<p>La Vie Est Belle turned redder and richer: raspberry and pink pepper open onto heliotrope, jasmine sambac and orange blossom before settling into vanilla, iris, benzoin and patchouli. Sweet and gourmand like the original, with a jammier fruit accent.</p>|3.9;4000|280|like_love:1700:42.5;like_like:1300:32.5;like_ok:600:15.0;like_dislike:250:6.3;like_hate:150:3.8|price_way_overpriced:100:4.2;price_overpriced:350:14.6;price_ok:1100:45.8;price_good_value:600:25.0;price_great_value:250:10.4|gvotes_female:2600:80.5;gvotes_more_female:500:15.5;gvotes_unisex:100:3.1;gvotes_more_male:15:0.5;gvotes_male:15:0.5|longevity_very_weak:80:2.8;longevity_weak:200:6.9;longevity_moderate:900:31.3;longevity_long_lasting:1200:41.7;longevity_eternal:500:17.4|sillage_intimate:120:4.5;sillage_moderate:900:33.7;sillage_strong:1200:44.9;sillage_enormous:450:16.9|season_winter:2000:95.24;season_spring:1500:71.43;season_summer:500:23.81;season_fall:2100:100.0|season_day:1500:65.22;season_night:2300:100.0|pros(Juicy raspberry twist on a well-loved gourmand,88,4;Strong longevity,80,4)cons(Very sweet,44,2;Too heavy for hot weather,40,2)|||||
900277||Lancôme;b54|La Vie Est Belle L'Élixir|2024|gender_for_women||||||a10:100;a13:80;a30:70;a23:60;a2:50;a3:45;a26:45;a44:40;a6:35|top(n115,1.0,5.0;n374,0.95,4.75;n3,0.9,4.5)middle(n265,1.0,5.0;n7,0.95,4.75)base(n85,1.0,5.0;n140,0.95,4.75;n9,0.9,4.5)|Antoine Maisondieu;p35;Christophe Raynaud;p10|<p>A fruitier, darker La Vie Est Belle: raspberry, a boozy liqueur accord and bergamot open onto green violet leaf and rose, then sink into cocoa butter with a leather and cedar backbone. Sweet and dense, it leans toward cooler weather and evenings.</p>|4;3627|254|like_love:1600:44.7;like_like:963:26.9;like_ok:443:12.4;like_dislike:435:12.1;like_hate:140:3.9|price_way_overpriced:218:7.7;price_overpriced:508:18.0;price_ok:1088:38.5;price_good_value:725:25.6;price_great_value:290:10.3|gvotes_female:2321:74.6;gvotes_more_female:580:18.6;gvotes_unisex:174:5.6;gvotes_more_male:22:0.7;gvotes_male:15:0.5|longevity_very_weak:73:2.4;longevity_weak:174:5.8;longevity_moderate:725:24.1;longevity_long_lasting:1378:45.9;longevity_eternal:653:21.7|sillage_intimate:87:3.2;sillage_moderate:653:24.2;sillage_strong:1306:48.4;sillage_enormous:653:24.2|season_winter:1200:92.31;season_spring:1100:84.62;season_summer:577:44.38;season_fall:1300:100.0|season_day:1200:100.0;season_night:1200:100.0|pros(Rich raspberry-cocoa sweetness,87,4;Boozy, leathery depth,80,4;Clearly different from the original,73,4)cons(Very sweet and heavy,45,2;Not for warm weather,41,2;Violet-leather twist may not suit fans of the original,37,2)|||||
900278||Lancôme;b54|Trésor|1990|gender_for_women||||||a21:100;a30:85;a10:70;a13:60;a15:50;a12:45;a20:40|top(n168,1.0,5.0;n31,0.95,4.75;n3,0.9,4.5;n64,0.85,4.25;n282,0.8,4.0)middle(n7,1.0,5.0;n161,0.95,4.75;n287,0.9,4.5;n6,0.85,4.25)base(n183,1.0,5.0;n17,0.95,4.75;n29,0.9,4.5;n11,0.85,4.25;n35,0.8,4.0)|Sophia Grojsman;p74|<p>A plush embrace of rose, apricot and powdery heliotrope sweetened with amber and musk. Warm, romantic and unmistakably feminine, it glows with a soft pink-peach radiance.</p>|4;8000|560|like_love:4200:53.2;like_like:2000:25.3;like_ok:800:10.1;like_dislike:500:6.3;like_hate:400:5.1|price_way_overpriced:200:3.6;price_overpriced:600:10.7;price_ok:1800:32.1;price_good_value:2000:35.7;price_great_value:1000:17.9|gvotes_female:5000:73.1;gvotes_more_female:1400:20.5;gvotes_unisex:350:5.1;gvotes_more_male:50:0.7;gvotes_male:40:0.6|longevity_very_weak:100:1.6;longevity_weak:350:5.4;longevity_moderate:1600:24.8;longevity_long_lasting:3000:46.5;longevity_eternal:1400:21.7|sillage_intimate:200:3.2;sillage_moderate:1600:25.4;sillage_strong:3000:47.6;sillage_enormous:1500:23.8|season_winter:4000:95.24;season_spring:3000:71.43;season_summer:800:19.05;season_fall:4200:100.0|season_day:3500:87.5;season_night:4000:100.0|pros(Warm, huggable rose-apricot,192,8;Strong performance,176,8;Romantic and feminine,160,8)cons(Can turn cloying,88,4;Heavy for summer,80,4)|||||
900279||Lanvin;b55|Éclat d'Arpège|2002|gender_for_women||||||a9:100;a2:70;a11:60;a20:50;a10:45;a21:40;a6:35|top(n282,1.0,5.0;n375,0.95,4.75;n38,0.9,4.5)middle(n376,1.0,5.0;n244,0.95,4.75;n141,0.9,4.5;n79,0.85,4.25)base(n9,1.0,5.0;n110,0.95,4.75;n11,0.9,4.5)|Karine Dubreuil;p108|<p>A dewy lilac and green-tea floral with soft peony and clean musk. Gentle, graceful and quietly pretty.</p>|3.9;13000|910|like_love:4800:37.8;like_like:5000:39.4;like_ok:2000:15.7;like_dislike:600:4.7;like_hate:300:2.4|price_way_overpriced:150:1.2;price_overpriced:300:2.4;price_ok:1800:14.7;price_good_value:4000:32.7;price_great_value:6000:49.0|gvotes_female:6500:54.3;gvotes_more_female:3800:31.8;gvotes_unisex:1500:12.5;gvotes_more_male:100:0.8;gvotes_male:60:0.5|longevity_very_weak:700:5.6;longevity_weak:2800:22.4;longevity_moderate:5500:44.0;longevity_long_lasting:2800:22.4;longevity_eternal:700:5.6|sillage_intimate:2500:20.2;sillage_moderate:6500:52.4;sillage_strong:2800:22.6;sillage_enormous:600:4.8|season_winter:1500:13.64;season_spring:11000:100.0;season_summer:6000:54.55;season_fall:2500:22.73|season_day:11500:100.0;season_night:2500:21.74|pros(Elegant and easy to wear,312,13;Often heavily discounted,286,13;Lovely spring office scent,260,13)cons(Can feel generic,156,7;Modest projection,143,7;Little evolution on skin,130,7)|||||
900280||Lattafa;b56|Ana Abiyedh Rouge|2016|gender_for_women_and_men||||||a3:100;a15:85;a40:70;a1:60;a10:50;a20:40|top(n377,1.0,5.0;n378,0.95,4.75;n3,0.9,4.5)middle(n353,1.0,5.0;n46,0.95,4.75)base(n36,1.0,5.0;n35,0.95,4.75;n34,0.9,4.5)||<p>Crisp pear and kumquat with bergamot sit over a caramel and geranium heart and a musky ambergris base touched with oakmoss. It wears as a citrusy amber with a light caramel sweetness and a clean musky finish.</p>|3.92;2764|193|like_love:1000:36.4;like_like:981:35.7;like_ok:415:15.1;like_dislike:235:8.5;like_hate:119:4.3|price_way_overpriced:15:1.3;price_overpriced:30:2.7;price_ok:120:10.8;price_good_value:300:26.9;price_great_value:650:58.3|gvotes_female:100:10.2;gvotes_more_female:200:20.4;gvotes_unisex:450:45.9;gvotes_more_male:150:15.3;gvotes_male:80:8.2|longevity_very_weak:30:3.5;longevity_weak:90:10.6;longevity_moderate:350:41.2;longevity_long_lasting:300:35.3;longevity_eternal:80:9.4|sillage_intimate:40:5.0;sillage_moderate:380:47.5;sillage_strong:300:37.5;sillage_enormous:80:10.0|season_winter:1200:92.31;season_spring:1100:84.62;season_summer:608:46.77;season_fall:1300:100.0|season_day:1100:100.0;season_night:1100:100.0|pros(Very low price,67,3;Pleasant pear and caramel sweetness,61,3;Easy casual wear,55,3)cons(Fairly linear,31,1;Modest projection,28,1)|||||
900281||Lattafa;b56|Asad|2021|gender_for_men||||||a14:100;a15:80;a12:70;a7:60;a28:55;a13:50;a48:40;a22:35|top(n54,1.0,5.0;n60,0.95,4.75;n31,0.9,4.5)middle(n18,1.0,5.0;n200,0.95,4.75;n161,0.9,4.5)base(n29,1.0,5.0;n11,0.95,4.75;n379,0.9,4.5;n90,0.85,4.25;n92,0.8,4.0)||<p>A peppery, ambery vanilla with shades of tobacco and coffee. Dark, spicy-sweet and punchy, suited to cold evenings.</p>|4;7000|490|like_love:3000:43.8;like_like:2500:36.5;like_ok:900:13.1;like_dislike:300:4.4;like_hate:150:2.2|price_way_overpriced:60:0.9;price_overpriced:120:1.8;price_ok:600:8.8;price_good_value:1800:26.5;price_great_value:4200:61.9|gvotes_female:60:0.9;gvotes_more_female:150:2.1;gvotes_unisex:900:12.8;gvotes_more_male:2400:34.2;gvotes_male:3500:49.9|longevity_very_weak:150:2.3;longevity_weak:400:6.1;longevity_moderate:1800:27.5;longevity_long_lasting:3200:48.9;longevity_eternal:1000:15.3|sillage_intimate:250:3.8;sillage_moderate:1700:26.0;sillage_strong:3200:48.9;sillage_enormous:1400:21.4|season_winter:5500:100.0;season_spring:1500:27.27;season_summer:500:9.09;season_fall:5000:90.91|season_day:2200:36.67;season_night:6000:100.0|pros(Spicy amber richness for pocket change,168,7;Strong performance,154,7;Great cold-weather option,140,7)cons(Pepper feels sharp early on,84,4;Less refined than pricier inspirations,77,4;Heavy in warm weather,70,4)|||900151:1000:100||
900282||Lattafa;b56|Asad Zanzibar|2024|gender_for_men||||||a12:100;a36:80;a21:70;a7:60;a8:55;a42:50;a39:35|top(n13,1.0,5.0;n54,0.95,4.75)middle(n128,1.0,5.0;n161,0.95,4.75;n335,0.9,4.5)base(n29,1.0,5.0;n23,0.95,4.75)|Fanny Bal;p82|<p>Lavender and black pepper over a salty coconut-water and iris heart, drying to vanilla and a wisp of incense. A lighter, beachier flanker of Asad that keeps the peppery vanilla spine but adds a tropical, salty lift.</p>|3.24;3737|262|like_love:918:24.6;like_like:1000:26.8;like_ok:557:14.9;like_dislike:557:14.9;like_hate:696:18.7|price_way_overpriced:25:1.1;price_overpriced:50:2.2;price_ok:220:9.6;price_good_value:700:30.5;price_great_value:1300:56.6|gvotes_female:20:0.8;gvotes_more_female:50:2.0;gvotes_unisex:300:12.1;gvotes_more_male:800:32.4;gvotes_male:1300:52.6|longevity_very_weak:50:2.5;longevity_weak:180:8.9;longevity_moderate:800:39.4;longevity_long_lasting:800:39.4;longevity_eternal:200:9.9|sillage_intimate:60:3.3;sillage_moderate:700:38.3;sillage_strong:850:46.4;sillage_enormous:220:12.0|season_winter:702:39.0;season_spring:1800:100.0;season_summer:1800:100.0;season_fall:1200:66.67|season_day:1800:100.0;season_night:1200:66.67|pros(Distinctive salty coconut and iris twist,91,4;Easy warm-weather wear,83,4;Inexpensive,75,4)cons(Divides opinion more than the original Asad,42,2;Powdery iris-vanilla drydown can feel soft,38,2)|||||
900283||Lattafa;b56|Bade'e Al Oud Honor & Glory|2023|gender_for_women_and_men||||||a13:100;a14:85;a10:75;a12:65;a6:50;a16:45;a19:40|top(n31,1.0,5.0;n380,0.95,4.75)middle(n25,1.0,5.0;n381,0.95,4.75;n54,0.9,4.5;n90,0.85,4.25)base(n29,1.0,5.0;n17,0.95,4.75;n207,0.9,4.5;n49,0.85,4.25)||<p>Caramelised pineapple and crème brûlée open into a warm layer of cinnamon, turmeric and black pepper, then a creamy vanilla-sandalwood base. Despite the Bade'e Al Oud name it lists no oud and wears as a spiced fruity gourmand.</p>|4.13;8087|566|like_love:4000:48.9;like_like:2400:29.4;like_ok:916:11.2;like_dislike:591:7.2;like_hate:268:3.3|price_way_overpriced:40:1.0;price_overpriced:80:2.0;price_ok:350:8.8;price_good_value:1100:27.7;price_great_value:2400:60.5|gvotes_female:250:6.0;gvotes_more_female:600:14.3;gvotes_unisex:2000:47.6;gvotes_more_male:900:21.4;gvotes_male:450:10.7|longevity_very_weak:60:1.7;longevity_weak:200:5.7;longevity_moderate:900:25.6;longevity_long_lasting:1700:48.4;longevity_eternal:650:18.5|sillage_intimate:80:2.4;sillage_moderate:900:27.4;sillage_strong:1700:51.8;sillage_enormous:600:18.3|season_winter:4500:97.83;season_spring:4100:89.13;season_summer:3200:69.57;season_fall:4600:100.0|season_day:4300:100.0;season_night:4100:95.35|pros(Distinctive pineapple-and-spice gourmand,194,8;Long-lasting and noticeable,178,8;Inexpensive,162,8)cons(Very sweet,89,4;Can feel heavy in high heat,81,4)|||||
900284||Lattafa;b56|Bade'e Al Oud Oud for Glory|2020|gender_for_women_and_men||||||a32:100;a14:75;a6:70;a22:55;a8:45;a24:40;a20:40|top(n40,1.0,5.0;n108,0.95,4.75;n13,0.9,4.5)middle(n68,1.0,5.0;n18,0.95,4.75)base(n35,1.0,5.0)||<p>A smoky, saffron-spiced oud with lavender and earthy patchouli. Dark, resinous and very powerful, channelling a far pricier niche oud.</p>|4.1;6500|455|like_love:3000:46.2;like_like:2200:33.8;like_ok:800:12.3;like_dislike:350:5.4;like_hate:150:2.3|price_way_overpriced:50:0.8;price_overpriced:100:1.6;price_ok:500:7.8;price_good_value:1500:23.3;price_great_value:4300:66.7|gvotes_female:150:2.3;gvotes_more_female:300:4.6;gvotes_unisex:2500:38.2;gvotes_more_male:2000:30.5;gvotes_male:1600:24.4|longevity_very_weak:100:1.6;longevity_weak:250:3.9;longevity_moderate:1200:18.9;longevity_long_lasting:3000:47.2;longevity_eternal:1800:28.3|sillage_intimate:150:2.4;sillage_moderate:1000:15.7;sillage_strong:3000:47.2;sillage_enormous:2200:34.6|season_winter:5000:100.0;season_spring:1300:26.0;season_summer:500:10.0;season_fall:4500:90.0|season_day:1800:32.73;season_night:5500:100.0|pros(Serious oud character on a budget,156,7;Enormous performance,143,7;Strong winter statement,130,7)cons(Medicinal oud can put newcomers off,79,3;Very easy to overspray,72,3;Too heavy for offices,65,3)|||||
900285||Lattafa;b56|Eclaire|2024|gender_for_women||||||a13:100;a12:85;a40:80;a38:65;a35:50;a21:40|top(n353,1.0,5.0;n382,0.95,4.75;n184,0.9,4.5)middle(n97,1.0,5.0;n32,0.95,4.75)base(n29,1.0,5.0;n122,0.95,4.75;n35,0.9,4.5)||<p>A dessert-style gourmand of caramel, milk and sugar with a touch of honey and white flowers over a vanilla, praline and musk base. Creamy and edible from start to finish, with very little freshness.</p>|4.07;9777|684|like_love:4800:49.0;like_like:2600:26.5;like_ok:1100:11.2;like_dislike:838:8.5;like_hate:467:4.8|price_way_overpriced:40:1.1;price_overpriced:80:2.2;price_ok:350:9.5;price_good_value:1100:30.0;price_great_value:2100:57.2|gvotes_female:2000:57.5;gvotes_more_female:900:25.9;gvotes_unisex:500:14.4;gvotes_more_male:50:1.4;gvotes_male:30:0.9|longevity_very_weak:80:2.4;longevity_weak:250:7.6;longevity_moderate:1100:33.5;longevity_long_lasting:1400:42.7;longevity_eternal:450:13.7|sillage_intimate:100:3.4;sillage_moderate:1100:37.9;sillage_strong:1300:44.8;sillage_enormous:400:13.8|season_winter:5200:100.0;season_spring:1800:34.62;season_summer:951:18.29;season_fall:4700:90.38|season_day:3500:100.0;season_night:3400:97.14|pros(Creamy caramel-milk gourmand at a low price,236,10;Cosy and comforting,216,10;Lasts well,196,10)cons(Extremely sweet,108,5;Not for warm weather,98,5)|||||
900286||Lattafa;b56|Hayaati|2020|gender_for_women_and_men||||||a10:100;a20:95;a16:93;a21:81;a14:80;a3:80;a6:78;a12:77|top(n22,1.0,5.0;n3,0.95,4.75)middle(n25,1.0,5.0;n39,0.95,4.75)base(n35,1.0,5.0;n29,0.95,4.75)||<p>An apple and bergamot opening warmed by cinnamon over a soft woody core, drying down to musk and vanilla. Simple and approachable, it sits between an easy daytime scent and a cosy evening one.</p>|3.9;3400|238|like_love:1300:39.3;like_like:1200:36.3;like_ok:600:18.1;like_dislike:150:4.5;like_hate:60:1.8|price_way_overpriced:40:1.3;price_overpriced:60:2.0;price_ok:400:13.3;price_good_value:1000:33.3;price_great_value:1500:50.0|gvotes_female:200:6.2;gvotes_more_female:350:10.8;gvotes_unisex:1100:33.8;gvotes_more_male:900:27.7;gvotes_male:700:21.5|longevity_very_weak:200:6.6;longevity_weak:500:16.4;longevity_moderate:1300:42.6;longevity_long_lasting:800:26.2;longevity_eternal:250:8.2|sillage_intimate:300:10.5;sillage_moderate:1400:49.1;sillage_strong:900:31.6;sillage_enormous:250:8.8|season_winter:1800:69.23;season_spring:1600:61.54;season_summer:700:26.92;season_fall:2600:100.0|season_day:2600:100.0;season_night:1700:65.38|pros(Cheerful apple-cinnamon opening,82,3;Very low price,75,3;Easy to wear for most ages,68,3)cons(Simple structure with little change,37,2;Can read generic to enthusiasts,34,2)|||||
900287||Lattafa;b56|Khamrah|2022|gender_for_women_and_men||||||a13:100;a14:82;a12:75;a10:60;a16:55;a15:50;a50:45|top(n25,1.0,5.0;n108,0.95,4.75;n3,0.9,4.5)middle(n383,1.0,5.0;n122,0.95,4.75;n187,0.9,4.5;n384,0.85,4.25)base(n29,1.0,5.0;n30,0.95,4.75;n130,0.9,4.5;n73,0.85,4.25;n90,0.8,4.0;n81,0.75,3.75)||<p>A spiced dates-and-praline gourmand with cinnamon, vanilla and resins that smells like a boozy Middle Eastern dessert. Warm, sweet and very rich for the price.</p>|4.1;9000|630|like_love:4500:50.8;like_like:2500:28.2;like_ok:1200:13.6;like_dislike:400:4.5;like_hate:250:2.8|price_way_overpriced:50:0.6;price_overpriced:150:1.7;price_ok:700:8.0;price_good_value:2800:32.2;price_great_value:5000:57.5|gvotes_female:600:7.1;gvotes_more_female:1000:11.9;gvotes_unisex:3800:45.2;gvotes_more_male:1800:21.4;gvotes_male:1200:14.3|longevity_very_weak:150:1.9;longevity_weak:400:5.1;longevity_moderate:2000:25.5;longevity_long_lasting:3500:44.6;longevity_eternal:1800:22.9|sillage_intimate:300:3.9;sillage_moderate:1800:23.4;sillage_strong:3800:49.4;sillage_enormous:1800:23.4|season_winter:7500:100.0;season_spring:1000:13.33;season_summer:300:4.0;season_fall:6500:86.67|season_day:2500:38.46;season_night:6500:100.0|pros(Excellent value,216,9;Rich spiced-date gourmand,198,9;Strong performance,180,9)cons(Very sweet,108,5;Can cloy in warm rooms,99,5;Batches reportedly vary,90,5)|||900262:1000:100||
900288||Lattafa;b56|Khamrah Dukhan|2025|gender_for_women_and_men||||||a15:100;a14:92;a13:75;a28:52;a31:48;a12:48;a24:46|top(n174,1.0,5.0;n83,0.95,4.75;n37,0.9,4.5)middle(n23,1.0,5.0;n92,0.95,4.75;n27,0.9,4.5;n18,0.85,4.25)base(n60,1.0,5.0;n122,0.95,4.75;n11,0.9,4.5;n30,0.85,4.25;n90,0.8,4.0)||<p>Allspice, mixed spices and mandarin over incense and labdanum, settling into tobacco, praline, tonka and benzoin. A smoky, resinous take on the Khamrah line; Lattafa calls it unisex with a masculine lean.</p>|4.1;2600|182|like_love:1400:53.2;like_like:800:30.4;like_ok:300:11.4;like_dislike:90:3.4;like_hate:40:1.5|price_way_overpriced:30:1.3;price_overpriced:60:2.6;price_ok:350:15.0;price_good_value:800:34.2;price_great_value:1100:47.0|gvotes_female:60:2.5;gvotes_more_female:120:4.9;gvotes_unisex:800:32.9;gvotes_more_male:800:32.9;gvotes_male:650:26.7|longevity_very_weak:60:2.7;longevity_weak:150:6.6;longevity_moderate:600:26.5;longevity_long_lasting:1000:44.2;longevity_eternal:450:19.9|sillage_intimate:100:4.7;sillage_moderate:700:32.6;sillage_strong:1000:46.5;sillage_enormous:350:16.3|season_winter:2300:100.0;season_spring:500:21.74;season_summer:150:6.52;season_fall:2000:86.96|season_day:900:40.91;season_night:2200:100.0|pros(Resinous incense-and-tobacco character,62,3;Strong performance for the price,57,3;Rich cold-weather option,52,3)cons(Too heavy for warm weather,29,1;Smoky opening can feel harsh,26,1)|||||
900289||Lattafa;b56|Khamrah Qahwa|2023|gender_for_women_and_men||||||a14:100;a13:90;a12:80;a16:70;a48:65;a15:50;a21:40|top(n25,1.0,5.0;n107,0.95,4.75;n24,0.9,4.5)middle(n122,1.0,5.0;n385,0.95,4.75;n32,0.9,4.5)base(n200,1.0,5.0;n29,0.95,4.75;n30,0.9,4.5;n90,0.85,4.25;n35,0.8,4.0)||<p>A spiced coffee gourmand: cinnamon, cardamom and ginger over praline and candied fruit, settling into coffee, vanilla, tonka and benzoin. It keeps the dessert-like warmth of Khamrah and adds a roasted coffee note to the base.</p>|4.34;16107|1127|like_love:9600:59.6;like_like:4000:24.8;like_ok:1300:8.1;like_dislike:743:4.6;like_hate:461:2.9|price_way_overpriced:60:1.0;price_overpriced:120:2.0;price_ok:600:10.2;price_good_value:1700:28.9;price_great_value:3400:57.8|gvotes_female:400:6.3;gvotes_more_female:900:14.1;gvotes_unisex:3000:46.9;gvotes_more_male:1400:21.9;gvotes_male:700:10.9|longevity_very_weak:150:2.7;longevity_weak:350:6.3;longevity_moderate:1500:26.8;longevity_long_lasting:2600:46.4;longevity_eternal:1000:17.9|sillage_intimate:200:3.8;sillage_moderate:1500:28.8;sillage_strong:2600:50.0;sillage_enormous:900:17.3|season_winter:11900:100.0;season_spring:1900:15.97;season_summer:755:6.34;season_fall:9400:78.99|season_day:3900:39.8;season_night:9800:100.0|pros(Rich coffee-and-spice gourmand for little money,386,16;Long-lasting with solid projection,354,16;Cosy in cold weather,322,16)cons(Very sweet and can cloy,177,8;Too heavy for warm days,161,8)|||||
900290||Lattafa;b56|Teriaq|2024|gender_for_women_and_men||||||a13:100;a40:80;a10:65;a35:60;a23:55;a12:50;a25:45|top(n353,1.0,5.0;n52,0.95,4.75;n183,0.9,4.5;n19,0.85,4.25)middle(n97,1.0,5.0;n304,0.95,4.75;n32,0.9,4.5;n7,0.85,4.25)base(n85,1.0,5.0;n29,0.95,4.75;n35,0.9,4.5;n16,0.85,4.25;n92,0.8,4.0)|Quentin Bisch;p3|<p>Caramel, bitter almond and apricot open onto honey, tart rhubarb and rose, then settle into a vanilla-leather base with labdanum and vetiver. The mix of burnt-sugar sweetness and a sharper leathery edge gives it more bite than a typical gourmand.</p>|3.73;3246|227|like_love:1200:36.9;like_like:869:26.7;like_ok:493:15.2;like_dislike:473:14.6;like_hate:214:6.6|price_way_overpriced:40:1.2;price_overpriced:80:2.3;price_ok:350:10.1;price_good_value:1000:28.8;price_great_value:2000:57.6|gvotes_female:300:8.1;gvotes_more_female:600:16.2;gvotes_unisex:1800:48.6;gvotes_more_male:700:18.9;gvotes_male:300:8.1|longevity_very_weak:80:2.5;longevity_weak:250:7.7;longevity_moderate:1000:31.0;longevity_long_lasting:1400:43.3;longevity_eternal:500:15.5|sillage_intimate:100:3.4;sillage_moderate:1000:33.9;sillage_strong:1400:47.5;sillage_enormous:450:15.3|season_winter:1400:100.0;season_spring:746:53.29;season_summer:376:26.86;season_fall:1400:100.0|season_day:921:76.75;season_night:1200:100.0|pros(Unusual caramel and leather combination,79,3;Composed by Quentin Bisch at a budget price,72,3;Rich cold-weather wear,65,3)cons(Sharp opening can feel pungent,36,2;Longevity reports vary,33,2)|||||
900291||Lattafa;b56|Teriaq Intense|2024|gender_for_women_and_men||||||a10:100;a14:85;a15:78;a13:70;a16:60;a31:50|top(n3,1.0,5.0;n40,0.95,4.75)middle(n386,1.0,5.0;n25,0.95,4.75)base(n30,1.0,5.0;n11,0.95,4.75;n90,0.9,4.5)|Quentin Bisch;p3|<p>Boozy plum and cinnamon over a saffron-tinged bergamot opening, drying into a dense amber of tonka and benzoin. A dark, liqueur-like sweet amber suited to cold evenings.</p>|4;2000|140|like_love:950:46.8;like_like:650:32.0;like_ok:300:14.8;like_dislike:90:4.4;like_hate:40:2.0|price_way_overpriced:25:1.4;price_overpriced:50:2.7;price_ok:300:16.4;price_good_value:650:35.6;price_great_value:800:43.8|gvotes_female:150:7.9;gvotes_more_female:250:13.2;gvotes_unisex:800:42.1;gvotes_more_male:450:23.7;gvotes_male:250:13.2|longevity_very_weak:50:2.7;longevity_weak:130:7.1;longevity_moderate:550:30.1;longevity_long_lasting:800:43.7;longevity_eternal:300:16.4|sillage_intimate:80:4.5;sillage_moderate:650:36.9;sillage_strong:800:45.5;sillage_enormous:230:13.1|season_winter:1700:100.0;season_spring:350:20.59;season_summer:100:5.88;season_fall:1500:88.24|season_day:600:35.29;season_night:1700:100.0|pros(Rich plum-and-spice character,48,2;Dense, warm amber drydown,44,2;Affordable for its style,40,2)cons(Very sweet for some tastes,22,1;Too heavy for summer,20,1)|||||
900292||Lattafa;b56|Yara|2020|gender_for_women||||||a13:100;a12:80;a21:65;a19:55;a10:45;a20:40;a9:35|top(n99,1.0,5.0;n287,0.95,4.75;n181,0.9,4.5)middle(n387,1.0,5.0;n388,0.95,4.75)base(n29,1.0,5.0;n35,0.95,4.75;n17,0.9,4.5)||<p>A creamy, pink milkshake of vanilla, heliotrope and tropical fruit, soft and sweet. A big-hearted comfort scent at a tiny price.</p>|3.95;10000|700|like_love:4500:45.9;like_like:3000:30.6;like_ok:1300:13.3;like_dislike:600:6.1;like_hate:400:4.1|price_way_overpriced:50:0.6;price_overpriced:100:1.2;price_ok:700:8.4;price_good_value:2500:29.9;price_great_value:5000:59.9|gvotes_female:6500:78.5;gvotes_more_female:1400:16.9;gvotes_unisex:300:3.6;gvotes_more_male:40:0.5;gvotes_male:40:0.5|longevity_very_weak:300:3.7;longevity_weak:800:9.8;longevity_moderate:2800:34.1;longevity_long_lasting:3300:40.2;longevity_eternal:1000:12.2|sillage_intimate:500:6.6;sillage_moderate:3000:39.5;sillage_strong:3200:42.1;sillage_enormous:900:11.8|season_winter:4500:81.82;season_spring:5500:100.0;season_summer:2500:45.45;season_fall:5500:100.0|season_day:5000:100.0;season_night:4500:90.0|pros(Outstanding value,240,10;Cosy creamy sweetness,220,10;Draws compliments,200,10)cons(Very sweet,110,5;Can feel synthetic up close,100,5)|||||
900293||Lattafa;b56|Yara Moi|2022|gender_for_women||||||a6:100;a17:85;a22:70;a14:60;a40:55;a21:45;a15:40|top(n6,1.0,5.0;n168,0.95,4.75)middle(n353,1.0,5.0;n11,0.95,4.75)base(n18,1.0,5.0;n17,0.95,4.75)||<p>Jasmine and soft peach open onto a caramel-and-amber heart, drying down to patchouli and sandalwood. Woodier and earthier than the original Yara, it pairs a sweet floral start with a darker base.</p>|3.64;2517|176|like_love:662:26.3;like_like:884:35.1;like_ok:497:19.7;like_dislike:354:14.1;like_hate:120:4.8|price_way_overpriced:40:1.0;price_overpriced:80:2.1;price_ok:400:10.5;price_good_value:1100:28.8;price_great_value:2200:57.6|gvotes_female:2600:63.9;gvotes_more_female:1100:27.0;gvotes_unisex:300:7.4;gvotes_more_male:40:1.0;gvotes_male:30:0.7|longevity_very_weak:100:2.8;longevity_weak:300:8.3;longevity_moderate:1300:36.1;longevity_long_lasting:1500:41.7;longevity_eternal:400:11.1|sillage_intimate:150:4.5;sillage_moderate:1300:39.4;sillage_strong:1400:42.4;sillage_enormous:450:13.6|season_winter:620:64.99;season_spring:954:100.0;season_summer:624:65.41;season_fall:834:87.42|season_day:1000:100.0;season_night:516:51.6|pros(Jasmine and caramel warmth at a low price,60,3;Less sugary than many sweet florals,55,3;Wearable across seasons,50,3)cons(Patchouli base may feel dark to fans of the original Yara,28,1;Short, simple note list,25,1)|||||
900294||Lattafa;b56|Yara Tous|2023|gender_for_women||||||a19:100;a13:85;a17:70;a12:60;a10:55;a21:45;a39:40|top(n312,1.0,5.0;n121,0.95,4.75;n389,0.9,4.5)middle(n6,1.0,5.0;n27,0.95,4.75;n287,0.9,4.5)base(n29,1.0,5.0;n35,0.95,4.75;n207,0.9,4.5)||<p>Mango, passionfruit and coconut over jasmine, orange blossom and heliotrope, drying down to vanilla, musk and cashmeran. A tropical, summery flanker to Yara that keeps its soft, creamy base.</p>|3.8;4152|291|like_love:1300:31.4;like_like:1500:36.2;like_ok:721:17.4;like_dislike:455:11.0;like_hate:166:4.0|price_way_overpriced:40:0.9;price_overpriced:80:1.9;price_ok:400:9.5;price_good_value:1200:28.4;price_great_value:2500:59.2|gvotes_female:3000:65.6;gvotes_more_female:1100:24.1;gvotes_unisex:400:8.8;gvotes_more_male:40:0.9;gvotes_male:30:0.7|longevity_very_weak:100:2.6;longevity_weak:350:9.1;longevity_moderate:1500:39.0;longevity_long_lasting:1500:39.0;longevity_eternal:400:10.4|sillage_intimate:150:4.2;sillage_moderate:1500:41.7;sillage_strong:1500:41.7;sillage_enormous:450:12.5|season_winter:271:11.78;season_spring:1400:60.87;season_summer:2300:100.0;season_fall:509:22.13|season_day:2100:100.0;season_night:457:21.76|pros(Juicy tropical-fruit sweetness,99,4;Good value for a summer scent,91,4;Easy to like,83,4)cons(Very sweet for some,46,2;Can read like a body-care scent,42,2)|||||
900295||Le Labo;b57|Another 13|2010|gender_for_women_and_men||||||a20:100;a6:70;a15:55;a10:35;a26:30;a18:28|top(n76,1.0,5.0;n22,0.95,4.75;n258,0.9,4.5)middle(n129,1.0,5.0;n6,0.95,4.75;n49,0.9,4.5)base(n133,1.0,5.0;n166,0.95,4.75;n35,0.9,4.5)|Nathalie Lorson;p104|<p>A hazy, glowing skin scent of musk and ambroxan with a faint hint of pear. It is minimal and magnetic up close.</p>|3.95;5500|385|like_love:2600:46.8;like_like:1600:28.8;like_ok:800:14.4;like_dislike:350:6.3;like_hate:200:3.6|price_way_overpriced:1800:36.7;price_overpriced:1600:32.7;price_ok:1000:20.4;price_good_value:350:7.1;price_great_value:150:3.1|gvotes_female:700:13.1;gvotes_more_female:900:16.8;gvotes_unisex:3000:56.1;gvotes_more_male:500:9.3;gvotes_male:250:4.7|longevity_very_weak:400:7.4;longevity_weak:800:14.8;longevity_moderate:1700:31.5;longevity_long_lasting:1800:33.3;longevity_eternal:700:13.0|sillage_intimate:1300:25.7;sillage_moderate:2300:45.5;sillage_strong:1100:21.8;sillage_enormous:350:6.9|season_winter:1800:47.37;season_spring:3800:100.0;season_summer:2000:52.63;season_fall:3200:84.21|season_day:4200:100.0;season_night:2400:57.14|pros(Clean, addictive skin scent,132,6;Truly unisex,121,6;Long-lasting radiance,110,6)cons(Very expensive,67,3;Some people barely smell it,61,3;Almost too minimal,55,3)|||||
900296||Le Labo;b57|Bergamote 22|2006|gender_for_women_and_men||||||a3:100;a1:65;a6:55;a20:50;a11:45;a17:30|top(n3,1.0,5.0;n87,0.95,4.75;n45,0.9,4.5)middle(n27,1.0,5.0)base(n16,1.0,5.0;n9,0.95,4.75;n11,0.9,4.5;n35,0.85,4.25)|Daphné Bugey;p95|<p>A bright bergamot and grapefruit opening that settles onto orange blossom, vetiver and a soft amber-musk base. Crisp and uncomplicated, it smells more like fresh citrus peel than sugary fruit.</p>|3.9;3600|252|like_love:1100:34.0;like_like:1230:38.0;like_ok:650:20.1;like_dislike:190:5.9;like_hate:65:2.0|price_way_overpriced:600:23.8;price_overpriced:810:32.1;price_ok:760:30.2;price_good_value:250:9.9;price_great_value:100:4.0|gvotes_female:290:9.0;gvotes_more_female:390:12.0;gvotes_unisex:1940:59.9;gvotes_more_male:390:12.0;gvotes_male:230:7.1|longevity_very_weak:400:13.9;longevity_weak:980:34.1;longevity_moderate:1090:37.9;longevity_long_lasting:350:12.2;longevity_eternal:58:2.0|sillage_intimate:840:30.0;sillage_moderate:1460:52.1;sillage_strong:420:15.0;sillage_enormous:84:3.0|season_winter:430:13.27;season_spring:2880:88.89;season_summer:3240:100.0;season_fall:900:27.78|season_day:3310:100.0;season_night:900:27.19|pros(Clean, bright citrus,79,4;Easy in heat and at the office,72,4)cons(Fades faster than heavier scents,40,2;High price for a citrus,36,2)|||||
900297||Le Labo;b57|Lys 41|2013|gender_for_women_and_men||||||a17:100;a45:80;a9:65;a12:55;a20:45;a13:40|middle(n233,1.0,5.0;n187,0.95,4.75;n6,0.9,4.5)base(n29,1.0,5.0;n35,0.95,4.75;n39,0.9,4.5)||<p>A dense white bouquet of lily, tuberose and jasmine, sweetened by vanilla and softened with musk. Creamy and heady, it leans lush and projecting rather than airy.</p>|4.1;2100|147|like_love:850:45.3;like_like:600:32.0;like_ok:260:13.9;like_dislike:110:5.9;like_hate:57:3.0|price_way_overpriced:260:17.7;price_overpriced:440:30.0;price_ok:500:34.1;price_good_value:180:12.3;price_great_value:88:6.0|gvotes_female:640:33.8;gvotes_more_female:570:30.1;gvotes_unisex:530:28.0;gvotes_more_male:94:5.0;gvotes_male:57:3.0|longevity_very_weak:67:4.0;longevity_weak:170:10.1;longevity_moderate:640:37.9;longevity_long_lasting:640:37.9;longevity_eternal:170:10.1|sillage_intimate:130:7.9;sillage_moderate:660:40.0;sillage_strong:660:40.0;sillage_enormous:200:12.1|season_winter:420:25.0;season_spring:1680:100.0;season_summer:1470:87.5;season_fall:630:37.5|season_day:1470:100.0;season_night:1260:85.71|pros(Lush white floral with good presence,46,2;Creamy vanilla drydown,42,2)cons(Can feel heavy in close quarters,23,1;Too sweet and heady for some,21,1)|||||
900298||Le Labo;b57|Oud 27|2009|gender_for_women_and_men||||||a32:100;a26:75;a6:70;a24:60;a30:45;a22:40;a14:35|middle(n68,1.0,5.0;n40,0.95,4.75;n7,0.9,4.5;n18,0.85,4.25;n9,0.8,4.0;n16,0.75,3.75;n23,0.7,3.5)||<p>A dark, animalic oud dusted with saffron and rose over patchouli, cedar, vetiver and incense. Dry, smoky and intentionally rough-edged, it is far from a sweet, easy oud.</p>|3.95;2600|182|like_love:840:35.9;like_like:660:28.2;like_ok:370:15.8;like_dislike:280:12.0;like_hate:190:8.1|price_way_overpriced:440:24.1;price_overpriced:580:31.8;price_ok:550:30.2;price_good_value:180:9.9;price_great_value:73:4.0|gvotes_female:94:4.0;gvotes_more_female:140:6.0;gvotes_unisex:1050:45.0;gvotes_more_male:580:24.9;gvotes_male:470:20.1|longevity_very_weak:42:2.0;longevity_weak:120:5.8;longevity_moderate:540:25.9;longevity_long_lasting:920:44.2;longevity_eternal:460:22.1|sillage_intimate:100:4.9;sillage_moderate:570:28.1;sillage_strong:910:44.8;sillage_enormous:450:22.2|season_winter:2080:100.0;season_spring:650:31.25;season_summer:210:10.1;season_fall:1820:87.5|season_day:910:41.18;season_night:2210:100.0|pros(Strong longevity and projection,57,3;Distinctive, uncompromising oud,52,3)cons(Animalic opening is polarizing,29,1;Hard to wear at the office,26,1)|||||
900299||Le Labo;b57|Rose 31|2006|gender_for_women_and_men||||||a30:100;a6:80;a14:70;a24:35;a26:35;a43:30;a20:30|top(n7,1.0,5.0;n65,0.95,4.75)middle(n16,1.0,5.0;n9,0.95,4.75)base(n35,1.0,5.0;n70,0.95,4.75;n86,0.9,4.5;n390,0.85,4.25;n92,0.8,4.0;n11,0.75,3.75)|Daphné Bugey;p95|<p>A spicy, woody rose where cumin and cedar pull the flower toward something dry and skin-like. Less pretty than intriguing, and unisex in spirit.</p>|3.95;6000|420|like_love:1900:36.9;like_like:1800:35.0;like_ok:800:15.5;like_dislike:400:7.8;like_hate:250:4.9|price_way_overpriced:1100:30.3;price_overpriced:1400:38.6;price_ok:800:22.0;price_good_value:250:6.9;price_great_value:80:2.2|gvotes_female:700:12.3;gvotes_more_female:900:15.8;gvotes_unisex:2800:49.1;gvotes_more_male:900:15.8;gvotes_male:400:7.0|longevity_very_weak:150:3.9;longevity_weak:400:10.4;longevity_moderate:1400:36.4;longevity_long_lasting:1500:39.0;longevity_eternal:400:10.4|sillage_intimate:250:7.0;sillage_moderate:1700:47.9;sillage_strong:1300:36.6;sillage_enormous:300:8.5|season_winter:2300:76.67;season_spring:2600:86.67;season_summer:900:30.0;season_fall:3000:100.0|season_day:3200:100.0;season_night:2300:71.88|pros(Truly gender-neutral rose,144,6;Distinctive and grown-up,132,6;Good longevity,120,6)cons(Cumin can read sweaty,66,3;Pricey for what it is,60,3)|||||
900300||Le Labo;b57|Santal 33|2011|gender_for_women_and_men||||||a6:100;a23:68;a1:55;a14:48;a36:40;a41:36;a21:32|top(n153,1.0,5.0;n107,0.95,4.75)middle(n161,1.0,5.0;n133,0.95,4.75)base(n17,1.0,5.0;n176,0.95,4.75;n50,0.9,4.5;n85,0.85,4.25)|Frank Voelkl;p109|<p>Dry, creamy sandalwood wrapped in soft leather, cardamom and a violet-iris powder. Cool, dry and easy to recognize, it has become a kind of uniform for creative city dwellers.</p>|3.95;13500|945|like_love:7200:52.6;like_like:3600:26.3;like_ok:1700:12.4;like_dislike:700:5.1;like_hate:500:3.6|price_way_overpriced:2200:31.0;price_overpriced:2500:35.2;price_ok:1700:23.9;price_good_value:450:6.3;price_great_value:250:3.5|gvotes_female:800:6.1;gvotes_more_female:900:6.8;gvotes_unisex:7800:59.1;gvotes_more_male:2600:19.7;gvotes_male:1100:8.3|longevity_very_weak:350:4.3;longevity_weak:700:8.7;longevity_moderate:2400:29.8;longevity_long_lasting:3500:43.5;longevity_eternal:1100:13.7|sillage_intimate:700:9.1;sillage_moderate:2900:37.7;sillage_strong:3200:41.6;sillage_enormous:900:11.7|season_winter:5200:59.09;season_spring:6300:71.59;season_summer:4200:47.73;season_fall:8800:100.0|season_day:9800:100.0;season_night:5600:57.14|pros(Distinctive woody-leather character,351,14;Wearable year-round,324,14;Strong longevity,297,14;Truly unisex,270,14)cons(Extremely common in big cities,163,7;Some noses pick up a pickle-like note,149,7;Expensive for its simplicity,135,7)|||||
900301||Le Labo;b57|Thé Noir 29|2015|gender_for_women_and_men||||||a6:100;a1:78;a43:62;a28:55;a10:45;a2:38|top(n3,1.0,5.0;n143,0.95,4.75;n98,0.9,4.5)middle(n293,1.0,5.0;n9,0.95,4.75)base(n16,1.0,5.0;n60,0.95,4.75;n35,0.9,4.5;n391,0.85,4.25)|Frank Voelkl;p109|<p>A dry black tea scent wrapped in fig, bay leaf and cedar, with a hay-and-tobacco warmth underneath. It reads calm, slightly dusty and woody rather than sweet.</p>|4.05;5200|364|like_love:1970:42.1;like_like:1590:33.9;like_ok:750:16.0;like_dislike:280:6.0;like_hate:94:2.0|price_way_overpriced:660:18.1;price_overpriced:1090:29.9;price_ok:1240:34.0;price_good_value:440:12.1;price_great_value:220:6.0|gvotes_female:370:7.9;gvotes_more_female:560:12.0;gvotes_unisex:2530:54.2;gvotes_more_male:840:18.0;gvotes_male:370:7.9|longevity_very_weak:210:5.1;longevity_weak:620:14.9;longevity_moderate:1870:45.1;longevity_long_lasting:1160:28.0;longevity_eternal:290:7.0|sillage_intimate:730:18.0;sillage_moderate:2230:55.1;sillage_strong:890:22.0;sillage_enormous:200:4.9|season_winter:2340:52.94;season_spring:3220:72.85;season_summer:1820:41.18;season_fall:4420:100.0|season_day:4580:100.0;season_night:2700:58.95|pros(Distinctive dry tea-and-fig profile,124,5;Easy to wear in most settings,114,5;Genuinely unisex,104,5)cons(Expensive for its projection,57,3;Some find it flat after the opening,52,3)|||||
900302||Louis Vuitton;b58|Afternoon Swim|2019|gender_for_women_and_men||||||a3:100;a11:55;a7:45;a13:38;a42:30;a20:28|top(n42,1.0,5.0;n3,0.95,4.75;n12,0.9,4.5)middle(n24,1.0,5.0)base(n36,1.0,5.0)|Jacques Cavallier Belletrud;p110|<p>A radiant burst of mandarin, bergamot and sweet orange with a zing of ginger over a salty ambergris base. Joyful and sunlit, and more tenacious than most citrus scents.</p>|4.15;3800|266|like_love:2000:50.3;like_like:1300:32.7;like_ok:450:11.3;like_dislike:150:3.8;like_hate:80:2.0|price_way_overpriced:1400:38.4;price_overpriced:1100:30.1;price_ok:800:21.9;price_good_value:250:6.8;price_great_value:100:2.7|gvotes_female:300:7.7;gvotes_more_female:400:10.3;gvotes_unisex:2200:56.4;gvotes_more_male:600:15.4;gvotes_male:400:10.3|longevity_very_weak:200:5.3;longevity_weak:600:16.0;longevity_moderate:1500:40.0;longevity_long_lasting:1100:29.3;longevity_eternal:350:9.3|sillage_intimate:400:10.7;sillage_moderate:1700:45.3;sillage_strong:1300:34.7;sillage_enormous:350:9.3|season_winter:150:3.95;season_spring:2200:57.89;season_summer:3800:100.0;season_fall:300:7.89|season_day:3800:100.0;season_night:700:18.42|pros(Luminous orange-mandarin sunshine,92,4;Better longevity than typical citrus,84,4;Instant vacation feel,76,4)cons(Extremely expensive,42,2;Linear orange profile,38,2)|||||
900303||Louis Vuitton;b58|Attrape-Rêves|2018|gender_for_women||||||a10:100;a44:80;a9:75;a22:65;a13:55;a21:40|middle(n249,1.0,5.0;n141,0.95,4.75;n58,0.9,4.5;n18,0.85,4.25)|Jacques Cavallier Belletrud;p110|<p>Juicy lychee and peony meet a dusting of cocoa over earthy patchouli. It smells sweet and plush, a fruity floral with a dark cocoa twist.</p>|4.1;3000|210|like_love:1400:48.1;like_like:800:27.5;like_ok:410:14.1;like_dislike:180:6.2;like_hate:120:4.1|price_way_overpriced:600:39.7;price_overpriced:500:33.1;price_ok:300:19.9;price_good_value:80:5.3;price_great_value:30:2.0|gvotes_female:1350:47.9;gvotes_more_female:950:33.7;gvotes_unisex:400:14.2;gvotes_more_male:90:3.2;gvotes_male:30:1.1|longevity_very_weak:50:2.8;longevity_weak:160:8.9;longevity_moderate:650:36.3;longevity_long_lasting:700:39.1;longevity_eternal:230:12.8|sillage_intimate:100:5.8;sillage_moderate:600:34.9;sillage_strong:750:43.6;sillage_enormous:270:15.7|season_winter:1950:100.0;season_spring:1250:64.1;season_summer:600:30.77;season_fall:1950:100.0|season_day:1300:60.47;season_night:2150:100.0|pros(Cocoa-lychee pairing feels distinctive,72,3;Good longevity,66,3;Cosy and sensual in cooler months,60,3)cons(Can turn too sweet for some,33,2;Luxury price with limited availability,30,2)|||||
900304||Louis Vuitton;b58|California Dream|2020|gender_for_women_and_men||||||a3:100;a7:75;a20:65;a31:55;a13:50;a15:45|middle(n42,1.0,5.0;n19,0.95,4.75;n129,0.9,4.5;n90,0.85,4.25)|Jacques Cavallier Belletrud;p110|<p>Juicy mandarin and pink pepper over musky ambrette and a warm benzoin base. It starts bright and then turns soft, warm and resinous.</p>|4.1;2600|182|like_love:1150:45.8;like_like:750:29.9;like_ok:380:15.1;like_dislike:150:6.0;like_hate:80:3.2|price_way_overpriced:550:42.0;price_overpriced:430:32.8;price_ok:250:19.1;price_good_value:50:3.8;price_great_value:30:2.3|gvotes_female:300:12.0;gvotes_more_female:400:16.1;gvotes_unisex:1400:56.2;gvotes_more_male:270:10.8;gvotes_male:120:4.8|longevity_very_weak:80:5.1;longevity_weak:200:12.7;longevity_moderate:700:44.6;longevity_long_lasting:470:29.9;longevity_eternal:120:7.6|sillage_intimate:180:12.2;sillage_moderate:700:47.6;sillage_strong:470:32.0;sillage_enormous:120:8.2|season_winter:700:41.18;season_spring:1700:100.0;season_summer:1500:88.24;season_fall:1250:73.53|season_day:1850:100.0;season_night:850:45.95|pros(Bright citrus with a warm, cosy drydown,62,3;Easy to wear in most seasons,57,3;Smooth and well blended,52,3)cons(Soft projection after the first hour,29,1;Luxury price for a simple structure,26,1)|||||
900305||Louis Vuitton;b58|Imagination|2021|gender_for_men||||||a3:100;a7:72;a6:55;a15:45;a14:38;a1:30|top(n332,1.0,5.0;n290,0.95,4.75;n392,0.9,4.5)middle(n24,1.0,5.0;n25,0.95,4.75;n103,0.9,4.5)base(n293,1.0,5.0;n133,0.95,4.75;n70,0.9,4.5;n390,0.85,4.25)|Jacques Cavallier Belletrud;p110|<p>A luminous citron and bergamot sharpened by ginger and a hint of cinnamon, drying down to black tea, guaiac wood and ambroxan. Clean, refined and easy to wear.</p>|4.3;9000|630|like_love:5000:56.8;like_like:2500:28.4;like_ok:900:10.2;like_dislike:250:2.8;like_hate:150:1.7|price_way_overpriced:2600:32.9;price_overpriced:2400:30.4;price_ok:2000:25.3;price_good_value:600:7.6;price_great_value:300:3.8|gvotes_female:150:1.7;gvotes_more_female:250:2.8;gvotes_unisex:1800:20.0;gvotes_more_male:2700:30.0;gvotes_male:4100:45.6|longevity_very_weak:200:2.6;longevity_weak:600:7.8;longevity_moderate:2800:36.4;longevity_long_lasting:3200:41.6;longevity_eternal:900:11.7|sillage_intimate:350:4.5;sillage_moderate:3300:42.0;sillage_strong:3300:42.0;sillage_enormous:900:11.5|season_winter:1500:21.43;season_spring:7000:100.0;season_summer:6500:92.86;season_fall:3500:50.0|season_day:7800:100.0;season_night:2400:30.77|pros(Refined citrus-tea freshness,216,9;Very versatile,198,9;Office-appropriate,180,9)cons(Very expensive,108,5;Ambroxan base feels familiar,99,5;Longevity only average for the price,90,5)|||||
900306||Louis Vuitton;b58|L'Immensité|2018|gender_for_men||||||a3:100;a7:85;a15:70;a1:55;a6:50;a11:45|middle(n87,1.0,5.0;n24,0.95,4.75;n3,0.9,4.5;n133,0.85,4.25;n92,0.8,4.0)|Jacques Cavallier Belletrud;p110|<p>Grapefruit, ginger and bergamot give a sharp, zesty opening that dries down to an airy ambroxan and labdanum base. It reads fresh and clean, with a warm, slightly salty-feeling amber trail.</p>|4.15;4600|322|like_love:2250:49.9;like_like:1250:27.7;like_ok:600:13.3;like_dislike:270:6.0;like_hate:140:3.1|price_way_overpriced:900:39.1;price_overpriced:800:34.8;price_ok:460:20.0;price_good_value:90:3.9;price_great_value:50:2.2|gvotes_female:90:2.1;gvotes_more_female:130:3.0;gvotes_unisex:600:13.9;gvotes_more_male:1600:37.0;gvotes_male:1900:44.0|longevity_very_weak:80:2.9;longevity_weak:250:9.1;longevity_moderate:1050:38.0;longevity_long_lasting:1050:38.0;longevity_eternal:330:12.0|sillage_intimate:210:8.0;sillage_moderate:1050:40.1;sillage_strong:1050:40.1;sillage_enormous:310:11.8|season_winter:1050:35.0;season_spring:3000:100.0;season_summer:2850:95.0;season_fall:1650:55.0|season_day:3300:100.0;season_night:1300:39.39|pros(Bright, zesty and clean,110,5;Strong performance for a fresh scent,101,5;Works for office, travel and summer days,92,5)cons(Very high price,51,2;Ambroxan base may feel familiar to people who know popular fresh designers,46,2)|||||
900307||Louis Vuitton;b58|Météore|2020|gender_for_men||||||a3:100;a7:80;a6:60;a1:50;a43:40|middle(n3,1.0,5.0;n42,0.95,4.75;n111,0.9,4.5;n108,0.85,4.25;n16,0.8,4.0)|Jacques Cavallier Belletrud;p110|<p>A sparkling citrus opening of bergamot and mandarin is roughened by pepper and nutmeg, then settles on dry vetiver. It is fresh, crisp and slightly spicy, an easy daytime scent.</p>|4;2000|140|like_love:800:40.0;like_like:650:32.5;like_ok:350:17.5;like_dislike:120:6.0;like_hate:80:4.0|price_way_overpriced:440:44.0;price_overpriced:320:32.0;price_ok:180:18.0;price_good_value:40:4.0;price_great_value:20:2.0|gvotes_female:40:2.1;gvotes_more_female:60:3.1;gvotes_unisex:270:14.1;gvotes_more_male:700:36.5;gvotes_male:850:44.3|longevity_very_weak:70:5.9;longevity_weak:190:16.0;longevity_moderate:550:46.2;longevity_long_lasting:310:26.1;longevity_eternal:70:5.9|sillage_intimate:160:14.3;sillage_moderate:550:49.1;sillage_strong:330:29.5;sillage_enormous:80:7.1|season_winter:390:30.0;season_spring:1300:100.0;season_summer:1250:96.15;season_fall:650:50.0|season_day:1450:100.0;season_night:430:29.66|pros(Crisp, clean citrus with a spicy edge,48,2;Suits office and warm weather,44,2;Easy to wear without much thought,40,2)cons(Citrus fades fairly quickly,22,1;Hard to justify the price over designer citrus scents,20,1)|||||
900308||Louis Vuitton;b58|Ombre Nomade|2018|gender_for_women_and_men||||||a32:100;a24:80;a6:70;a10:50;a30:45;a31:40;a15:38|middle(n68,1.0,5.0;n23,0.95,4.75;n7,0.9,4.5;n115,0.85,4.25;n90,0.8,4.0;n33,0.75,3.75;n40,0.7,3.5)|Jacques Cavallier Belletrud;p110|<p>A dark, smoky oud with incense and birch, lifted by a jammy raspberry-rose note and softened by benzoin. Dense and resinous, it lingers for hours.</p>|4.35;6500|455|like_love:3800:59.8;like_like:1400:22.0;like_ok:600:9.4;like_dislike:300:4.7;like_hate:250:3.9|price_way_overpriced:2800:49.6;price_overpriced:1500:26.5;price_ok:900:15.9;price_good_value:300:5.3;price_great_value:150:2.7|gvotes_female:500:7.8;gvotes_more_female:600:9.4;gvotes_unisex:3200:50.0;gvotes_more_male:1200:18.8;gvotes_male:900:14.1|longevity_very_weak:60:1.1;longevity_weak:120:2.1;longevity_moderate:600:10.6;longevity_long_lasting:2300:40.5;longevity_eternal:2600:45.8|sillage_intimate:120:2.1;sillage_moderate:700:12.2;sillage_strong:2500:43.7;sillage_enormous:2400:42.0|season_winter:4800:100.0;season_spring:1200:25.0;season_summer:400:8.33;season_fall:4200:87.5|season_day:1600:33.33;season_night:4800:100.0|pros(Deep, smoky oud with a fruity lift,156,7;Very long-lasting,143,7;Rich, resinous depth,130,7)cons(Extremely expensive,79,3;Too dense for warm weather,72,3;Smoky oud is not for everyone,65,3)|||||
900309||Louis Vuitton;b58|Pacific Chill|2023|gender_for_women_and_men||||||a10:100;a3:85;a2:75;a1:65;a11:55;a13:45;a5:40|middle(n2,1.0,5.0;n294,0.95,4.75;n20,0.9,4.5;n4,0.85,4.25;n223,0.8,4.0;n143,0.75,3.75;n183,0.7,3.5;n383,0.65,3.25;n129,0.6,3.0)|Jacques Cavallier Belletrud;p110|<p>Lemon, blackcurrant, mint and basil lead a juicy blend with carrot, fig, apricot and dates over soft ambrette. It smells like a freshly pressed juice: cool, tangy and lightly sweet.</p>|4;2600|182|like_love:1050:41.8;like_like:750:29.9;like_ok:430:17.1;like_dislike:180:7.2;like_hate:100:4.0|price_way_overpriced:550:42.0;price_overpriced:420:32.1;price_ok:250:19.1;price_good_value:60:4.6;price_great_value:30:2.3|gvotes_female:300:12.0;gvotes_more_female:370:14.9;gvotes_unisex:1400:56.2;gvotes_more_male:300:12.0;gvotes_male:120:4.8|longevity_very_weak:90:5.7;longevity_weak:230:14.6;longevity_moderate:700:44.6;longevity_long_lasting:440:28.0;longevity_eternal:110:7.0|sillage_intimate:180:12.2;sillage_moderate:700:47.6;sillage_strong:470:32.0;sillage_enormous:120:8.2|season_winter:340:20.0;season_spring:1500:88.24;season_summer:1700:100.0;season_fall:600:35.29|season_day:1850:100.0;season_night:550:29.73|pros(Unusual juicy-green profile,62,3;Refreshing in hot weather,57,3;Easy, playful daytime wear,52,3)cons(Very high price for a fresh scent,29,1;Fruity-vegetal opening is not for everyone,26,1)|||||
900310||Louis Vuitton;b58|Spell On You|2021|gender_for_women||||||a36:100;a21:90;a9:80;a30:65;a17:50;a13:40|middle(n161,1.0,5.0;n7,0.95,4.75;n393,0.9,4.5;n6,0.85,4.25)|Jacques Cavallier Belletrud;p110|<p>A powdery floral centered on iris and rose, softened by acacia and a touch of jasmine. It is soft and elegant, with a smooth, cosmetic-like powderiness.</p>|4;2000|140|like_love:850:43.4;like_like:600:30.6;like_ok:310:15.8;like_dislike:120:6.1;like_hate:80:4.1|price_way_overpriced:400:40.0;price_overpriced:330:33.0;price_ok:200:20.0;price_good_value:50:5.0;price_great_value:20:2.0|gvotes_female:1000:52.4;gvotes_more_female:600:31.4;gvotes_unisex:250:13.1;gvotes_more_male:40:2.1;gvotes_male:20:1.0|longevity_very_weak:50:4.2;longevity_weak:130:10.8;longevity_moderate:480:40.0;longevity_long_lasting:420:35.0;longevity_eternal:120:10.0|sillage_intimate:110:9.7;sillage_moderate:500:44.2;sillage_strong:410:36.3;sillage_enormous:110:9.7|season_winter:850:65.38;season_spring:1300:100.0;season_summer:650:50.0;season_fall:1050:80.77|season_day:1450:100.0;season_night:800:55.17|pros(Refined, polished iris-rose,48,2;Elegant enough for formal occasions,44,2;Soft but noticeable,40,2)cons(Powderiness can feel old-fashioned to some,22,1;Very expensive,20,1)|||||
900311||Maison Alhambra;b59|Baroque Rouge 540|2021|gender_for_women_and_men||||||a15:100;a14:80;a20:65;a17:55;a6:50;a27:40;a13:35|top(n40,1.0,5.0;n76,0.95,4.75;n42,0.9,4.5)middle(n6,1.0,5.0;n104,0.95,4.75;n233,0.9,4.5)base(n11,1.0,5.0;n148,0.95,4.75;n35,0.9,4.5)||<p>Saffron, pear and mandarin over a jasmine, ylang-ylang and lily heart, settling on amber, cashmere wood and musk. It is a widely cited low-cost alternative to Baccarat Rouge 540, following its airy saffron-and-amber outline with a more floral heart.</p>|3.88;321|22|like_love:130:40.5;like_like:92:28.7;like_ok:49:15.3;like_dislike:29:9.0;like_hate:21:6.5|price_way_overpriced:30:1.5;price_overpriced:50:2.5;price_ok:200:9.9;price_good_value:550:27.1;price_great_value:1200:59.1|gvotes_female:180:9.1;gvotes_more_female:350:17.7;gvotes_unisex:1000:50.5;gvotes_more_male:300:15.2;gvotes_male:150:7.6|longevity_very_weak:60:3.3;longevity_weak:200:11.0;longevity_moderate:650:35.9;longevity_long_lasting:700:38.7;longevity_eternal:200:11.0|sillage_intimate:70:4.8;sillage_moderate:550:37.4;sillage_strong:650:44.2;sillage_enormous:200:13.6|season_winter:170:100.0;season_spring:131:77.06;season_summer:73:42.94;season_fall:169:99.41|season_day:129:84.87;season_night:152:100.0|pros(Very affordable Baccarat Rouge 540 alternative,22,1;Sweet, airy amber that suits any gender,20,1)cons(Projection fades fairly quickly,11,1;Can smell thin up close,10,1)|||900316:1000:100||
900312||Maison Francis Kurkdjian;b60|724|2022|gender_for_women_and_men||||||a17:100;a33:85;a20:80;a3:65;a11:55;a51:45;a6:35|top(n72,1.0,5.0;n3,0.95,4.75)middle(n6,1.0,5.0;n32,0.95,4.75)base(n17,1.0,5.0;n110,0.95,4.75)|Francis Kurkdjian;p34|<p>Sparkling aldehydes and bergamot lead into jasmine and a white-flower accord, settling on sandalwood and white musk. It smells crisp, soapy and freshly laundered, easy to wear every day.</p>|4;3400|238|like_love:1450:43.5;like_like:1000:30.0;like_ok:550:16.5;like_dislike:200:6.0;like_hate:130:3.9|price_way_overpriced:600:34.7;price_overpriced:550:31.8;price_ok:410:23.7;price_good_value:120:6.9;price_great_value:50:2.9|gvotes_female:600:18.3;gvotes_more_female:650:19.8;gvotes_unisex:1700:51.8;gvotes_more_male:230:7.0;gvotes_male:100:3.0|longevity_very_weak:120:5.9;longevity_weak:290:14.4;longevity_moderate:850:42.1;longevity_long_lasting:600:29.7;longevity_eternal:160:7.9|sillage_intimate:270:14.0;sillage_moderate:900:46.6;sillage_strong:600:31.1;sillage_enormous:160:8.3|season_winter:1000:45.45;season_spring:2200:100.0;season_summer:1900:86.36;season_fall:1350:61.36|season_day:2450:100.0;season_night:850:34.69|pros(Clean, polished white-floral feel,82,3;Very easy to wear in offices and daytime,75,3;Bright aldehydic lift without being old-fashioned,68,3)cons(Can read as expensive soap,37,2;Musky base fades closer to skin after a few hours,34,2)|||||
900313||Maison Francis Kurkdjian;b60|À la Rose|2014|gender_for_women||||||a30:100;a11:50;a3:45;a21:40;a10:30;a20:30;a6:25|top(n3,1.0,5.0;n94,0.95,4.75)middle(n295,1.0,5.0;n66,0.95,4.75;n153,0.9,4.5;n132,0.85,4.25)base(n9,1.0,5.0;n35,0.95,4.75)|Francis Kurkdjian;p34|<p>A luminous, airy rose lifted by citrus and a touch of violet, graceful and effortless. It feels like a bouquet of pale pink roses in sunlight.</p>|4;3500|245|like_love:1400:43.5;like_like:1100:34.2;like_ok:500:15.5;like_dislike:150:4.7;like_hate:70:2.2|price_way_overpriced:700:28.5;price_overpriced:900:36.6;price_ok:600:24.4;price_good_value:200:8.1;price_great_value:60:2.4|gvotes_female:1900:65.7;gvotes_more_female:700:24.2;gvotes_unisex:250:8.7;gvotes_more_male:20:0.7;gvotes_male:20:0.7|longevity_very_weak:150:6.2;longevity_weak:450:18.6;longevity_moderate:1100:45.5;longevity_long_lasting:600:24.8;longevity_eternal:120:5.0|sillage_intimate:300:13.5;sillage_moderate:1200:54.1;sillage_strong:600:27.0;sillage_enormous:120:5.4|season_winter:400:14.29;season_spring:2800:100.0;season_summer:1500:53.57;season_fall:600:21.43|season_day:2800:100.0;season_night:600:21.43|pros(Radiant, elegant rose,84,4;Refined and light,77,4;Lovely for weddings,70,4)cons(High price,39,2;Moderate staying power,35,2)|||||
900314||Maison Francis Kurkdjian;b60|Amyris Homme|2012|gender_for_men||||||a6:100;a1:80;a36:70;a3:60;a13:50;a21:45|top(n15,1.0,5.0;n42,0.95,4.75)middle(n161,1.0,5.0;n394,0.95,4.75)base(n30,1.0,5.0;n39,0.95,4.75)|Francis Kurkdjian;p34|<p>Herbal rosemary and mandarin open onto a smooth heart of amyris wood and powdery iris, drying down to tonka and soft woods. The result is a refined, lightly sweet woody scent with a gentle, polished feel.</p>|4.1;2400|168|like_love:1100:46.0;like_like:750:31.4;like_ok:350:14.6;like_dislike:120:5.0;like_hate:70:2.9|price_way_overpriced:410:34.2;price_overpriced:380:31.7;price_ok:290:24.2;price_good_value:80:6.7;price_great_value:40:3.3|gvotes_female:70:3.1;gvotes_more_female:90:4.0;gvotes_unisex:460:20.3;gvotes_more_male:850:37.4;gvotes_male:800:35.2|longevity_very_weak:90:6.2;longevity_weak:200:13.7;longevity_moderate:650:44.5;longevity_long_lasting:420:28.8;longevity_eternal:100:6.8|sillage_intimate:220:15.9;sillage_moderate:700:50.7;sillage_strong:380:27.5;sillage_enormous:80:5.8|season_winter:1250:80.65;season_spring:1550:100.0;season_summer:950:61.29;season_fall:1500:96.77|season_day:1750:100.0;season_night:850:48.57|pros(Smooth, well-blended woody-iris profile,58,2;Suits office wear and dressier occasions,53,2;Gentle sweetness keeps it approachable,48,2)cons(Soft projection after the opening,26,1;Costly for an eau de toilette,24,1)|||||
900315||Maison Francis Kurkdjian;b60|Aqua Universalis|2009|gender_for_women_and_men||||||a3:100;a20:72;a11:65;a17:58;a51:50;a6:30|top(n3,1.0,5.0;n2,0.95,4.75)middle(n64,1.0,5.0;n32,0.95,4.75)base(n35,1.0,5.0;n39,0.95,4.75)|Francis Kurkdjian;p34|<p>A crystalline citrus and white-flower freshness on a soft musk base, evoking crisp linen drying in the sun. Clean, bright and quietly luxurious.</p>|3.95;4900|343|like_love:2000:38.1;like_like:1900:36.2;like_ok:900:17.1;like_dislike:300:5.7;like_hate:150:2.9|price_way_overpriced:700:17.1;price_overpriced:1300:31.7;price_ok:1400:34.1;price_good_value:500:12.2;price_great_value:200:4.9|gvotes_female:500:10.4;gvotes_more_female:700:14.6;gvotes_unisex:2800:58.3;gvotes_more_male:500:10.4;gvotes_male:300:6.3|longevity_very_weak:300:6.3;longevity_weak:900:18.9;longevity_moderate:2000:42.1;longevity_long_lasting:1200:25.3;longevity_eternal:350:7.4|sillage_intimate:800:18.2;sillage_moderate:2400:54.5;sillage_strong:1000:22.7;sillage_enormous:200:4.5|season_winter:400:9.52;season_spring:3800:90.48;season_summer:4200:100.0;season_fall:700:16.67|season_day:4500:100.0;season_night:700:15.56|pros(Pristine clean-laundry freshness,118,5;Surprisingly tenacious musk base,108,5;Impossible to offend,98,5)cons(Very expensive for a clean scent,54,2;Can read as detergent,49,2)|||||
900316||Maison Francis Kurkdjian;b60|Baccarat Rouge 540|2015|gender_for_women_and_men||||||a15:100;a6:80;a14:55;a13:50;a31:35;a17:30|top(n40,1.0,5.0;n6,0.95,4.75)middle(n130,1.0,5.0;n36,0.95,4.75)base(n155,1.0,5.0;n9,0.95,4.75)|Francis Kurkdjian;p34|<p>A bright, airy mix of saffron, jasmine and ambery woods with a burnt-sugar sheen. Instantly recognizable, it radiates from across the room.</p>|4;26000|1820|like_love:12000:46.2;like_like:6000:23.1;like_ok:3500:13.5;like_dislike:2500:9.6;like_hate:2000:7.7|price_way_overpriced:5000:31.3;price_overpriced:5500:34.4;price_ok:3500:21.9;price_good_value:1300:8.1;price_great_value:700:4.4|gvotes_female:5000:22.8;gvotes_more_female:5500:25.1;gvotes_unisex:9000:41.1;gvotes_more_male:1500:6.8;gvotes_male:900:4.1|longevity_very_weak:400:2.4;longevity_weak:1000:5.9;longevity_moderate:3000:17.8;longevity_long_lasting:7000:41.4;longevity_eternal:5500:32.5|sillage_intimate:600:3.8;sillage_moderate:2800:17.6;sillage_strong:7000:44.0;sillage_enormous:5500:34.6|season_winter:13000:96.3;season_spring:8000:59.26;season_summer:3000:22.22;season_fall:13500:100.0|season_day:9000:60.0;season_night:15000:100.0|pros(Huge sillage and longevity,624,26;Unique, radiant signature,572,26;Draws endless compliments,520,26)cons(Very expensive,286,13;Ubiquitous and polarizing,260,13)|||||
900317||Maison Francis Kurkdjian;b60|Baccarat Rouge 540 Extrait de Parfum|2017|gender_for_women_and_men||||||a15:100;a6:72;a14:58;a25:50;a13:45;a9:30|top(n40,1.0,5.0;n52,0.95,4.75)middle(n6,1.0,5.0;n9,0.95,4.75)base(n36,1.0,5.0;n39,0.95,4.75;n35,0.9,4.5)|Francis Kurkdjian;p34|<p>A denser, darker version of Baccarat Rouge 540: saffron and bitter almond over jasmine and cedar, settling on a salty ambergris and musk base. It reads richer and more almond-sweet than the eau de parfum.</p>|4.3;14000|980|like_love:8500:62.5;like_like:3000:22.1;like_ok:1100:8.1;like_dislike:500:3.7;like_hate:500:3.7|price_way_overpriced:6500:55.1;price_overpriced:3200:27.1;price_ok:1400:11.9;price_good_value:400:3.4;price_great_value:300:2.5|gvotes_female:2200:16.9;gvotes_more_female:2400:18.5;gvotes_unisex:7000:53.8;gvotes_more_male:1000:7.7;gvotes_male:400:3.1|longevity_very_weak:250:2.0;longevity_weak:400:3.2;longevity_moderate:1500:12.1;longevity_long_lasting:5000:40.5;longevity_eternal:5200:42.1|sillage_intimate:350:3.0;sillage_moderate:1600:13.6;sillage_strong:4800:40.9;sillage_enormous:5000:42.6|season_winter:9000:90.0;season_spring:5500:55.0;season_summer:2500:25.0;season_fall:10000:100.0|season_day:5000:45.45;season_night:11000:100.0|pros(Richer and more almond-forward than the EDP,336,14;Very long-lasting on skin and clothes,308,14;Distinctive saffron-amber trail,280,14)cons(Very high price,168,7;Scent profile widely imitated by cheaper alternatives,154,7;Heavy in hot weather,140,7)|||||
900318||Maison Francis Kurkdjian;b60|Gentle Fluidity Gold|2019|gender_for_women_and_men||||||a12:100;a20:85;a15:70;a13:65;a14:50;a6:45;a1:35|middle(n225,1.0,5.0;n108,0.95,4.75;n93,0.9,4.5;n35,0.85,4.25;n29,0.8,4.0;n130,0.75,3.75)|Francis Kurkdjian;p34|<p>A soft vanilla and musk blend lifted by coriander and a hint of nutmeg over ambery woods. Warm, smooth and fairly close to the skin; the sweeter, warmer counterpart to the juniper-led Silver edition.</p>|4;3500|245|like_love:1496:45.0;like_like:1064:32.0;like_ok:499:15.0;like_dislike:166:5.0;like_hate:100:3.0|price_way_overpriced:735:30.0;price_overpriced:808:33.0;price_ok:612:25.0;price_good_value:196:8.0;price_great_value:98:4.0|gvotes_female:378:12.0;gvotes_more_female:630:20.0;gvotes_unisex:1418:45.0;gvotes_more_male:472:15.0;gvotes_male:252:8.0|longevity_very_weak:131:5.0;longevity_weak:394:15.0;longevity_moderate:1181:45.0;longevity_long_lasting:735:28.0;longevity_eternal:184:7.0|sillage_intimate:788:30.0;sillage_moderate:1312:50.0;sillage_strong:420:16.0;sillage_enormous:105:4.0|season_winter:2625:100.0;season_spring:1575:60.0;season_summer:525:20.0;season_fall:2450:93.33|season_day:1925:78.57;season_night:2450:100.0|pros(Comforting, easy vanilla-musk,84,4;Genuinely unisex,77,4;Pleasant close-range warmth,70,4)cons(Soft projection for the price,39,2;Can seem simple,35,2)|||||
900319||Maison Francis Kurkdjian;b60|Gentle Fluidity Silver|2019|gender_for_women_and_men||||||a7:100;a20:85;a6:75;a15:65;a1:55;a12:35|top(n225,1.0,5.0;n108,0.95,4.75;n93,0.9,4.5)middle(n35,1.0,5.0)base(n130,1.0,5.0;n29,0.95,4.75)|Francis Kurkdjian;p34|<p>Gin-like juniper, nutmeg and coriander sit over clean musk and a dry amberwood base, with vanilla kept faint in the background. It reads cool, spicy and airy rather than sweet.</p>|4;3200|224|like_love:1300:41.3;like_like:950:30.2;like_ok:550:17.5;like_dislike:220:7.0;like_hate:130:4.1|price_way_overpriced:550:34.6;price_overpriced:500:31.4;price_ok:380:23.9;price_good_value:110:6.9;price_great_value:50:3.1|gvotes_female:240:7.9;gvotes_more_female:300:9.8;gvotes_unisex:1900:62.3;gvotes_more_male:430:14.1;gvotes_male:180:5.9|longevity_very_weak:100:5.3;longevity_weak:210:11.1;longevity_moderate:750:39.5;longevity_long_lasting:650:34.2;longevity_eternal:190:10.0|sillage_intimate:180:9.7;sillage_moderate:750:40.5;sillage_strong:700:37.8;sillage_enormous:220:11.9|season_winter:1150:54.76;season_spring:2100:100.0;season_summer:1550:73.81;season_fall:1850:88.1|season_day:2300:100.0;season_night:1250:54.35|pros(Cool juniper-spice profile that feels modern,76,3;Works across seasons and settings,70,3;Clean musky trail that is easy to wear,64,3)cons(Amberwood base can feel sharp to some noses,35,2;Moderate performance for the price,32,2)|||||
900320||Maison Francis Kurkdjian;b60|Grand Soir|2016|gender_for_women_and_men||||||a15:100;a31:70;a12:60;a13:55;a14:45;a21:35;a6:30|top(n92,1.0,5.0;n94,0.95,4.75)middle(n13,1.0,5.0;n90,0.95,4.75)base(n11,1.0,5.0;n29,0.95,4.75;n30,0.9,4.5;n35,0.85,4.25;n9,0.8,4.0)|Francis Kurkdjian;p34|<p>A deep, resinous amber built on labdanum and benzoin, with a soft lavender edge and a vanilla-tonka drydown. Warm and smooth rather than sticky, and made for dressed-up nights.</p>|4.3;6000|420|like_love:3500:60.0;like_like:1600:27.4;like_ok:500:8.6;like_dislike:150:2.6;like_hate:80:1.4|price_way_overpriced:800:17.4;price_overpriced:1500:32.6;price_ok:1400:30.4;price_good_value:600:13.0;price_great_value:300:6.5|gvotes_female:200:4.0;gvotes_more_female:500:10.0;gvotes_unisex:3200:64.0;gvotes_more_male:800:16.0;gvotes_male:300:6.0|longevity_very_weak:50:1.0;longevity_weak:150:3.1;longevity_moderate:900:18.8;longevity_long_lasting:2300:47.9;longevity_eternal:1400:29.2|sillage_intimate:150:3.2;sillage_moderate:1100:23.7;sillage_strong:2400:51.6;sillage_enormous:1000:21.5|season_winter:4500:100.0;season_spring:800:17.78;season_summer:300:6.67;season_fall:3500:77.78|season_day:1500:33.33;season_night:4500:100.0|pros(Rich, glowing amber,144,6;Excellent longevity,132,6;Elegant, not cloying,120,6)cons(Very pricey,72,3;Little development,66,3;Heavy in mild weather,60,3)|||||
900321||Maison Francis Kurkdjian;b60|L'Homme À la Rose|2020|gender_for_men||||||a30:100;a3:85;a6:65;a11:55;a1:45;a15:40|middle(n87,1.0,5.0;n47,0.95,4.75;n66,0.9,4.5;n295,0.85,4.25;n130,0.8,4.0)|Francis Kurkdjian;p34|<p>Sharp grapefruit and sage frame Damask and centifolia roses over a clean amberwood base. It is a bright, dewy rose rather than a jammy one, presented with a masculine, citrus-led angle.</p>|3.95;2100|147|like_love:800:39.2;like_like:650:31.9;like_ok:370:18.1;like_dislike:140:6.9;like_hate:80:3.9|price_way_overpriced:360:34.3;price_overpriced:340:32.4;price_ok:250:23.8;price_good_value:70:6.7;price_great_value:30:2.9|gvotes_female:120:6.0;gvotes_more_female:280:14.0;gvotes_unisex:1000:50.0;gvotes_more_male:400:20.0;gvotes_male:200:10.0|longevity_very_weak:80:6.4;longevity_weak:190:15.2;longevity_moderate:550:44.0;longevity_long_lasting:340:27.2;longevity_eternal:90:7.2|sillage_intimate:170:14.4;sillage_moderate:550:46.6;sillage_strong:360:30.5;sillage_enormous:100:8.5|season_winter:600:44.44;season_spring:1350:100.0;season_summer:1100:81.48;season_fall:750:55.56|season_day:1500:100.0;season_night:600:40.0|pros(Fresh, modern way to wear rose,50,2;Grapefruit keeps it crisp and daytime-friendly,46,2;Easy to share across genders,42,2)cons(Grapefruit-rose pairing can smell sharp,23,1;Not much depth for the price,21,1)|||||
900322||Maison Francis Kurkdjian;b60|Oud Satin Mood|2015|gender_for_women_and_men||||||a32:100;a30:90;a12:75;a13:65;a15:60;a41:50;a21:45|middle(n68,1.0,5.0;n246,0.95,4.75;n228,0.9,4.5;n153,0.85,4.25;n90,0.8,4.0;n29,0.75,3.75)|Francis Kurkdjian;p34|<p>Rose and oud smoothed with violet, benzoin and vanilla into a plush, sweet and velvety blend, with none of the medicinal or animalic sharpness some ouds have. Dense and long-wearing with a sweet ambery trail.</p>|4.2;7000|490|like_love:2992:45.0;like_like:2128:32.0;like_ok:998:15.0;like_dislike:332:5.0;like_hate:200:3.0|price_way_overpriced:1470:30.0;price_overpriced:1617:33.0;price_ok:1225:25.0;price_good_value:392:8.0;price_great_value:196:4.0|gvotes_female:756:12.0;gvotes_more_female:1260:20.0;gvotes_unisex:2835:45.0;gvotes_more_male:945:15.0;gvotes_male:504:8.0|longevity_very_weak:105:2.0;longevity_weak:262:5.0;longevity_moderate:1050:20.0;longevity_long_lasting:2258:43.0;longevity_eternal:1575:30.0|sillage_intimate:262:5.0;sillage_moderate:1312:25.0;sillage_strong:2205:42.0;sillage_enormous:1470:28.0|season_winter:5950:100.0;season_spring:1750:29.41;season_summer:350:5.88;season_fall:4550:76.47|season_day:2450:38.89;season_night:6300:100.0|pros(Very smooth, approachable oud,168,7;Huge longevity and projection,154,7;Luxurious, rich feel,140,7)cons(Easy to overwhelm a room,77,4;Too sweet and heavy for some,70,4)|||||
900323||Maison Margiela;b61|Replica Beach Walk|2012|gender_for_women_and_men||||||a39:100;a3:70;a20:60;a17:55;a13:48;a38:40|top(n3,1.0,5.0;n2,0.95,4.75;n19,0.9,4.5)middle(n104,1.0,5.0;n395,0.95,4.75;n287,0.9,4.5)base(n35,1.0,5.0;n9,0.95,4.75;n90,0.9,4.5)|Jacques Cavallier Belletrud;p110;Marie Salamagne;p111|<p>A soft beachy blend of bergamot, coconut milk and ylang over musk, recalling sunscreen on warm skin during a stroll along the shore. Light, carefree and pleasantly nostalgic.</p>|3.85;5800|406|like_love:2500:39.1;like_like:2300:35.9;like_ok:1000:15.6;like_dislike:400:6.3;like_hate:200:3.1|price_way_overpriced:500:10.0;price_overpriced:1200:24.0;price_ok:2000:40.0;price_good_value:900:18.0;price_great_value:400:8.0|gvotes_female:1800:32.1;gvotes_more_female:1500:26.8;gvotes_unisex:2000:35.7;gvotes_more_male:200:3.6;gvotes_male:100:1.8|longevity_very_weak:900:15.7;longevity_weak:1800:31.3;longevity_moderate:2200:38.3;longevity_long_lasting:700:12.2;longevity_eternal:150:2.6|sillage_intimate:1200:23.8;sillage_moderate:2800:55.4;sillage_strong:900:17.8;sillage_enormous:150:3.0|season_winter:200:3.64;season_spring:3200:58.18;season_summer:5500:100.0;season_fall:400:7.27|season_day:5200:100.0;season_night:800:15.38|pros(Convincing sunscreen-on-skin vibe,140,6;Light coconut that avoids gourmand heaviness,128,6;Cheerful and wearable,116,6)cons(Soft projection,64,3;Sunscreen association is not for everyone,58,3)|||||
900324||Maison Margiela;b61|Replica Bubble Bath|2020|gender_for_women_and_men||||||a51:100;a20:82;a8:62;a11:55;a39:45;a21:40|middle(n13,1.0,5.0;n395,0.95,4.75;n110,0.9,4.5)||<p>A foamy, clean soap accord of lavender, coconut milk and white musk meant to recall a warm bath. Soft and cosy, it stays mostly close to the skin.</p>|3.9;5100|357|like_love:1560:34.0;like_like:1650:35.9;like_ok:920:20.0;like_dislike:320:7.0;like_hate:140:3.1|price_way_overpriced:640:18.0;price_overpriced:1070:30.1;price_ok:1210:34.0;price_good_value:430:12.1;price_great_value:210:5.9|gvotes_female:920:20.0;gvotes_more_female:1100:24.0;gvotes_unisex:2110:46.0;gvotes_more_male:320:7.0;gvotes_male:140:3.1|longevity_very_weak:570:14.0;longevity_weak:1310:32.1;longevity_moderate:1630:39.9;longevity_long_lasting:490:12.0;longevity_eternal:82:2.0|sillage_intimate:1350:33.9;sillage_moderate:1990:50.0;sillage_strong:560:14.1;sillage_enormous:80:2.0|season_winter:1780:41.01;season_spring:4340:100.0;season_summer:3570:82.26;season_fall:2040:47.0|season_day:4690:100.0;season_night:1780:37.95|pros(Clean, freshly-bathed feel,112,5;Safe for office and daytime,102,5)cons(Short-lived for the price,56,3;Quiet projection,51,3)|||||
900325||Maison Margiela;b61|Replica By the Fireplace|2015|gender_for_women_and_men||||||a24:100;a6:80;a12:70;a13:55;a14:50;a34:45;a31:35|top(n19,1.0,5.0;n27,0.95,4.75;n56,0.9,4.5)middle(n319,1.0,5.0;n70,0.95,4.75;n8,0.9,4.5)base(n29,1.0,5.0;n309,0.95,4.75;n207,0.9,4.5)|Marie Salamagne;p111|<p>Clove and orange blossom give way to roasted chestnut, smouldering guaiac wood and vanilla, like wool socks drying next to a hearth. Warm, nostalgic and easy to wear.</p>|4;11000|770|like_love:5000:44.6;like_like:3500:31.3;like_ok:1800:16.1;like_dislike:600:5.4;like_hate:300:2.7|price_way_overpriced:500:5.8;price_overpriced:1800:20.9;price_ok:3500:40.7;price_good_value:2000:23.3;price_great_value:800:9.3|gvotes_female:600:6.4;gvotes_more_female:1200:12.8;gvotes_unisex:5500:58.5;gvotes_more_male:1500:16.0;gvotes_male:600:6.4|longevity_very_weak:300:3.2;longevity_weak:1200:12.9;longevity_moderate:4000:43.0;longevity_long_lasting:3000:32.3;longevity_eternal:800:8.6|sillage_intimate:800:8.9;sillage_moderate:4500:50.0;sillage_strong:3000:33.3;sillage_enormous:700:7.8|season_winter:9500:100.0;season_spring:1000:10.53;season_summer:300:3.16;season_fall:7500:78.95|season_day:4500:69.23;season_night:6500:100.0|pros(Realistic woodsmoke,264,11;Comforting chestnut sweetness,242,11;Easy for anyone to wear,220,11)cons(Moderate longevity,132,6;Smoke can feel too literal,121,6;Costs more per ml than designer scents,110,6)|||||
900326||Maison Margiela;b61|Replica Coffee Break|2019|gender_for_women_and_men||||||a48:100;a38:78;a8:62;a13:55;a1:45;a21:35|middle(n200,1.0,5.0;n382,0.95,4.75;n13,0.9,4.5)||<p>Milky coffee paired with lavender, giving a soft latte-like gourmand that is creamy rather than roasted and bitter. Relaxed and comforting, with modest projection.</p>|3.95;4000|280|like_love:1300:36.0;like_like:1300:36.0;like_ok:650:18.0;like_dislike:250:6.9;like_hate:110:3.0|price_way_overpriced:500:17.9;price_overpriced:840:30.0;price_ok:950:33.9;price_good_value:340:12.1;price_great_value:170:6.1|gvotes_female:500:13.9;gvotes_more_female:720:20.0;gvotes_unisex:1800:50.0;gvotes_more_male:400:11.1;gvotes_male:180:5.0|longevity_very_weak:450:14.1;longevity_weak:1020:31.9;longevity_moderate:1280:40.1;longevity_long_lasting:380:11.9;longevity_eternal:64:2.0|sillage_intimate:1000:32.0;sillage_moderate:1620:51.9;sillage_strong:440:14.1;sillage_enormous:62:2.0|season_winter:3200:94.12;season_spring:1800:52.94;season_summer:480:14.12;season_fall:3400:100.0|season_day:3200:100.0;season_night:2000:62.5|pros(Cosy milky coffee,88,4;Not overly sweet,80,4)cons(Weak longevity,44,2;Very soft projection,40,2)|||||
900327||Maison Margiela;b61|Replica Jazz Club|2013|gender_for_men||||||a28:100;a50:85;a13:70;a12:60;a1:45;a6:40;a7:30|top(n19,1.0,5.0;n103,0.95,4.75;n2,0.9,4.5)middle(n217,1.0,5.0;n160,0.95,4.75;n396,0.9,4.5)base(n55,1.0,5.0;n29,0.95,4.75;n257,0.9,4.5)|Alienor Massenet;p112|<p>Pink pepper and neroli open onto a smooth heart of rum and clary sage before sweet tobacco leaf, vanilla and styrax take over. Mellow, cosy and easy to like.</p>|4;9000|630|like_love:3800:41.1;like_like:3200:34.6;like_ok:1500:16.2;like_dislike:500:5.4;like_hate:250:2.7|price_way_overpriced:400:5.8;price_overpriced:1400:20.3;price_ok:3000:43.5;price_good_value:1500:21.7;price_great_value:600:8.7|gvotes_female:200:2.5;gvotes_more_female:400:4.9;gvotes_unisex:2500:30.9;gvotes_more_male:2500:30.9;gvotes_male:2500:30.9|longevity_very_weak:300:4.0;longevity_weak:1200:16.0;longevity_moderate:3500:46.7;longevity_long_lasting:2000:26.7;longevity_eternal:500:6.7|sillage_intimate:700:9.6;sillage_moderate:3800:52.1;sillage_strong:2300:31.5;sillage_enormous:500:6.8|season_winter:6500:92.86;season_spring:1800:25.71;season_summer:500:7.14;season_fall:7000:100.0|season_day:3000:46.15;season_night:6500:100.0|pros(Smooth boozy tobacco,216,9;Cosy without being heavy,198,9;Easy to wear through the cool months,180,9)cons(Average longevity,108,5;Can smell synthetic,99,5;Quiet after a few hours,90,5)|||||
900328||Maison Margiela;b61|Replica Lazy Sunday Morning|2013|gender_for_women_and_men||||||a20:100;a21:70;a33:55;a51:50;a9:45;a10:35;a36:30|top(n76,1.0,5.0;n72,0.95,4.75;n64,0.9,4.5)middle(n161,1.0,5.0;n7,0.95,4.75;n27,0.9,4.5)base(n110,1.0,5.0;n129,0.95,4.75;n18,0.9,4.5)|Louise Turner;p46|<p>A soft cloud of white musk brightened by aldehydes, pear and a touch of lily of the valley, with powdery iris underneath. It reads calm, clean and close to the skin, like a slow start to a day off.</p>|3.9;6500|455|like_love:2800:43.4;like_like:2200:34.1;like_ok:1000:15.5;like_dislike:300:4.7;like_hate:150:2.3|price_way_overpriced:600:12.9;price_overpriced:1300:28.0;price_ok:1800:38.7;price_good_value:700:15.1;price_great_value:250:5.4|gvotes_female:2200:39.1;gvotes_more_female:1500:26.6;gvotes_unisex:1700:30.2;gvotes_more_male:150:2.7;gvotes_male:80:1.4|longevity_very_weak:500:10.8;longevity_weak:1400:30.1;longevity_moderate:2000:43.0;longevity_long_lasting:600:12.9;longevity_eternal:150:3.2|sillage_intimate:1500:35.7;sillage_moderate:2100:50.0;sillage_strong:500:11.9;sillage_enormous:100:2.4|season_winter:900:16.36;season_spring:5500:100.0;season_summer:4000:72.73;season_fall:1700:30.91|season_day:5800:100.0;season_night:900:15.52|pros(Comforting clean-laundry feel,156,7;Very office-safe,143,7;Easy pick for musk lovers,130,7)cons(Weak projection,79,3;Fades within a few hours,72,3;Can smell like detergent,65,3)|||||
900329||Maison Margiela;b61|Replica Whispers in the Library|2019|gender_for_women_and_men||||||a12:100;a6:80;a14:60;a15:50;a21:45;a13:40|top(n111,1.0,5.0)middle(n29,1.0,5.0)base(n9,1.0,5.0)||<p>Soft vanilla and dry cedar under a light peppery opening, often likened to the papery, wooden warmth of a quiet reading room. It stays close to the skin and comes across as calm and cosy rather than sugary.</p>|3.9;6500|455|like_love:2800:43.8;like_like:2200:34.4;like_ok:900:14.1;like_dislike:350:5.5;like_hate:150:2.3|price_way_overpriced:500:13.0;price_overpriced:1100:28.6;price_ok:1600:41.6;price_good_value:450:11.7;price_great_value:200:5.2|gvotes_female:700:12.2;gvotes_more_female:1100:19.1;gvotes_unisex:3200:55.7;gvotes_more_male:500:8.7;gvotes_male:250:4.3|longevity_very_weak:700:12.8;longevity_weak:1500:27.5;longevity_moderate:2300:42.2;longevity_long_lasting:800:14.7;longevity_eternal:150:2.8|sillage_intimate:1600:31.9;sillage_moderate:2600:51.8;sillage_strong:700:13.9;sillage_enormous:120:2.4|season_winter:4200:80.77;season_spring:2600:50.0;season_summer:900:17.31;season_fall:5200:100.0|season_day:4800:100.0;season_night:3600:75.0|pros(Gentle vanilla-and-wood warmth,156,7;Easy to wear in close quarters,143,7;Distinctive bookish mood,130,7)cons(Short-lived and quiet,79,3;Pricey for an eau de toilette,72,3;Can read as a plain vanilla,65,3)|||||
900330||Mancera;b62|Cedrat Boise|2011|gender_for_women_and_men||||||a3:100;a6:85;a10:65;a7:50;a23:40;a18:38;a22:32|top(n262,1.0,5.0;n3,0.95,4.75;n294,0.9,4.5;n342,0.85,4.25)middle(n317,1.0,5.0;n397,0.95,4.75;n164,0.9,4.5)base(n9,1.0,5.0;n85,0.95,4.75;n17,0.9,4.5;n34,0.85,4.25;n29,0.8,4.0;n110,0.75,3.75)||<p>Sicilian lemon and blackcurrant with a cool spice lift over water jasmine and patchouli leaf, drying down to cedar, sandalwood, leather, oakmoss and a touch of vanilla. Fresh, fruity-woody and polished.</p>|4.2;9500|665|like_love:5000:54.1;like_like:2700:29.2;like_ok:1000:10.8;like_dislike:350:3.8;like_hate:200:2.2|price_way_overpriced:350:4.6;price_overpriced:800:10.6;price_ok:2600:34.4;price_good_value:2500:33.1;price_great_value:1300:17.2|gvotes_female:250:2.7;gvotes_more_female:400:4.3;gvotes_unisex:3000:32.1;gvotes_more_male:3000:32.1;gvotes_male:2700:28.9|longevity_very_weak:150:1.9;longevity_weak:350:4.4;longevity_moderate:1900:23.8;longevity_long_lasting:3700:46.3;longevity_eternal:1900:23.8|sillage_intimate:200:2.7;sillage_moderate:1900:25.7;sillage_strong:3700:50.0;sillage_enormous:1600:21.6|season_winter:1600:22.86;season_spring:7000:100.0;season_summer:5500:78.57;season_fall:3800:54.29|season_day:7500:100.0;season_night:2400:32.0|pros(Versatile fresh-woody profile,228,10;Strong longevity for a citrus,209,10;Good value among niche houses,190,10)cons(Opening can be sharp,115,5;Common in niche circles,105,5;Loud if overapplied,95,5)|||||
900331||Mancera;b62|Instant Crush|2019|gender_for_women_and_men||||||a15:100;a13:80;a14:60;a12:55;a3:45;a9:40;a6:38|top(n398,1.0,5.0;n40,0.95,4.75;n24,0.9,4.5)middle(n399,1.0,5.0;n53,0.95,4.75;n11,0.9,4.5)base(n17,1.0,5.0;n34,0.95,4.75;n29,0.9,4.5;n110,0.85,4.25)||<p>Citrus, saffron and ginger open onto Moroccan rose, jasmine and a warm amber heart, drying down to vanilla, sandalwood, oakmoss and white musk. Sweet, radiant and ambery, with a noticeable trail.</p>|4.2;5500|385|like_love:3100:56.4;like_like:1400:25.5;like_ok:600:10.9;like_dislike:250:4.5;like_hate:150:2.7|price_way_overpriced:250:5.5;price_overpriced:500:11.0;price_ok:1500:33.0;price_good_value:1500:33.0;price_great_value:800:17.6|gvotes_female:900:18.2;gvotes_more_female:1100:22.2;gvotes_unisex:2400:48.5;gvotes_more_male:350:7.1;gvotes_male:200:4.0|longevity_very_weak:60:1.2;longevity_weak:150:3.1;longevity_moderate:800:16.6;longevity_long_lasting:2300:47.8;longevity_eternal:1500:31.2|sillage_intimate:90:2.0;sillage_moderate:700:15.3;sillage_strong:2300:50.1;sillage_enormous:1500:32.7|season_winter:3300:94.29;season_spring:2000:57.14;season_summer:700:20.0;season_fall:3500:100.0|season_day:2300:65.71;season_night:3500:100.0|pros(Radiant, easy-to-like amber sweetness,132,6;Excellent longevity,121,6;Easy for anyone to wear,110,6)cons(Can be too sweet for some,67,3;Strong sillage needs a light hand,61,3;Heavy in heat,55,3)|||||
900332||Mancera;b62|Red Tobacco|2017|gender_for_women_and_men||||||a14:100;a28:85;a32:60;a15:60;a13:50;a10:40;a24:40|top(n40,1.0,5.0;n25,0.95,4.75;n23,0.9,4.5;n108,0.85,4.25;n369,0.8,4.0;n105,0.75,3.75;n400,0.7,3.5)middle(n397,1.0,5.0;n6,0.95,4.75)base(n60,1.0,5.0;n11,0.95,4.75;n39,0.9,4.5;n16,0.85,4.25;n29,0.8,4.0;n110,0.75,3.75)||<p>Cinnamon, saffron, nutmeg and incense wrap around green apple, white peach and oud, then settle into a thick tobacco, amber and vanilla base. Spicy, fruity and smoky at once, with a room-filling presence.</p>|4.2;7000|490|like_love:4000:58.0;like_like:1700:24.6;like_ok:700:10.1;like_dislike:300:4.3;like_hate:200:2.9|price_way_overpriced:250:4.4;price_overpriced:500:8.8;price_ok:1500:26.5;price_good_value:2000:35.4;price_great_value:1400:24.8|gvotes_female:150:2.2;gvotes_more_female:200:3.0;gvotes_unisex:2300:34.1;gvotes_more_male:2100:31.1;gvotes_male:2000:29.6|longevity_very_weak:60:0.9;longevity_weak:120:1.9;longevity_moderate:600:9.4;longevity_long_lasting:2500:39.2;longevity_eternal:3100:48.6|sillage_intimate:80:1.3;sillage_moderate:500:8.4;sillage_strong:2200:36.8;sillage_enormous:3200:53.5|season_winter:5300:100.0;season_spring:900:16.98;season_summer:300:5.66;season_fall:4700:88.68|season_day:2000:40.0;season_night:5000:100.0|pros(Enormous projection and longevity,168,7;Rich spiced-tobacco character,154,7;Strong value for its performance,140,7)cons(Easy to overspray,84,4;Too dense for warm weather,77,4;Oud and incense can feel harsh up close,70,4)|||||
900333||Marc Jacobs;b63|Daisy|2007|gender_for_women||||||a9:100;a41:80;a10:70;a11:60;a20:50;a17:40;a2:35|top(n265,1.0,5.0;n87,0.95,4.75;n206,0.9,4.5)middle(n153,1.0,5.0;n6,0.95,4.75;n289,0.9,4.5)base(n35,1.0,5.0;n29,0.95,4.75;n154,0.9,4.5)|Alberto Morillas;p38|<p>A light, sunny floral of strawberry and violet leaf over soft musk. Playful, fresh and carefree.</p>|3.85;16100|1127|like_love:6000:37.3;like_like:5500:34.2;like_ok:3000:18.6;like_dislike:1000:6.2;like_hate:600:3.7|price_way_overpriced:600:5.6;price_overpriced:1500:13.9;price_ok:4500:41.7;price_good_value:3000:27.8;price_great_value:1200:11.1|gvotes_female:11000:86.8;gvotes_more_female:1300:10.3;gvotes_unisex:300:2.4;gvotes_more_male:30:0.2;gvotes_male:40:0.3|longevity_very_weak:1500:11.3;longevity_weak:3500:26.3;longevity_moderate:5000:37.6;longevity_long_lasting:2800:21.1;longevity_eternal:500:3.8|sillage_intimate:2500:24.0;sillage_moderate:5500:52.9;sillage_strong:2000:19.2;sillage_enormous:400:3.8|season_winter:1500:12.5;season_spring:12000:100.0;season_summer:9500:79.17;season_fall:2500:20.83|season_day:13000:100.0;season_night:2000:15.38|pros(Very easy to wear,386,16;Cheerful and youthful,354,16;Office friendly,322,16)cons(Weak longevity,193,8;May feel too young for some,177,8;Sheer projection,161,8)|||||
900334||Marc Jacobs;b63|Daisy Dream|2014|gender_for_women||||||a10:100;a9:80;a11:70;a13:60;a17:55;a20:45;a3:40;a37:30|top(n96,1.0,5.0;n87,0.95,4.75;n76,0.9,4.5)middle(n401,1.0,5.0;n6,0.95,4.75;n249,0.9,4.5)base(n128,1.0,5.0;n154,0.95,4.75;n35,0.9,4.5)|Alberto Morillas;p38|<p>A breezy, watery fruity-floral where blackberry, pear and grapefruit lead into soft wisteria, lychee and jasmine, drying down to a faint coconut-water, musk and pale-wood base. Lighter and airier than the original Daisy, with a sheer, hazy feel.</p>|3.86;4300|301|like_love:1642:37.8;like_like:1564:36.0;like_ok:782:18.0;like_dislike:235:5.4;like_hate:117:2.7|price_way_overpriced:156:5.2;price_overpriced:391:13.0;price_ok:1251:41.6;price_good_value:860:28.6;price_great_value:352:11.7|gvotes_female:3049:86.6;gvotes_more_female:352:10.0;gvotes_unisex:98:2.8;gvotes_more_male:8:0.2;gvotes_male:12:0.3|longevity_very_weak:469:12.3;longevity_weak:1016:26.7;longevity_moderate:1485:39.0;longevity_long_lasting:704:18.5;longevity_eternal:137:3.6|sillage_intimate:704:23.1;sillage_moderate:1642:53.9;sillage_strong:586:19.2;sillage_enormous:117:3.8|season_winter:391:11.77;season_spring:3323:100.0;season_summer:3127:94.1;season_fall:704:21.19|season_day:3714:100.0;season_night:704:18.96|pros(Airy and easy to like,104,4;Juicy blackberry and pear opening,95,4;Suits warm daytime wear,86,4)cons(Fades within a few hours,51,2;Can read as a generic fruity-floral,47,2;Soft projection,43,2)|||||
900335||Marc Jacobs;b63|Daisy Eau So Fresh|2011|gender_for_women||||||a10:100;a9:65;a13:55;a11:50;a3:40;a30:30;a41:25|top(n115,1.0,5.0;n87,0.95,4.75;n76,0.9,4.5)middle(n7,1.0,5.0;n153,0.95,4.75;n6,0.9,4.5)base(n136,1.0,5.0;n35,0.95,4.75;n9,0.9,4.5)|Alberto Morillas;p38|<p>A bubbly raspberry-and-grapefruit floral with a light rosy heart, cheerful and carefree. It feels like a sunny spring afternoon.</p>|3.85;14000|980|like_love:5200:36.6;like_like:5500:38.7;like_ok:2200:15.5;like_dislike:900:6.3;like_hate:400:2.8|price_way_overpriced:300:4.1;price_overpriced:1100:15.1;price_ok:3200:43.8;price_good_value:2000:27.4;price_great_value:700:9.6|gvotes_female:9500:82.9;gvotes_more_female:1600:14.0;gvotes_unisex:300:2.6;gvotes_more_male:30:0.3;gvotes_male:30:0.3|longevity_very_weak:1200:11.3;longevity_weak:3000:28.3;longevity_moderate:4200:39.6;longevity_long_lasting:1800:17.0;longevity_eternal:400:3.8|sillage_intimate:1800:19.6;sillage_moderate:5000:54.3;sillage_strong:2000:21.7;sillage_enormous:400:4.3|season_winter:800:7.27;season_spring:11000:100.0;season_summer:9500:86.36;season_fall:1500:13.64|season_day:12000:100.0;season_night:1800:15.0|pros(Easy, happy fruity floral,336,14;Great for warm days,308,14;Safe for most settings,280,14)cons(Fades fairly quickly,154,7;Can feel juvenile,140,7)|||||
900336||Marc Jacobs;b63|Perfect|2020|gender_for_women||||||a25:100;a2:80;a10:72;a13:65;a6:55;a52:50;a38:40;a20:32|top(n304,1.0,5.0;n402,0.95,4.75)middle(n403,1.0,5.0)base(n207,1.0,5.0;n9,0.95,4.75)|Domitille Michalon Bertier;p113|<p>Tart rhubarb and a green daffodil note open onto a milky almond heart that settles into the soft, slightly musky woods of cashmeran and cedar. Creamy and comforting, with a gentle nutty sweetness and a tart green edge.</p>|3.7;5000|350|like_love:1600:33.7;like_like:1500:31.6;like_ok:1000:21.1;like_dislike:400:8.4;like_hate:250:5.3|price_way_overpriced:200:6.9;price_overpriced:500:17.2;price_ok:1300:44.8;price_good_value:650:22.4;price_great_value:250:8.6|gvotes_female:2400:65.6;gvotes_more_female:800:21.9;gvotes_unisex:400:10.9;gvotes_more_male:30:0.8;gvotes_male:30:0.8|longevity_very_weak:200:5.6;longevity_weak:500:14.1;longevity_moderate:1600:45.1;longevity_long_lasting:1000:28.2;longevity_eternal:250:7.0|sillage_intimate:350:11.1;sillage_moderate:1700:54.0;sillage_strong:900:28.6;sillage_enormous:200:6.3|season_winter:1900:79.17;season_spring:2300:95.83;season_summer:900:37.5;season_fall:2400:100.0|season_day:3000:100.0;season_night:1500:50.0|pros(Creamy almond-milk warmth,120,5;Rhubarb adds a tart lift,110,5;Easygoing and comforting,100,5)cons(Can read as generic sweet on skin,55,3;Moderate longevity,50,3)|||||
900337||Memo Paris;b64|African Leather|2015|gender_for_women_and_men||||||a23:100;a14:75;a43:50;a22:45;a6:45;a26:35;a24:30|top(n107,1.0,5.0;n40,0.95,4.75;n65,0.9,4.5;n3,0.85,4.25)middle(n46,1.0,5.0;n16,0.95,4.75;n18,0.9,4.5)base(n85,1.0,5.0;n68,0.95,4.75;n35,0.9,4.5)|Alienor Massenet;p112|<p>A warm, spicy leather: saffron, cardamom and cumin over earthy vetiver and suede-like leather. It evokes dusty heat and golden savanna grass.</p>|4.1;3500|245|like_love:1900:55.1;like_like:800:23.2;like_ok:400:11.6;like_dislike:200:5.8;like_hate:150:4.3|price_way_overpriced:600:24.3;price_overpriced:800:32.4;price_ok:700:28.3;price_good_value:250:10.1;price_great_value:120:4.9|gvotes_female:100:3.0;gvotes_more_female:200:6.1;gvotes_unisex:1500:45.5;gvotes_more_male:900:27.3;gvotes_male:600:18.2|longevity_very_weak:60:2.1;longevity_weak:150:5.3;longevity_moderate:600:21.4;longevity_long_lasting:1300:46.3;longevity_eternal:700:24.9|sillage_intimate:150:5.7;sillage_moderate:800:30.2;sillage_strong:1200:45.3;sillage_enormous:500:18.9|season_winter:2600:100.0;season_spring:900:34.62;season_summer:400:15.38;season_fall:2500:96.15|season_day:1300:54.17;season_night:2400:100.0|pros(Distinctive spiced leather,84,4;Strong performance,77,4;Handsome unisex character,70,4)cons(Cumin can read sweaty to some,43,2;Expensive,39,2;Hard to find for sampling,35,2)|||||
900338||Montale;b65|Arabians Tonka|2019|gender_for_women_and_men||||||a13:100;a32:85;a15:70;a23:55;a14:45;a30:40|top(n3,1.0,5.0;n40,0.95,4.75)middle(n7,1.0,5.0;n68,0.95,4.75)base(n11,1.0,5.0;n34,0.95,4.75;n30,0.9,4.5;n85,0.85,4.25;n318,0.8,4.0;n110,0.75,3.75)||<p>Saffron and bergamot lead into rose and oud, sweetened heavily by tonka and brown sugar over amber, leather and oakmoss. Dense, sugary and smoky-woody, with strong projection.</p>|4.1;4500|315|like_love:2500:55.6;like_like:1100:24.4;like_ok:500:11.1;like_dislike:250:5.6;like_hate:150:3.3|price_way_overpriced:200:5.6;price_overpriced:400:11.1;price_ok:1100:30.6;price_good_value:1200:33.3;price_great_value:700:19.4|gvotes_female:300:7.1;gvotes_more_female:400:9.5;gvotes_unisex:1800:42.9;gvotes_more_male:1000:23.8;gvotes_male:700:16.7|longevity_very_weak:50:1.4;longevity_weak:100:2.8;longevity_moderate:450:12.5;longevity_long_lasting:1500:41.7;longevity_eternal:1500:41.7|sillage_intimate:80:2.4;sillage_moderate:400:11.8;sillage_strong:1400:41.4;sillage_enormous:1500:44.4|season_winter:3500:100.0;season_spring:700:20.0;season_summer:250:7.14;season_fall:3100:88.57|season_day:1400:42.42;season_night:3300:100.0|pros(Sweet oud profile,108,5;Huge performance,99,5;Good value for a niche oud,90,5)cons(Very loud and easy to overapply,55,2;Sweetness can overwhelm,50,2;Too heavy for warm weather,45,2)|||||
900339||Montale;b65|Intense Café|2013|gender_for_women_and_men||||||a48:100;a30:80;a12:70;a13:60;a15:55;a20:40;a21:30|top(n343,1.0,5.0)middle(n7,1.0,5.0;n200,0.95,4.75)base(n11,1.0,5.0;n29,0.95,4.75;n110,0.9,4.5)||<p>Roasted coffee wrapped around a velvety rose, sweetened by vanilla and amber with a soft white musk finish. Gourmand yet floral, with dense, long-clinging projection.</p>|4.1;7000|490|like_love:3600:51.8;like_like:1900:27.3;like_ok:800:11.5;like_dislike:400:5.8;like_hate:250:3.6|price_way_overpriced:300:5.7;price_overpriced:700:13.2;price_ok:1900:35.8;price_good_value:1600:30.2;price_great_value:800:15.1|gvotes_female:1500:23.8;gvotes_more_female:1600:25.4;gvotes_unisex:2600:41.3;gvotes_more_male:400:6.3;gvotes_male:200:3.2|longevity_very_weak:120:2.0;longevity_weak:300:5.1;longevity_moderate:1300:22.0;longevity_long_lasting:2600:43.9;longevity_eternal:1600:27.0|sillage_intimate:200:3.8;sillage_moderate:1300:24.5;sillage_strong:2600:49.1;sillage_enormous:1200:22.6|season_winter:5000:100.0;season_spring:1500:30.0;season_summer:400:8.0;season_fall:4600:92.0|season_day:2700:62.79;season_night:4300:100.0|pros(Unusual rose and coffee pairing,168,7;Very long-lasting,154,7;Cosy and inviting,140,7)cons(Can be cloyingly sweet,84,4;Rose can overshadow the coffee,77,4;Heavy in warm weather,70,4)|||||
900340||Montale;b65|Roses Musk|2009|gender_for_women||||||a30:100;a20:85;a21:50;a9:40;a15:30;a51:25|top(n7,1.0,5.0)middle(n6,1.0,5.0)base(n35,1.0,5.0;n11,0.95,4.75)|Pierre Montale;p114|<p>A plush rose drenched in soft white musk, sweet and skin-hugging. Simple, romantic and surprisingly tenacious.</p>|4.05;4000|280|like_love:1900:49.1;like_like:1200:31.0;like_ok:450:11.6;like_dislike:200:5.2;like_hate:120:3.1|price_way_overpriced:200:6.6;price_overpriced:500:16.4;price_ok:1100:36.1;price_good_value:900:29.5;price_great_value:350:11.5|gvotes_female:2200:65.5;gvotes_more_female:700:20.8;gvotes_unisex:400:11.9;gvotes_more_male:40:1.2;gvotes_male:20:0.6|longevity_very_weak:80:2.1;longevity_weak:250:6.7;longevity_moderate:900:24.1;longevity_long_lasting:1600:42.9;longevity_eternal:900:24.1|sillage_intimate:250:7.2;sillage_moderate:1300:37.7;sillage_strong:1400:40.6;sillage_enormous:500:14.5|season_winter:1200:42.86;season_spring:2800:100.0;season_summer:1100:39.29;season_fall:1500:53.57|season_day:2600:100.0;season_night:1300:50.0|pros(Lovely soft rose-musk,96,4;Long lasting,88,4;Good niche value,80,4)cons(Fairly linear,44,2;Musk can be heavy for some,40,2)|||||
900341||Montblanc;b66|Explorer|2019|gender_for_men||||||a6:100;a43:75;a22:65;a1:60;a3:55;a7:50;a15:40;a23:35|top(n3,1.0,5.0;n19,0.95,4.75;n160,0.9,4.5)middle(n16,1.0,5.0;n85,0.95,4.75)base(n18,1.0,5.0;n133,0.95,4.75;n81,0.9,4.5;n204,0.85,4.25)|Jordi Fernández;p115;Antoine Maisondieu;p35;Olivier Pescheux;p69|<p>A bright bergamot opening leads into earthy vetiver, patchouli and a soft woody-leather trail. Adventurous yet polished, a great everyday companion.</p>|3.9;11000|770|like_love:4000:36.4;like_like:4000:36.4;like_ok:2000:18.2;like_dislike:600:5.5;like_hate:400:3.6|price_way_overpriced:60:0.5;price_overpriced:200:1.8;price_ok:1500:13.7;price_good_value:4200:38.3;price_great_value:5000:45.6|gvotes_female:60:0.7;gvotes_more_female:40:0.4;gvotes_unisex:400:4.4;gvotes_more_male:1500:16.7;gvotes_male:7000:77.8|longevity_very_weak:300:2.9;longevity_weak:1000:9.5;longevity_moderate:4000:38.1;longevity_long_lasting:4000:38.1;longevity_eternal:1200:11.4|sillage_intimate:600:6.0;sillage_moderate:4200:42.0;sillage_strong:4200:42.0;sillage_enormous:1000:10.0|season_winter:3500:43.75;season_spring:8000:100.0;season_summer:5000:62.5;season_fall:6500:81.25|season_day:9500:100.0;season_night:4000:42.11|pros(Great value,264,11;Versatile earthy freshness,242,11;Good longevity,220,11)cons(Can feel generic,121,6;Patchouli may be too earthy for some,110,6)|||||
900342||Montblanc;b66|Legend|2011|gender_for_men||||||a1:100;a8:70;a10:65;a7:55;a6:50;a3:45;a11:40|top(n3,1.0,5.0;n13,0.95,4.75;n31,0.9,4.5;n194,0.85,4.25)middle(n34,1.0,5.0;n46,0.95,4.75;n247,0.9,4.5;n22,0.85,4.25;n7,0.8,4.0)base(n30,1.0,5.0;n17,0.95,4.75;n404,0.9,4.5)|Olivier Pescheux;p69|<p>A fresh, fruity fougère with pineapple and lavender over soft tonka and moss. Friendly and approachable, it is easy to reach for every day.</p>|3.9;16000|1120|like_love:5500:37.7;like_like:5500:37.7;like_ok:2500:17.1;like_dislike:700:4.8;like_hate:400:2.7|price_way_overpriced:100:0.7;price_overpriced:300:2.1;price_ok:2500:17.4;price_good_value:6000:41.7;price_great_value:5500:38.2|gvotes_female:100:0.8;gvotes_more_female:80:0.6;gvotes_unisex:900:7.2;gvotes_more_male:2500:19.9;gvotes_male:9000:71.5|longevity_very_weak:700:5.5;longevity_weak:2200:17.3;longevity_moderate:5500:43.3;longevity_long_lasting:3500:27.6;longevity_eternal:800:6.3|sillage_intimate:1300:11.2;sillage_moderate:6000:51.7;sillage_strong:3500:30.2;sillage_enormous:800:6.9|season_winter:2500:22.73;season_spring:11000:100.0;season_summer:8000:72.73;season_fall:4500:40.91|season_day:13000:100.0;season_night:3500:26.92|pros(Excellent value,384,16;Safe for any setting,352,16;Pleasant fresh-fruity profile,320,16)cons(Fades fairly quickly,176,8;Not very distinctive,160,8)|||||
900343||Montblanc;b66|Legend Spirit|2016|gender_for_men||||||a1:100;a7:75;a3:70;a8:60;a37:55;a20:50;a6:40|top(n19,1.0,5.0;n87,0.95,4.75;n3,0.9,4.5)middle(n107,1.0,5.0;n13,0.95,4.75;n405,0.9,4.5)base(n110,1.0,5.0;n34,0.95,4.75;n148,0.9,4.5)||<p>A brighter, cleaner take on the Legend fougere: grapefruit and pink pepper up top, a watery lavender and cardamom heart, and a soft base of white musk and cashmere wood. Airy and laundry-fresh rather than sweet.</p>|3.8;6500|455|like_love:1800:28.1;like_like:2800:43.8;like_ok:1300:20.3;like_dislike:350:5.5;like_hate:150:2.3|price_way_overpriced:60:1.0;price_overpriced:150:2.5;price_ok:1200:19.6;price_good_value:2300:37.6;price_great_value:2400:39.3|gvotes_female:60:0.9;gvotes_more_female:100:1.5;gvotes_unisex:800:12.4;gvotes_more_male:1800:27.9;gvotes_male:3700:57.3|longevity_very_weak:600:10.1;longevity_weak:1800:30.3;longevity_moderate:2600:43.7;longevity_long_lasting:800:13.4;longevity_eternal:150:2.5|sillage_intimate:1200:21.2;sillage_moderate:3200:56.6;sillage_strong:1100:19.5;sillage_enormous:150:2.7|season_winter:700:14.58;season_spring:4800:100.0;season_summer:4600:95.83;season_fall:1500:31.25|season_day:5600:100.0;season_night:1100:19.64|pros(Clean, easy office scent,156,7;Affordable for a designer,143,7;Light enough for hot days,130,7)cons(Short-lived,72,3;Resembles many other fresh designers,65,3)|||||
900344||Mugler;b67|A*Men|1996|gender_for_men||||||a48:100;a22:82;a13:75;a40:66;a12:60;a8:45;a24:38|top(n13,1.0,5.0;n20,0.95,4.75;n3,0.9,4.5;n93,0.85,4.25)middle(n353,1.0,5.0;n18,0.95,4.75;n97,0.9,4.5;n6,0.85,4.25)base(n200,1.0,5.0;n406,0.95,4.75;n29,0.9,4.5;n30,0.85,4.25;n90,0.8,4.0;n11,0.75,3.75;n17,0.7,3.5)|Jacques Huclier;p116|<p>A bold masculine gourmand of roasted coffee, caramel and patchouli, cut with lavender and a smoky tar edge. Dense, dark and eccentric, and built for cold weather.</p>|4;9000|630|like_love:4000:46.5;like_like:2000:23.3;like_ok:1200:14.0;like_dislike:700:8.1;like_hate:700:8.1|price_way_overpriced:100:1.6;price_overpriced:300:4.8;price_ok:1500:24.2;price_good_value:2500:40.3;price_great_value:1800:29.0|gvotes_female:200:2.3;gvotes_more_female:400:4.7;gvotes_unisex:1500:17.4;gvotes_more_male:2500:29.1;gvotes_male:4000:46.5|longevity_very_weak:100:1.4;longevity_weak:200:2.8;longevity_moderate:1000:14.1;longevity_long_lasting:3000:42.3;longevity_eternal:2800:39.4|sillage_intimate:150:2.4;sillage_moderate:800:13.0;sillage_strong:2600:42.3;sillage_enormous:2600:42.3|season_winter:6500:100.0;season_spring:1000:15.38;season_summer:400:6.15;season_fall:5000:76.92|season_day:2200:36.67;season_night:6000:100.0|pros(Unusual coffee-tar-patchouli mix,216,9;Huge longevity,198,9;Affordable,180,9)cons(Very divisive,108,5;Can overwhelm,99,5;Feels dated to some,90,5)|||||
900345||Mugler;b67|Alien|2005|gender_for_women||||||a17:100;a15:85;a6:60;a21:40;a20:35;a13:30|top(n78,1.0,5.0)middle(n148,1.0,5.0)base(n230,1.0,5.0)|Dominique Ropion;p40;Laurent Bruyère;p39|<p>An intense jasmine sambac wrapped in soft cashmere woods and a warm, resinous white amber. Bold and unmistakable, it fills a room with very little effort.</p>|3.95;18600|1302|like_love:8500:45.7;like_like:5000:26.9;like_ok:2500:13.4;like_dislike:1600:8.6;like_hate:1000:5.4|price_way_overpriced:400:4.5;price_overpriced:1200:13.5;price_ok:3500:39.3;price_good_value:2500:28.1;price_great_value:1300:14.6|gvotes_female:11000:76.4;gvotes_more_female:2500:17.4;gvotes_unisex:700:4.9;gvotes_more_male:100:0.7;gvotes_male:100:0.7|longevity_very_weak:200:1.6;longevity_weak:400:3.1;longevity_moderate:1800:14.0;longevity_long_lasting:5000:38.8;longevity_eternal:5500:42.6|sillage_intimate:300:2.5;sillage_moderate:1800:14.9;sillage_strong:5000:41.3;sillage_enormous:5000:41.3|season_winter:8000:94.12;season_spring:4500:52.94;season_summer:1500:17.65;season_fall:8500:100.0|season_day:4500:40.91;season_night:11000:100.0|pros(Monster longevity,446,19;Distinctive, recognizable jasmine,409,19;A little goes a long way,372,19)cons(Can overwhelm in close quarters,205,9;Polarizing, synthetic-leaning to some,186,9)|||||
900346||Mugler;b67|Alien Goddess|2021|gender_for_women||||||a12:100;a21:70;a17:65;a6:55;a3:50;a20:45;a9:40|top(n128,1.0,5.0;n3,0.95,4.75)middle(n6,1.0,5.0;n287,0.95,4.75)base(n163,1.0,5.0;n207,0.95,4.75)|Marie Salamagne;p111;Nathalie Lorson;p104|<p>A creamy jasmine-vanilla scent: bergamot and a coconut-water accord open onto jasmine and powdery heliotrope, over a warm Bourbon vanilla and cashmeran base. Softer and sunnier than Alien, it trades that perfume's dense amber for a smooth, coconut-tinged vanilla.</p>|3.9;8966|628|like_love:3300:36.8;like_like:3100:34.6;like_ok:1400:15.6;like_dislike:890:9.9;like_hate:274:3.1|price_way_overpriced:448:6.1;price_overpriced:1153:15.8;price_ok:2946:40.4;price_good_value:2049:28.1;price_great_value:704:9.6|gvotes_female:5892:75.5;gvotes_more_female:1537:19.7;gvotes_unisex:320:4.1;gvotes_more_male:32:0.4;gvotes_male:26:0.3|longevity_very_weak:256:3.2;longevity_weak:640:7.9;longevity_moderate:2690:33.3;longevity_long_lasting:3330:41.3;longevity_eternal:1153:14.3|sillage_intimate:320:4.1;sillage_moderate:2562:33.1;sillage_strong:3586:46.3;sillage_enormous:1281:16.5|season_winter:1100:29.73;season_spring:2400:64.86;season_summer:3700:100.0;season_fall:1700:45.95|season_day:3500:100.0;season_night:1600:45.71|pros(Smooth jasmine-vanilla blend,215,9;Good longevity,197,9;Refillable bottle,179,9)cons(Similar to many vanilla florals,108,5;Sweet for some,99,5;Little of Alien's character,90,5)|||||
900347||Mugler;b67|Angel|1992|gender_for_women||||||a13:100;a22:90;a40:70;a12:65;a46:55;a10:45;a35:35|top(n362,1.0,5.0;n121,0.95,4.75;n43,0.9,4.5;n3,0.85,4.25;n42,0.8,4.0;n232,0.75,3.75)middle(n97,1.0,5.0;n172,0.95,4.75;n136,0.9,4.5;n183,0.85,4.25;n6,0.8,4.0;n7,0.75,3.75)base(n18,1.0,5.0;n29,0.95,4.75;n353,0.9,4.5;n407,0.85,4.25;n30,0.8,4.0;n35,0.75,3.75)|Olivier Cresp;p8;Yves de Chiris;p117|<p>The original modern gourmand: cotton-candy sweetness, red berries and chocolate collide with bitter patchouli. Bold, strange and hard to forget.</p>|3.8;17500|1225|like_love:7000:40.0;like_like:3500:20.0;like_ok:2000:11.4;like_dislike:2200:12.6;like_hate:2800:16.0|price_way_overpriced:500:5.3;price_overpriced:1000:10.6;price_ok:3500:37.2;price_good_value:2800:29.8;price_great_value:1600:17.0|gvotes_female:9500:76.6;gvotes_more_female:1800:14.5;gvotes_unisex:800:6.5;gvotes_more_male:150:1.2;gvotes_male:150:1.2|longevity_very_weak:350:2.1;longevity_weak:400:2.4;longevity_moderate:1800:10.9;longevity_long_lasting:6000:36.3;longevity_eternal:8000:48.3|sillage_intimate:500:3.2;sillage_moderate:2000:12.9;sillage_strong:5000:32.3;sillage_enormous:8000:51.6|season_winter:11000:100.0;season_spring:2200:20.0;season_summer:700:6.36;season_fall:9500:86.36|season_day:4000:38.1;season_night:10500:100.0|pros(Enormous longevity,420,18;A true icon,385,18;Unlike anything else,350,18)cons(Very polarizing,211,9;Easily overpowering,193,9;Feels dated to some,175,9)|||||
900348||Mugler;b67|Angel Elixir|2023|gender_for_women||||||a17:100;a6:85;a12:80;a13:75;a52:65;a21:55;a15:50;a31:45;a53:40;a14:35|top(n19,1.0,5.0)middle(n6,1.0,5.0;n104,0.95,4.75;n17,0.9,4.5;n27,0.85,4.25)base(n163,1.0,5.0;n408,0.95,4.75)|Anne Flipo;p77;Domitille Michalon Bertier;p113|<p>A creamy white-floral gourmand: pink pepper opens onto orange blossom, ylang-ylang, jasmine and sandalwood over Bourbon vanilla and a dry woody amber. It shares Angel's sweetness but skips the patchouli, so it wears creamier and more floral.</p>|3.6;2891|202|like_love:847:29.3;like_like:899:31.1;like_ok:541:18.7;like_dislike:369:12.8;like_hate:235:8.1|price_way_overpriced:165:7.3;price_overpriced:413:18.2;price_ok:909:40.0;price_good_value:578:25.5;price_great_value:206:9.1|gvotes_female:1817:72.9;gvotes_more_female:496:19.9;gvotes_unisex:149:6.0;gvotes_more_male:17:0.7;gvotes_male:12:0.5|longevity_very_weak:50:1.9;longevity_weak:124:4.7;longevity_moderate:578:21.8;longevity_long_lasting:1239:46.7;longevity_eternal:661:24.9|sillage_intimate:58:2.4;sillage_moderate:496:20.9;sillage_strong:1156:48.8;sillage_enormous:661:27.9|season_winter:1000:100.0;season_spring:623:62.3;season_summer:344:34.4;season_fall:953:95.3|season_day:722:77.8;season_night:928:100.0|pros(Creamy floral-vanilla blend,70,3;Long-lasting,64,3;Refillable bottle,58,3)cons(Woody amber can feel sharp,35,1;Very sweet,32,1;Not much like Angel,29,1)|||||
900349||Mugler;b67|Angel Muse|2016|gender_for_women||||||a22:100;a6:85;a13:80;a43:70;a34:65;a14:50;a46:35;a3:30|top(n19,1.0,5.0;n87,0.95,4.75)middle(n409,1.0,5.0;n204,0.95,4.75)base(n18,1.0,5.0;n16,0.95,4.75)|Quentin Bisch;p3|<p>A gourmand built on a creamy hazelnut and cocoa accord, cut with grapefruit and pink pepper and grounded by earthy patchouli and dry vetiver. Sweet but less sugary than Angel, with a nutty, textured character.</p>|4.11;8500|595|like_love:3800:41.3;like_like:2800:30.4;like_ok:1400:15.2;like_dislike:700:7.6;like_hate:500:5.4|price_way_overpriced:250:4.3;price_overpriced:600:10.4;price_ok:2200:38.3;price_good_value:1800:31.3;price_great_value:900:15.7|gvotes_female:5200:70.7;gvotes_more_female:1300:17.7;gvotes_unisex:700:9.5;gvotes_more_male:80:1.1;gvotes_male:70:1.0|longevity_very_weak:250:3.2;longevity_weak:450:5.8;longevity_moderate:1900:24.4;longevity_long_lasting:3600:46.2;longevity_eternal:1600:20.5|sillage_intimate:350:4.8;sillage_moderate:2000:27.6;sillage_strong:3300:45.5;sillage_enormous:1600:22.1|season_winter:6000:100.0;season_spring:1800:30.0;season_summer:500:8.33;season_fall:5800:96.67|season_day:3200:61.54;season_night:5200:100.0|pros(Distinctive hazelnut gourmand,204,9;Long lasting with strong projection,187,9;Vetiver keeps the sweetness in check,170,9)cons(Heavy for warm weather,94,4;The nutty-earthy mix is not for everyone,85,4)|||||
900350||Mugler;b67|Angel Nova|2020|gender_for_women||||||a10:100;a30:85;a13:70;a19:50;a6:50;a14:40;a31:35|top(n115,1.0,5.0;n249,0.95,4.75)middle(n66,1.0,5.0)base(n81,1.0,5.0;n90,0.95,4.75)|Quentin Bisch;p3;Louise Turner;p46;Sonia Constant;p93|<p>Juicy raspberry and lychee lead into a bright, jammy rose that dries down over peppery Akigalawood and a soft benzoin warmth. Far fruitier and lighter than the original Angel, with none of its patchouli-caramel weight.</p>|3.9;8168|572|like_love:3300:40.8;like_like:2500:30.9;like_ok:1000:12.4;like_dislike:931:11.5;like_hate:350:4.3|price_way_overpriced:446:7.7;price_overpriced:1188:20.5;price_ok:2376:41.0;price_good_value:1337:23.1;price_great_value:446:7.7|gvotes_female:5346:74.8;gvotes_more_female:1337:18.7;gvotes_unisex:371:5.2;gvotes_more_male:45:0.6;gvotes_male:45:0.6|longevity_very_weak:297:4.3;longevity_weak:743:10.9;longevity_moderate:2673:39.1;longevity_long_lasting:2376:34.8;longevity_eternal:743:10.9|sillage_intimate:446:7.1;sillage_moderate:2673:42.9;sillage_strong:2376:38.1;sillage_enormous:743:11.9|season_winter:1300:41.94;season_spring:3100:100.0;season_summer:3000:96.77;season_fall:1600:51.61|season_day:3200:100.0;season_night:1600:50.0|pros(Bright raspberry-rose opening,195,8;Easy to wear in daytime,179,8;Refillable bottle,163,8)cons(Little in common with Angel,98,4;Fruit can smell synthetic,90,4;Fairly linear,82,4)|||||
900351||Mugler;b67|Aura Mugler|2017|gender_for_women||||||a2:100;a6:80;a12:70;a13:65;a10:50;a1:45;a17:40;a3:35;a21:30|top(n410,1.0,5.0;n3,0.95,4.75)middle(n41,1.0,5.0;n27,0.95,4.75;n104,0.9,4.5;n76,0.85,4.25)base(n163,1.0,5.0;n39,0.95,4.75;n130,0.9,4.5;n17,0.85,4.25;n247,0.8,4.0;n411,0.75,3.75)|Daphné Bugey;p95;Amandine Clerc-Marie;p33;Christophe Raynaud;p10;Marie Salamagne;p111;Olivier Cresp;p8|<p>A green-sweet scent: sharp, leafy rhubarb and bergamot over orange blossom, ylang-ylang and pear, settling into a vanilla, coumarin and wood base. The sappy green edge sets it apart from most sweet mainstream releases.</p>|3.73;10700|749|like_love:3800:35.6;like_like:3300:30.9;like_ok:760:7.1;like_dislike:2400:22.5;like_hate:410:3.8|price_way_overpriced:459:6.1;price_overpriced:1070:14.3;price_ok:2751:36.7;price_good_value:2140:28.6;price_great_value:1070:14.3|gvotes_female:6114:62.5;gvotes_more_female:1834:18.7;gvotes_unisex:1529:15.6;gvotes_more_male:183:1.9;gvotes_male:122:1.2|longevity_very_weak:367:4.0;longevity_weak:764:8.3;longevity_moderate:2751:29.8;longevity_long_lasting:3974:43.0;longevity_eternal:1376:14.9|sillage_intimate:611:7.0;sillage_moderate:3057:35.1;sillage_strong:3669:42.1;sillage_enormous:1376:15.8|season_winter:1900:63.33;season_spring:3000:100.0;season_summer:1900:63.33;season_fall:2500:83.33|season_day:2900:100.0;season_night:2300:79.31|pros(Unusual green-vanilla combination,256,11;Good staying power,235,11;Stands apart from typical sweet florals,214,11)cons(Rhubarb opening can feel sharp,118,5;Green-sweet contrast is polarizing,107,5)|||||
900352||Narciso Rodriguez;b68|For Her|2003|gender_for_women||||||a20:100;a6:60;a15:55;a9:50;a21:45;a22:30|top(n79,1.0,5.0;n27,0.95,4.75;n3,0.9,4.5)middle(n35,1.0,5.0;n11,0.95,4.75)base(n29,1.0,5.0;n16,0.95,4.75;n18,0.9,4.5)|Christine Nagel;p78;Francis Kurkdjian;p34|<p>A sensual but refined musk wrapped in soft woods, with a whisper of osmanthus. It sits close to the skin and feels grown-up and elegant.</p>|4;11000|770|like_love:5500:50.2;like_like:3200:29.2;like_ok:1400:12.8;like_dislike:550:5.0;like_hate:300:2.7|price_way_overpriced:400:4.3;price_overpriced:1100:12.0;price_ok:3500:38.0;price_good_value:3000:32.6;price_great_value:1200:13.0|gvotes_female:8000:75.2;gvotes_more_female:1800:16.9;gvotes_unisex:700:6.6;gvotes_more_male:80:0.8;gvotes_male:60:0.6|longevity_very_weak:400:3.9;longevity_weak:1100:10.8;longevity_moderate:3800:37.3;longevity_long_lasting:3800:37.3;longevity_eternal:1100:10.8|sillage_intimate:1500:15.3;sillage_moderate:5000:51.0;sillage_strong:2800:28.6;sillage_enormous:500:5.1|season_winter:3500:46.67;season_spring:7500:100.0;season_summer:3000:40.0;season_fall:6500:86.67|season_day:8500:100.0;season_night:4500:52.94|pros(Iconic, elegant musk,264,11;Works for office and evening,242,11;Good longevity,220,11)cons(Musk can be hard to smell on some skins,121,6;A little dark for high summer,110,6)|||||
900353||Narciso Rodriguez;b68|For Her Eau de Parfum|2006|gender_for_women||||||a20:100;a30:70;a21:50;a10:35;a6:35;a15:30;a22:25|top(n7,1.0,5.0;n168,0.95,4.75)middle(n35,1.0,5.0;n11,0.95,4.75)base(n18,1.0,5.0;n17,0.95,4.75)|Francis Kurkdjian;p34;Christine Nagel;p78|<p>A sensual rose-and-musk skin scent with a peachy softness, intimate and alluring. It smells like warm skin dressed up.</p>|4.05;10000|700|like_love:4500:47.4;like_like:3000:31.6;like_ok:1200:12.6;like_dislike:500:5.3;like_hate:300:3.2|price_way_overpriced:200:3.6;price_overpriced:900:16.1;price_ok:2500:44.6;price_good_value:1500:26.8;price_great_value:500:8.9|gvotes_female:6000:78.3;gvotes_more_female:1300:17.0;gvotes_unisex:300:3.9;gvotes_more_male:30:0.4;gvotes_male:30:0.4|longevity_very_weak:250:3.3;longevity_weak:700:9.2;longevity_moderate:2300:30.1;longevity_long_lasting:3200:41.8;longevity_eternal:1200:15.7|sillage_intimate:500:7.5;sillage_moderate:2800:41.8;sillage_strong:2700:40.3;sillage_enormous:700:10.4|season_winter:3500:70.0;season_spring:5000:100.0;season_summer:1800:36.0;season_fall:4500:90.0|season_day:5500:100.0;season_night:4000:72.73|pros(Sensual, elegant musk,240,10;Works day to night,220,10;Long lasting,200,10)cons(Musk can be sharp early on,110,5;Some people are anosmic to parts of it,100,5)|||||
900354||Nasomatto;b69|Black Afgano|2009|gender_for_women_and_men||||||a24:100;a6:85;a32:70;a2:55;a43:50;a31:45;a48:35|top(n412,1.0,5.0;n41,0.95,4.75)middle(n413,1.0,5.0;n39,0.95,4.75;n60,0.9,4.5;n200,0.85,4.25)base(n68,1.0,5.0;n23,0.95,4.75)|Alessandro Gualtieri;p118|<p>A dark, resinous haze of cannabis-like greenery, incense and agarwood. Mysterious and narcotic, it is not for the timid.</p>|4.05;6450|452|like_love:3000:46.5;like_like:1700:26.4;like_ok:800:12.4;like_dislike:500:7.8;like_hate:450:7.0|price_way_overpriced:700:16.5;price_overpriced:1300:30.6;price_ok:1500:35.3;price_good_value:500:11.8;price_great_value:250:5.9|gvotes_female:150:2.9;gvotes_more_female:250:4.8;gvotes_unisex:2500:48.1;gvotes_more_male:1300:25.0;gvotes_male:1000:19.2|longevity_very_weak:30:0.6;longevity_weak:100:2.0;longevity_moderate:500:10.1;longevity_long_lasting:1800:36.5;longevity_eternal:2500:50.7|sillage_intimate:80:1.7;sillage_moderate:500:10.5;sillage_strong:1900:39.7;sillage_enormous:2300:48.1|season_winter:4200:100.0;season_spring:800:19.05;season_summer:250:5.95;season_fall:3500:83.33|season_day:800:17.78;season_night:4500:100.0|pros(Extreme longevity at extrait strength,155,6;Dark and unique,142,6;A tiny dose is enough,129,6)cons(Very polarizing,72,3;Can feel oppressive in warm rooms,65,3)|||||
900355||Nautica;b70|Nautica Voyage|2006|gender_for_men||||||a2:100;a37:80;a11:65;a10:45;a4:40;a6:38;a20:30|top(n105,1.0,5.0;n281,0.95,4.75)middle(n186,1.0,5.0;n210,0.95,4.75)base(n9,1.0,5.0;n35,0.95,4.75;n34,0.9,4.5;n11,0.85,4.25)|Maurice Roucel;p76|<p>A crisp green-apple and watery-lotus freshness over light woods and musk. Simple, clean and inexpensive enough to spray generously in the heat.</p>|3.85;12500|875|like_love:3500:29.2;like_like:4800:40.0;like_ok:2600:21.7;like_dislike:800:6.7;like_hate:300:2.5|price_way_overpriced:80:0.7;price_overpriced:200:1.7;price_ok:900:7.7;price_good_value:3000:25.7;price_great_value:7500:64.2|gvotes_female:100:0.8;gvotes_more_female:150:1.2;gvotes_unisex:1400:11.1;gvotes_more_male:3500:27.7;gvotes_male:7500:59.3|longevity_very_weak:1400:12.7;longevity_weak:3200:29.1;longevity_moderate:4500:40.9;longevity_long_lasting:1500:13.6;longevity_eternal:400:3.6|sillage_intimate:1800:19.6;sillage_moderate:5000:54.3;sillage_strong:2000:21.7;sillage_enormous:400:4.3|season_winter:500:5.0;season_spring:7000:70.0;season_summer:10000:100.0;season_fall:1200:12.0|season_day:10500:100.0;season_night:1800:17.14|pros(Crisp green-apple aquatic,300,13;Exceptional value,275,13;Inoffensive anywhere,250,13)cons(Short longevity,138,6;Simple, linear dry-down,125,6)|||||
900356||Nina Ricci;b71|L'Air du Temps|1948|gender_for_women||||||a9:100;a21:80;a14:65;a17:55;a3:35;a20:35;a6:30|top(n168,1.0,5.0;n3,0.95,4.75;n103,0.9,4.5;n261,0.85,4.25)middle(n235,1.0,5.0;n56,0.95,4.75;n289,0.9,4.5;n6,0.85,4.25;n7,0.8,4.0;n161,0.75,3.75;n104,0.7,3.5)base(n17,1.0,5.0;n35,0.95,4.75;n16,0.9,4.5;n11,0.85,4.25;n90,0.8,4.0)|Francis Fabron;p119|<p>A soft, clove-tinged carnation floral with a peachy lift and a gentle powdery musk. Tender and romantic, it carries a sense of calm, old-fashioned grace.</p>|3.95;4000|280|like_love:1800:46.8;like_like:1100:28.6;like_ok:500:13.0;like_dislike:250:6.5;like_hate:200:5.2|price_way_overpriced:60:1.9;price_overpriced:150:4.8;price_ok:700:22.5;price_good_value:1200:38.6;price_great_value:1000:32.2|gvotes_female:2400:70.6;gvotes_more_female:700:20.6;gvotes_unisex:250:7.4;gvotes_more_male:30:0.9;gvotes_male:20:0.6|longevity_very_weak:90:2.9;longevity_weak:350:11.1;longevity_moderate:1300:41.4;longevity_long_lasting:1100:35.0;longevity_eternal:300:9.6|sillage_intimate:200:6.5;sillage_moderate:1300:41.9;sillage_strong:1300:41.9;sillage_enormous:300:9.7|season_winter:1100:42.31;season_spring:2600:100.0;season_summer:1100:42.31;season_fall:1500:57.69|season_day:2800:100.0;season_night:1000:35.71|pros(Gentle, romantic carnation floral,96,4;Affordable heritage classic,88,4;Easy to wear daily,80,4)cons(Lighter than the vintage,44,2;Powdery feel reads old-school,40,2)|||||
900357||Nishane;b72|Ani|2019|gender_for_women_and_men||||||a12:100;a14:70;a13:60;a7:50;a15:45;a31:38;a21:30|top(n3,1.0,5.0;n24,0.95,4.75;n19,0.9,4.5;n41,0.85,4.25)middle(n107,1.0,5.0;n228,0.95,4.75;n21,0.9,4.5)base(n29,1.0,5.0;n90,0.95,4.75;n17,0.9,4.5;n35,0.85,4.25)|Cécile Zarokian;p120|<p>A spicy-fresh vanilla: ginger and pepper cut into a creamy, resinous vanilla-benzoin base. It is a gourmand that feels grown-up rather than sugary.</p>|4.2;5500|385|like_love:3300:60.6;like_like:1300:23.9;like_ok:500:9.2;like_dislike:200:3.7;like_hate:150:2.8|price_way_overpriced:700:17.9;price_overpriced:1000:25.6;price_ok:1300:33.3;price_good_value:600:15.4;price_great_value:300:7.7|gvotes_female:500:10.5;gvotes_more_female:700:14.7;gvotes_unisex:2800:58.9;gvotes_more_male:500:10.5;gvotes_male:250:5.3|longevity_very_weak:80:1.6;longevity_weak:200:4.0;longevity_moderate:900:18.1;longevity_long_lasting:2300:46.2;longevity_eternal:1500:30.1|sillage_intimate:150:3.2;sillage_moderate:1000:21.5;sillage_strong:2200:47.3;sillage_enormous:1300:28.0|season_winter:4500:100.0;season_spring:1500:33.33;season_summer:500:11.11;season_fall:4000:88.89|season_day:1800:42.86;season_night:4200:100.0|pros(Unique ginger-vanilla contrast,132,6;Huge longevity,121,6;Cosy and sophisticated,110,6)cons(Heavy in warm weather,67,3;Opening can feel sharp,61,3;Pricey,55,3)|||||
900358||Nishane;b72|Hacivat|2017|gender_for_women_and_men||||||a10:100;a6:75;a3:65;a18:55;a19:45;a11:40;a22:30|top(n31,1.0,5.0;n87,0.95,4.75;n3,0.9,4.5)middle(n50,1.0,5.0;n18,0.95,4.75;n6,0.9,4.5)base(n34,1.0,5.0;n414,0.95,4.75;n39,0.9,4.5)|Jorge Lee;p121|<p>A sharp, zesty pineapple and grapefruit chypre over oakmoss and dry woods. It is often compared to Aventus, but brighter, greener and more intense.</p>|4.2;7000|490|like_love:4200:62.5;like_like:1600:23.8;like_ok:600:8.9;like_dislike:200:3.0;like_hate:120:1.8|price_way_overpriced:700:13.7;price_overpriced:1300:25.5;price_ok:1800:35.3;price_good_value:900:17.6;price_great_value:400:7.8|gvotes_female:100:1.5;gvotes_more_female:200:3.1;gvotes_unisex:2000:30.8;gvotes_more_male:2200:33.8;gvotes_male:2000:30.8|longevity_very_weak:100:1.7;longevity_weak:250:4.3;longevity_moderate:1100:18.8;longevity_long_lasting:2800:47.9;longevity_eternal:1600:27.4|sillage_intimate:200:3.6;sillage_moderate:1300:23.2;sillage_strong:2700:48.2;sillage_enormous:1400:25.0|season_winter:1200:21.82;season_spring:5500:100.0;season_summer:5200:94.55;season_fall:2600:47.27|season_day:6000:100.0;season_night:2200:36.67|pros(Beast-mode performance for a fresh scent,168,7;Bright, uplifting summer energy,154,7;Distinctive mossy dryness,140,7)cons(Opening can be sharp,84,4;Loud in close quarters,77,4;Niche pricing,70,4)|||||
900359||Nishane;b72|Hundred Silent Ways|2016|gender_for_women_and_men||||||a17:100;a45:80;a12:65;a13:55;a10:45;a21:40;a6:35|top(n187,1.0,5.0;n37,0.95,4.75;n168,0.9,4.5)middle(n6,1.0,5.0;n289,0.95,4.75;n71,0.9,4.5)base(n29,1.0,5.0;n17,0.95,4.75;n16,0.9,4.5)||<p>Creamy tuberose, gardenia and jasmine with a soft peach and mandarin opening, resting on vanilla, sandalwood and a thread of vetiver. Lush and romantic, with the white florals rounded off by a powdery sweetness.</p>|4.1;4200|294|like_love:2300:55.2;like_like:1100:26.4;like_ok:450:10.8;like_dislike:200:4.8;like_hate:120:2.9|price_way_overpriced:500:16.9;price_overpriced:800:27.1;price_ok:1000:33.9;price_good_value:450:15.3;price_great_value:200:6.8|gvotes_female:1300:33.5;gvotes_more_female:1000:25.8;gvotes_unisex:1400:36.1;gvotes_more_male:120:3.1;gvotes_male:60:1.5|longevity_very_weak:60:1.8;longevity_weak:150:4.4;longevity_moderate:700:20.5;longevity_long_lasting:1600:46.9;longevity_eternal:900:26.4|sillage_intimate:110:3.5;sillage_moderate:800:25.3;sillage_strong:1600:50.6;sillage_enormous:650:20.6|season_winter:1300:48.15;season_spring:2700:100.0;season_summer:1200:44.44;season_fall:1900:70.37|season_day:2200:95.65;season_night:2300:100.0|pros(Smooth, creamy white-floral blend,100,4;Strong longevity,92,4;Romantic without sharpness,84,4)cons(Too sweet-floral for some,50,2;Heavy in humid heat,46,2;Niche pricing,42,2)|||||
900360||Nishane;b72|Wūlóng Chá|2015|gender_for_women_and_men||||||a3:100;a2:70;a11:60;a20:45;a10:40;a53:30|top(n3,1.0,5.0;n94,0.95,4.75;n415,0.9,4.5;n37,0.85,4.25)middle(n416,1.0,5.0;n108,0.95,4.75)base(n35,1.0,5.0;n143,0.95,4.75)||<p>A bright blend of bergamot, orange, mandarin and litsea cubeba that settles into a lightly spiced oolong tea heart and a soft fig and musk base. Airy, sparkling and clean.</p>|4;3200|224|like_love:1400:45.2;like_like:1000:32.3;like_ok:450:14.5;like_dislike:160:5.2;like_hate:90:2.9|price_way_overpriced:400:15.8;price_overpriced:650:25.7;price_ok:900:35.6;price_good_value:400:15.8;price_great_value:180:7.1|gvotes_female:250:8.3;gvotes_more_female:350:11.7;gvotes_unisex:1700:56.7;gvotes_more_male:450:15.0;gvotes_male:250:8.3|longevity_very_weak:120:4.3;longevity_weak:330:11.8;longevity_moderate:1000:35.7;longevity_long_lasting:1000:35.7;longevity_eternal:350:12.5|sillage_intimate:250:9.3;sillage_moderate:1200:44.4;sillage_strong:950:35.2;sillage_enormous:300:11.1|season_winter:350:12.96;season_spring:2400:88.89;season_summer:2700:100.0;season_fall:700:25.93|season_day:2800:100.0;season_night:500:17.86|pros(Refreshing citrus-tea character,76,3;Solid performance for a fresh scent,70,3;Easy unisex daytime wear,64,3)cons(Opening can smell simple,38,2;Pricey for a citrus,35,2;Can turn sharp on some skin,32,2)|||||
900361||Paco Rabanne;b73|1 Million|2008|gender_for_men||||||a14:100;a13:80;a16:65;a23:55;a15:50;a6:40;a3:30|top(n253,1.0,5.0;n87,0.95,4.75;n20,0.9,4.5)middle(n25,1.0,5.0;n342,0.95,4.75;n7,0.9,4.5)base(n11,1.0,5.0;n85,0.95,4.75;n39,0.9,4.5;n18,0.85,4.25)|Christophe Raynaud;p10;Olivier Pescheux;p69;Michel Girard;p19|<p>Sweet cinnamon spice and leather in a gold-ingot bottle. Loud and flashy, it is unmistakably a nightclub scent.</p>|3.75;25500|1785|like_love:9000:35.3;like_like:8000:31.4;like_ok:4500:17.6;like_dislike:2500:9.8;like_hate:1500:5.9|price_way_overpriced:700:4.4;price_overpriced:2200:13.8;price_ok:6000:37.7;price_good_value:4500:28.3;price_great_value:2500:15.7|gvotes_female:250:1.2;gvotes_more_female:400:1.8;gvotes_unisex:1500:6.9;gvotes_more_male:4500:20.8;gvotes_male:15000:69.3|longevity_very_weak:500:2.9;longevity_weak:1500:8.8;longevity_moderate:5500:32.4;longevity_long_lasting:7000:41.2;longevity_eternal:2500:14.7|sillage_intimate:800:4.9;sillage_moderate:5000:30.7;sillage_strong:7500:46.0;sillage_enormous:3000:18.4|season_winter:13000:100.0;season_spring:5000:38.46;season_summer:1500:11.54;season_fall:12000:92.31|season_day:5000:29.41;season_night:17000:100.0|pros(Crowd-pleasing sweet-spicy hit,612,26;Strong projection,561,26;Affordable when discounted,510,26)cons(Extremely common,281,13;Can feel dated and cloying,255,13)|||||
900362||Paco Rabanne;b73|1 Million Parfum|2020|gender_for_men||||||a17:100;a45:92;a15:82;a26:78;a6:64;a42:60;a23:58;a19:54;a20:50;a39:48|top(n417,1.0,5.0;n335,0.95,4.75;n418,0.9,4.5)middle(n187,1.0,5.0;n419,0.95,4.75;n207,0.9,4.5)base(n85,1.0,5.0;n92,0.95,4.75;n36,0.9,4.5)|Quentin Bisch;p3;Christophe Raynaud;p10;Sonia Constant;p93|<p>Salt, solar notes and monoi oil sit around a creamy tuberose, with pine and cashmeran over a base of leather, labdanum and ambergris. A sunny, suntan-lotion leather that is quite unlike the cinnamon-sweet 1 Million original.</p>|3.9;5000|350|like_love:2000:41.2;like_like:1400:28.9;like_ok:700:14.4;like_dislike:400:8.2;like_hate:350:7.2|price_way_overpriced:200:5.1;price_overpriced:500:12.8;price_ok:1300:33.3;price_good_value:1300:33.3;price_great_value:600:15.4|gvotes_female:80:1.6;gvotes_more_female:150:3.0;gvotes_unisex:700:14.2;gvotes_more_male:1400:28.4;gvotes_male:2600:52.7|longevity_very_weak:100:2.4;longevity_weak:250:6.0;longevity_moderate:1200:28.9;longevity_long_lasting:1900:45.8;longevity_eternal:700:16.9|sillage_intimate:150:3.9;sillage_moderate:1100:28.6;sillage_strong:1900:49.4;sillage_enormous:700:18.2|season_winter:1500:55.56;season_spring:2600:96.3;season_summer:2700:100.0;season_fall:2200:81.48|season_day:2600:89.66;season_night:2900:100.0|pros(Unusual salty, solar leather profile,120,5;Strong performance,110,5;Stands apart within the 1 Million line,100,5)cons(Tuberose and sunscreen feel divides opinion,55,3;Not a safe blind buy,50,3)|||||
900363||Paco Rabanne;b73|Fame|2022|gender_for_women||||||a19:100;a10:90;a12:70;a13:65;a6:50;a17:45;a24:30|top(n312,1.0,5.0;n3,0.95,4.75)middle(n6,1.0,5.0;n23,0.95,4.75)base(n17,1.0,5.0;n29,0.95,4.75)|Alberto Morillas;p38;Dora Baghriche;p122;Fabrice Pellegrin;p22;Marie Salamagne;p111|<p>A creamy mango opening lifted by bergamot moves into a soft jasmine heart threaded with incense, drying down to sandalwood and vanilla. Sweet and fruity up front, but the incense keeps it from reading as pure candy.</p>|3.8;6000|420|like_love:2000:35.1;like_like:1900:33.3;like_ok:1100:19.3;like_dislike:450:7.9;like_hate:250:4.4|price_way_overpriced:250:7.7;price_overpriced:700:21.5;price_ok:1500:46.2;price_good_value:600:18.5;price_great_value:200:6.2|gvotes_female:3000:73.0;gvotes_more_female:800:19.5;gvotes_unisex:250:6.1;gvotes_more_male:30:0.7;gvotes_male:30:0.7|longevity_very_weak:250:5.9;longevity_weak:600:14.1;longevity_moderate:1800:42.4;longevity_long_lasting:1300:30.6;longevity_eternal:300:7.1|sillage_intimate:350:9.1;sillage_moderate:1900:49.4;sillage_strong:1300:33.8;sillage_enormous:300:7.8|season_winter:1600:50.0;season_spring:3200:100.0;season_summer:2600:81.25;season_fall:2400:75.0|season_day:3600:100.0;season_night:2600:72.22|pros(Unusual mango-and-incense pairing,144,6;Easy, cheerful sweetness for daytime,132,6;Smooth sandalwood-vanilla drydown,120,6)cons(Mango can turn syrupy on some skin,66,3;Average longevity,60,3)|||||
900364||Paco Rabanne;b73|Invictus|2013|gender_for_men||||||a4:100;a3:85;a6:62;a7:55;a1:50;a13:45;a11:40|top(n5,1.0,5.0;n87,0.95,4.75)middle(n98,1.0,5.0;n6,0.95,4.75)base(n36,1.0,5.0;n70,0.95,4.75;n34,0.9,4.5;n18,0.85,4.25)|Anne Flipo;p77;Olivier Polge;p48;Dominique Ropion;p40;Véronique Nyberg;p123|<p>Juicy grapefruit and a salty sea-air accord over a sweet ambergris and guaiac-wood base. Sporty, upbeat and easy to like, it suits daytime outings and warm-weather socialising.</p>|3.8;22000|1540|like_love:8500:39.9;like_like:6000:28.2;like_ok:3500:16.4;like_dislike:1800:8.5;like_hate:1500:7.0|price_way_overpriced:500:2.8;price_overpriced:1500:8.3;price_ok:5500:30.6;price_good_value:7000:38.9;price_great_value:3500:19.4|gvotes_female:200:1.2;gvotes_more_female:100:0.6;gvotes_unisex:700:4.2;gvotes_more_male:2800:16.7;gvotes_male:13000:77.4|longevity_very_weak:700:3.8;longevity_weak:2200:12.1;longevity_moderate:7000:38.5;longevity_long_lasting:6500:35.7;longevity_eternal:1800:9.9|sillage_intimate:1200:7.0;sillage_moderate:7000:40.7;sillage_strong:7000:40.7;sillage_enormous:2000:11.6|season_winter:2500:16.67;season_spring:14000:93.33;season_summer:15000:100.0;season_fall:4000:26.67|season_day:17000:100.0;season_night:6000:35.29|pros(Fresh and energetic,528,22;Good projection,484,22;Popular with younger crowds,440,22)cons(Can smell synthetic,264,11;Very common,242,11;Sweetness divides opinion,220,11)|||||
900365||Paco Rabanne;b73|Invictus Aqua|2016|gender_for_men||||||a3:100;a15:84;a4:82;a1:65;a37:65;a6:60;a54:57;a2:56;a42:53|top(n351,1.0,5.0;n87,0.95,4.75;n19,0.9,4.5)middle(n276,1.0,5.0;n265,0.95,4.75)base(n36,1.0,5.0;n130,0.95,4.75;n70,0.9,4.5)||<p>Yuzu, grapefruit and pink pepper over a sea-water accord with violet leaf, resting on ambergris, amberwood and guaiac wood. A brighter, more watery and less sweet cousin of Invictus.</p>|3.8;3500|245|like_love:1200:33.8;like_like:1300:36.6;like_ok:700:19.7;like_dislike:200:5.6;like_hate:150:4.2|price_way_overpriced:100:3.6;price_overpriced:300:10.9;price_ok:1000:36.4;price_good_value:900:32.7;price_great_value:450:16.4|gvotes_female:30:0.9;gvotes_more_female:50:1.6;gvotes_unisex:300:9.4;gvotes_more_male:900:28.3;gvotes_male:1900:59.7|longevity_very_weak:350:10.8;longevity_weak:900:27.7;longevity_moderate:1400:43.1;longevity_long_lasting:500:15.4;longevity_eternal:100:3.1|sillage_intimate:400:13.6;sillage_moderate:1600:54.2;sillage_strong:800:27.1;sillage_enormous:150:5.1|season_winter:250:8.93;season_spring:2200:78.57;season_summer:2800:100.0;season_fall:600:21.43|season_day:2800:100.0;season_night:500:17.86|pros(Bright, easy summer scent,77,4;Less sweet than Invictus,70,4)cons(Short-lived on skin,39,2;Close to many other sporty aquatics,35,2)|||||
900366||Paco Rabanne;b73|Invictus Platinum|2022|gender_for_men||||||a1:100;a7:65;a2:61;a6:56;a3:55;a8:48;a22:45|top(n268,1.0,5.0;n87,0.95,4.75)middle(n20,1.0,5.0;n13,0.95,4.75)base(n167,1.0,5.0;n18,0.95,4.75)||<p>Absinthe and grapefruit open onto cool mint and lavender, drying down to cypress and patchouli. Fresher and more aromatic than the sweet Invictus flankers, with a bright, just-showered feel.</p>|3.8;5000|350|like_love:1700:34.7;like_like:1700:34.7;like_ok:900:18.4;like_dislike:350:7.1;like_hate:250:5.1|price_way_overpriced:150:3.7;price_overpriced:450:11.0;price_ok:1500:36.6;price_good_value:1400:34.1;price_great_value:600:14.6|gvotes_female:40:0.8;gvotes_more_female:60:1.2;gvotes_unisex:350:7.2;gvotes_more_male:1200:24.7;gvotes_male:3200:66.0|longevity_very_weak:200:4.8;longevity_weak:550:13.3;longevity_moderate:1800:43.4;longevity_long_lasting:1300:31.3;longevity_eternal:300:7.2|sillage_intimate:250:6.4;sillage_moderate:1800:46.2;sillage_strong:1500:38.5;sillage_enormous:350:9.0|season_winter:700:19.44;season_spring:3300:91.67;season_summer:3600:100.0;season_fall:1300:36.11|season_day:4100:100.0;season_night:1100:26.83|pros(Distinctive minty-absinthe opening,120,5;Good for warm days and sport,110,5;Office-friendly freshness,100,5)cons(Mint can read as toothpaste,55,3;Average longevity,50,3)|||||
900367||Paco Rabanne;b73|Invictus Victory|2021|gender_for_men||||||a12:100;a15:98;a13:59;a1:57;a53:53;a8:51;a21:48;a7:47;a3:46|top(n2,1.0,5.0;n19,0.95,4.75)middle(n13,1.0,5.0;n69,0.95,4.75)base(n29,1.0,5.0;n11,0.95,4.75;n30,0.9,4.5)||<p>Lemon and pink pepper open onto lavender and frankincense, settling into vanilla, amber and tonka bean. A smooth, sweet amber-vanilla that sits far from the fresh-marine Invictus original.</p>|4;9000|630|like_love:4700:51.6;like_like:2700:29.7;like_ok:1000:11.0;like_dislike:400:4.4;like_hate:300:3.3|price_way_overpriced:200:2.6;price_overpriced:650:8.6;price_ok:2300:30.5;price_good_value:2900:38.4;price_great_value:1500:19.9|gvotes_female:100:1.1;gvotes_more_female:200:2.1;gvotes_unisex:1000:10.6;gvotes_more_male:2600:27.7;gvotes_male:5500:58.5|longevity_very_weak:120:1.5;longevity_weak:350:4.3;longevity_moderate:1800:22.0;longevity_long_lasting:4000:49.0;longevity_eternal:1900:23.3|sillage_intimate:200:2.6;sillage_moderate:1800:23.1;sillage_strong:4000:51.3;sillage_enormous:1800:23.1|season_winter:6500:100.0;season_spring:2200:33.85;season_summer:600:9.23;season_fall:6000:92.31|season_day:3300:44.0;season_night:7500:100.0|pros(Smooth and easy to like,216,9;Long-lasting,198,9;Popular for evenings out,180,9)cons(Very sweet,99,5;Can overwhelm in heat,90,5)|||||
900368||Paco Rabanne;b73|Invictus Victory Elixir|2023|gender_for_men||||||a12:100;a14:72;a15:64;a1:57;a13:54;a31:52;a8:48;a7:47;a24:45|top(n13,1.0,5.0;n107,0.95,4.75;n54,0.9,4.5)middle(n23,1.0,5.0;n18,0.95,4.75)base(n29,1.0,5.0;n30,0.95,4.75)|Domitille Michalon Bertier;p113;Anne Flipo;p77;Nicolas Beaulieu;p107|<p>Lavender, cardamom and black pepper open onto incense and patchouli, then settle into vanilla and tonka bean. Dense, spicy-sweet and resinous, it projects hard and suits cold nights.</p>|4.2;8000|560|like_love:4400:55.3;like_like:2200:27.7;like_ok:800:10.1;like_dislike:300:3.8;like_hate:250:3.1|price_way_overpriced:200:3.0;price_overpriced:550:8.1;price_ok:1700:25.2;price_good_value:2600:38.5;price_great_value:1700:25.2|gvotes_female:70:0.9;gvotes_more_female:120:1.5;gvotes_unisex:600:7.4;gvotes_more_male:2000:24.7;gvotes_male:5300:65.5|longevity_very_weak:80:1.0;longevity_weak:200:2.6;longevity_moderate:1100:14.3;longevity_long_lasting:3600:46.9;longevity_eternal:2700:35.2|sillage_intimate:120:1.6;sillage_moderate:900:12.0;sillage_strong:3500:46.5;sillage_enormous:3000:39.9|season_winter:6000:100.0;season_spring:1300:21.67;season_summer:350:5.83;season_fall:5500:91.67|season_day:2200:32.35;season_night:6800:100.0|pros(Big projection and longevity,192,8;Warm spicy-vanilla crowd-pleaser,176,8;Strong cold-weather option,160,8)cons(Easy to overspray,96,4;Cloying in heat,88,4;Close to other sweet designer elixirs,80,4)|||||
900369||Paco Rabanne;b73|Lady Million|2010|gender_for_women||||||a35:100;a17:80;a13:70;a10:55;a22:45;a3:40;a15:35|top(n115,1.0,5.0;n103,0.95,4.75;n420,0.9,4.5)middle(n6,1.0,5.0;n27,0.95,4.75;n289,0.9,4.5)base(n97,1.0,5.0;n18,0.95,4.75;n11,0.9,4.5)|Anne Flipo;p77;Dominique Ropion;p40;Béatrice Piquet;p124|<p>A loud mix of honey, raspberry and orange blossom over patchouli and amber. Glitzy and made to be noticed.</p>|3.85;13600|952|like_love:5500:40.4;like_like:3800:27.9;like_ok:2000:14.7;like_dislike:1200:8.8;like_hate:1100:8.1|price_way_overpriced:500:5.4;price_overpriced:1100:12.0;price_ok:3500:38.0;price_good_value:2800:30.4;price_great_value:1300:14.1|gvotes_female:8500:83.2;gvotes_more_female:1200:11.7;gvotes_unisex:400:3.9;gvotes_more_male:60:0.6;gvotes_male:60:0.6|longevity_very_weak:300:2.6;longevity_weak:600:5.1;longevity_moderate:2800:23.9;longevity_long_lasting:5000:42.7;longevity_eternal:3000:25.6|sillage_intimate:500:4.6;sillage_moderate:3000:27.8;sillage_strong:4500:41.7;sillage_enormous:2800:25.9|season_winter:7000:93.33;season_spring:4000:53.33;season_summer:1800:24.0;season_fall:7500:100.0|season_day:4000:44.44;season_night:9000:100.0|pros(Huge performance,326,14;Ready for parties,299,14;Reasonably priced,272,14)cons(Can be loud and cloying,164,7;Divides opinion,150,7;Not office-appropriate,136,7)|||||
900370||Paco Rabanne;b73|Olympéa|2015|gender_for_women||||||a12:100;a42:80;a13:65;a15:50;a6:40;a17:35|top(n203,1.0,5.0;n317,0.95,4.75;n421,0.9,4.5)middle(n29,1.0,5.0;n335,0.95,4.75)base(n148,1.0,5.0;n36,0.95,4.75;n17,0.9,4.5)|Anne Flipo;p77;Loc Dong;p28;Dominique Ropion;p40|<p>A salty vanilla wrapped around creamy woods and a hint of jasmine. Sensual, skin-like and addictive.</p>|3.9;11900|833|like_love:5000:42.0;like_like:3800:31.9;like_ok:1800:15.1;like_dislike:800:6.7;like_hate:500:4.2|price_way_overpriced:400:4.9;price_overpriced:1000:12.3;price_ok:3300:40.7;price_good_value:2400:29.6;price_great_value:1000:12.3|gvotes_female:7500:84.5;gvotes_more_female:1000:11.3;gvotes_unisex:300:3.4;gvotes_more_male:40:0.5;gvotes_male:40:0.5|longevity_very_weak:400:4.0;longevity_weak:800:7.9;longevity_moderate:3500:34.7;longevity_long_lasting:4200:41.6;longevity_eternal:1200:11.9|sillage_intimate:700:7.7;sillage_moderate:4200:46.2;sillage_strong:3300:36.3;sillage_enormous:900:9.9|season_winter:5500:78.57;season_spring:5000:71.43;season_summer:3000:42.86;season_fall:7000:100.0|season_day:6500:100.0;season_night:6500:100.0|pros(Unusual salty-sweet twist,286,12;Versatile,262,12;Good value,238,12)cons(Salt accord can be faint,143,6;Moderate projection,131,6;Sweet for some,119,6)|||||
900371||Paco Rabanne;b73|Phantom|2021|gender_for_men||||||a8:100;a3:75;a1:70;a13:60;a12:55;a6:40|middle(n2,1.0,5.0;n13,0.95,4.75;n29,0.9,4.5;n16,0.85,4.25;n18,0.8,4.0)|Anne Flipo;p77;Dominique Ropion;p40;Juliette Karagueuzoglou;p125;Loc Dong;p28|<p>Lemon and lavender over a creamy vanilla, with a light vetiver-patchouli base. Bright, sweet and clearly aimed at a younger audience.</p>|3.7;7000|490|like_love:2200:31.0;like_like:2400:33.8;like_ok:1500:21.1;like_dislike:600:8.5;like_hate:400:5.6|price_way_overpriced:500:7.7;price_overpriced:1100:16.9;price_ok:2400:36.9;price_good_value:1700:26.2;price_great_value:800:12.3|gvotes_female:60:0.9;gvotes_more_female:120:1.8;gvotes_unisex:900:13.7;gvotes_more_male:2300:35.0;gvotes_male:3200:48.6|longevity_very_weak:250:3.9;longevity_weak:800:12.4;longevity_moderate:2600:40.3;longevity_long_lasting:2200:34.1;longevity_eternal:600:9.3|sillage_intimate:350:5.6;sillage_moderate:2500:40.0;sillage_strong:2600:41.6;sillage_enormous:800:12.8|season_winter:2500:55.56;season_spring:4500:100.0;season_summer:2500:55.56;season_fall:3200:71.11|season_day:4500:100.0;season_night:3000:66.67|pros(Distinctive robot-shaped bottle,168,7;Sweet lavender profile is easy to wear,154,7;Decent projection,140,7)cons(Can smell synthetic,77,4;Divides opinion among enthusiasts,70,4)|||||
900372||Paco Rabanne;b73|Phantom Parfum|2023|gender_for_men||||||a1:100;a12:80;a14:75;a3:72;a8:67;a6:66;a7:63;a21:62;a13:55|top(n3,1.0,5.0;n2,0.95,4.75;n304,0.9,4.5;n107,0.85,4.25)middle(n13,1.0,5.0;n46,0.95,4.75;n18,0.9,4.5;n9,0.85,4.25)base(n29,1.0,5.0;n288,0.95,4.75;n16,0.9,4.5)|Juliette Karagueuzoglou;p125;Dominique Ropion;p40;Anne Flipo;p77|<p>Bergamot, lemon, rhubarb and cardamom lead into a lavender heart with geranium, patchouli and cedar, drying down to vanilla, tolu balsam and vetiver. A warmer, woodier take on the Phantom lavender-vanilla idea.</p>|3.9;3500|245|like_love:1500:37.5;like_like:1400:35.0;like_ok:700:17.5;like_dislike:250:6.3;like_hate:150:3.8|price_way_overpriced:150:4.5;price_overpriced:400:11.9;price_ok:1200:35.8;price_good_value:1100:32.8;price_great_value:500:14.9|gvotes_female:50:1.4;gvotes_more_female:100:2.7;gvotes_unisex:450:12.2;gvotes_more_male:1100:29.7;gvotes_male:2000:54.1|longevity_very_weak:100:2.9;longevity_weak:300:8.6;longevity_moderate:1300:37.1;longevity_long_lasting:1400:40.0;longevity_eternal:400:11.4|sillage_intimate:200:6.2;sillage_moderate:1400:43.1;sillage_strong:1300:40.0;sillage_enormous:350:10.8|season_winter:2000:80.0;season_spring:1900:76.0;season_summer:900:36.0;season_fall:2500:100.0|season_day:2200:95.65;season_night:2300:100.0|pros(Pleasant lavender-vanilla balance,84,4;Works across most seasons,77,4;Refillable bottle,70,4)cons(Can smell generic,39,2;Moderate projection for a parfum,35,2)|||||
900373||Paco Rabanne;b73|Pure XS for Her|2018|gender_for_women||||||a12:100;a13:90;a6:65;a21:60;a52:55;a39:50;a38:45;a20:40|middle(n422,1.0,5.0;n29,0.95,4.75;n104,0.9,4.5;n121,0.85,4.25;n168,0.8,4.0;n27,0.75,3.75;n110,0.7,3.5;n17,0.65,3.25;n130,0.6,3.0;n129,0.55,2.75)|Quentin Bisch;p3|<p>A gourmand floral that pairs buttery ylang-ylang with a popcorn accord, warm vanilla and a touch of coconut and peach over soft woods and musk. Sweet and playful, it leans toward evenings and cooler weather.</p>|4.04;5900|413|like_love:2242:38.4;like_like:1770:30.3;like_ok:944:16.2;like_dislike:472:8.1;like_hate:413:7.1|price_way_overpriced:177:4.1;price_overpriced:472:10.8;price_ok:1652:37.8;price_good_value:1416:32.4;price_great_value:649:14.9|gvotes_female:4130:82.7;gvotes_more_female:590:11.8;gvotes_unisex:236:4.7;gvotes_more_male:18:0.4;gvotes_male:18:0.4|longevity_very_weak:177:3.5;longevity_weak:413:8.1;longevity_moderate:1534:30.2;longevity_long_lasting:2124:41.9;longevity_eternal:826:16.3|sillage_intimate:236:5.2;sillage_moderate:1298:28.6;sillage_strong:2124:46.8;sillage_enormous:885:19.5|season_winter:3776:100.0;season_spring:1534:40.63;season_summer:472:12.5;season_fall:3540:93.75|season_day:2006:51.52;season_night:3894:100.0|pros(Fun, unusual popcorn note,142,6;Strong projection,130,6;Good performance for the price,118,6)cons(Very sweet,65,3;The popcorn accord is polarizing,59,3)|||||
900374||Parfums de Marly;b74|Althaïr|2023|gender_for_men||||||a12:100;a13:85;a14:70;a6:55;a17:45;a15:40;a3:35|top(n3,1.0,5.0;n42,0.95,4.75;n61,0.9,4.5)middle(n27,1.0,5.0;n25,0.95,4.75;n107,0.9,4.5)base(n163,1.0,5.0;n70,0.95,4.75;n122,0.9,4.5)||<p>A short citrus and elemi lift leads to orange blossom warmed with cinnamon and cardamom, over a rich base of bourbon vanilla, praline and smoky guaiac wood. A smooth, sweet vanilla-wood scent with a spiced floral heart.</p>|4.2;3000|210|like_love:1482:52.0;like_like:855:30.0;like_ok:314:11.0;like_dislike:114:4.0;like_hate:86:3.0|price_way_overpriced:630:30.0;price_overpriced:693:33.0;price_ok:525:25.0;price_good_value:168:8.0;price_great_value:84:4.0|gvotes_female:108:4.0;gvotes_more_female:216:8.0;gvotes_unisex:1026:38.0;gvotes_more_male:810:30.0;gvotes_male:540:20.0|longevity_very_weak:68:3.0;longevity_weak:180:8.0;longevity_moderate:720:32.0;longevity_long_lasting:945:42.0;longevity_eternal:338:15.0|sillage_intimate:180:8.0;sillage_moderate:788:35.0;sillage_strong:900:40.0;sillage_enormous:382:17.0|season_winter:2250:100.0;season_spring:900:40.0;season_summer:240:10.67;season_fall:2100:93.33|season_day:1200:47.06;season_night:2550:100.0|pros(Rich, well-blended vanilla,72,3;Warm and enveloping in cool weather,66,3;Good longevity,60,3)cons(Too sweet for hot days,33,2;Crowded vanilla-gourmand field,30,2)|||||
900375||Parfums de Marly;b74|Delina|2017|gender_for_women||||||a30:100;a10:75;a13:60;a9:58;a20:45;a21:38;a11:30|top(n249,1.0,5.0;n304,0.95,4.75;n3,0.9,4.5;n108,0.85,4.25)middle(n228,1.0,5.0;n141,0.95,4.75;n35,0.9,4.5;n29,0.85,4.25)base(n207,1.0,5.0;n23,0.95,4.75;n16,0.9,4.5)|Quentin Bisch;p3|<p>A luminous pink rose sweetened with lychee and tart rhubarb over soft musk and cashmeran. It is feminine and polished, a match for its pink bottle.</p>|4.2;13000|910|like_love:7500:59.3;like_like:3000:23.7;like_ok:1300:10.3;like_dislike:500:4.0;like_hate:350:2.8|price_way_overpriced:2600:26.0;price_overpriced:3200:32.0;price_ok:2800:28.0;price_good_value:900:9.0;price_great_value:500:5.0|gvotes_female:9000:80.4;gvotes_more_female:1500:13.4;gvotes_unisex:600:5.4;gvotes_more_male:60:0.5;gvotes_male:40:0.4|longevity_very_weak:250:2.4;longevity_weak:600:5.9;longevity_moderate:2600:25.4;longevity_long_lasting:4800:46.8;longevity_eternal:2000:19.5|sillage_intimate:500:4.9;sillage_moderate:3000:29.4;sillage_strong:4800:47.1;sillage_enormous:1900:18.6|season_winter:4500:42.86;season_spring:10500:100.0;season_summer:4000:38.1;season_fall:6500:61.9|season_day:9500:100.0;season_night:6000:63.16|pros(Beautiful modern rose,338,13;Excellent longevity,312,13;Elegant and feminine,286,13;Iconic pink presentation,260,13)cons(Can be too sweet for some,156,7;High price,143,7;Very common among fragrance fans,130,7)|||||
900376||Parfums de Marly;b74|Delina Exclusif|2018|gender_for_women||||||a30:100;a10:70;a13:60;a32:50;a15:45;a24:40;a12:35;a6:35|top(n76,1.0,5.0;n249,0.95,4.75;n87,0.9,4.5;n3,0.85,4.25)middle(n228,1.0,5.0;n23,0.95,4.75)base(n68,1.0,5.0;n29,0.95,4.75;n11,0.9,4.5;n39,0.85,4.25)|Quentin Bisch;p3|<p>A deeper, smokier take on juicy rose with incense, oud and amber beneath the fruit. Rich and sultry for evenings out.</p>|4.2;6000|420|like_love:3200:56.1;like_like:1500:26.3;like_ok:600:10.5;like_dislike:250:4.4;like_hate:150:2.6|price_way_overpriced:1000:26.5;price_overpriced:1400:37.1;price_ok:900:23.9;price_good_value:350:9.3;price_great_value:120:3.2|gvotes_female:2800:59.2;gvotes_more_female:1200:25.4;gvotes_unisex:600:12.7;gvotes_more_male:80:1.7;gvotes_male:50:1.1|longevity_very_weak:80:1.5;longevity_weak:200:3.9;longevity_moderate:900:17.4;longevity_long_lasting:2400:46.3;longevity_eternal:1600:30.9|sillage_intimate:120:2.5;sillage_moderate:900:18.7;sillage_strong:2300:47.7;sillage_enormous:1500:31.1|season_winter:3200:94.12;season_spring:2200:64.71;season_summer:600:17.65;season_fall:3400:100.0|season_day:1800:42.86;season_night:4200:100.0|pros(Opulent evening rose,144,6;Beast-mode performance,132,6;Luxurious feel,120,6)cons(Very expensive,66,3;Too heavy for daytime heat,60,3)|||||
900377||Parfums de Marly;b74|Delina La Rosée|2019|gender_for_women||||||a30:100;a10:85;a11:60;a3:50;a20:48;a9:45;a13:40|top(n3,1.0,5.0;n19,0.95,4.75;n249,0.9,4.5;n76,0.85,4.25)middle(n66,1.0,5.0;n141,0.95,4.75)base(n110,1.0,5.0;n29,0.95,4.75;n16,0.9,4.5)||<p>Juicy lychee and pear with bergamot and pink pepper open onto a fresh rose and peony heart, over soft white musk, vanilla and a little vetiver. A lighter, dewier version of Delina suited to warmer days.</p>|4;2500|175|like_love:1069:45.0;like_like:760:32.0;like_ok:356:15.0;like_dislike:119:5.0;like_hate:71:3.0|price_way_overpriced:525:30.0;price_overpriced:578:33.0;price_ok:438:25.0;price_good_value:140:8.0;price_great_value:70:4.0|gvotes_female:1238:55.0;gvotes_more_female:562:25.0;gvotes_unisex:338:15.0;gvotes_more_male:68:3.0;gvotes_male:45:2.0|longevity_very_weak:94:5.0;longevity_weak:281:15.0;longevity_moderate:844:45.0;longevity_long_lasting:525:28.0;longevity_eternal:131:7.0|sillage_intimate:281:15.0;sillage_moderate:938:50.0;sillage_strong:525:28.0;sillage_enormous:131:7.0|season_winter:375:17.65;season_spring:2125:100.0;season_summer:1375:64.71;season_fall:625:29.41|season_day:2125:100.0;season_night:750:35.29|pros(Fresh, pretty rose,60,3;More wearable in warm weather than Delina,55,3;Office-friendly,50,3)cons(Weaker performance than the original,28,1;High price for its intensity,25,1)|||||
900378||Parfums de Marly;b74|Greenley|2020|gender_for_women_and_men||||||a2:100;a3:85;a10:70;a6:60;a11:55;a15:40|top(n3,1.0,5.0;n42,0.95,4.75;n105,0.9,4.5)middle(n45,1.0,5.0)base(n133,1.0,5.0;n130,0.95,4.75;n9,0.9,4.5)||<p>Crisp green apple and citrus over a leafy petitgrain heart, drying down to clean ambery woods and cedar. Bright, airy and uncomplicated, a daytime scent with a lightly sweet green-fruit tone.</p>|4.1;4000|280|like_love:1710:45.0;like_like:1216:32.0;like_ok:570:15.0;like_dislike:190:5.0;like_hate:114:3.0|price_way_overpriced:840:30.0;price_overpriced:924:33.0;price_ok:700:25.0;price_good_value:224:8.0;price_great_value:112:4.0|gvotes_female:432:12.0;gvotes_more_female:720:20.0;gvotes_unisex:1620:45.0;gvotes_more_male:540:15.0;gvotes_male:288:8.0|longevity_very_weak:150:5.0;longevity_weak:450:15.0;longevity_moderate:1350:45.0;longevity_long_lasting:840:28.0;longevity_eternal:210:7.0|sillage_intimate:450:15.0;sillage_moderate:1500:50.0;sillage_strong:840:28.0;sillage_enormous:210:7.0|season_winter:600:18.75;season_spring:3200:100.0;season_summer:2600:81.25;season_fall:1400:43.75|season_day:3400:100.0;season_night:1200:35.29|pros(Fresh, clean and easy to wear,96,4;Suits office and daytime,88,4;Pleasant for most people,80,4)cons(Pricey for a simple fresh scent,44,2;Can feel generic to enthusiasts,40,2)|||||
900379||Parfums de Marly;b74|Haltane|2021|gender_for_men||||||a6:100;a1:80;a32:70;a14:60;a13:50;a23:45;a8:40|top(n3,1.0,5.0;n19,0.95,4.75)middle(n40,1.0,5.0;n122,0.95,4.75;n13,0.9,4.5;n160,0.85,4.25)base(n68,1.0,5.0;n18,0.95,4.75;n16,0.9,4.5;n85,0.85,4.25)||<p>Bergamot and pink pepper lead into lavender, clary sage and saffron with a light praline sweetness, then deepen into oud, patchouli, vetiver and leather. A dark woody-aromatic in which the oud reads smooth rather than medicinal.</p>|4.2;2500|175|like_love:1069:45.0;like_like:760:32.0;like_ok:356:15.0;like_dislike:119:5.0;like_hate:71:3.0|price_way_overpriced:525:30.0;price_overpriced:578:33.0;price_ok:438:25.0;price_good_value:140:8.0;price_great_value:70:4.0|gvotes_female:45:2.0;gvotes_more_female:68:3.0;gvotes_unisex:450:20.0;gvotes_more_male:788:35.0;gvotes_male:900:40.0|longevity_very_weak:56:3.0;longevity_weak:150:8.0;longevity_moderate:600:32.0;longevity_long_lasting:788:42.0;longevity_eternal:281:15.0|sillage_intimate:150:8.0;sillage_moderate:656:35.0;sillage_strong:750:40.0;sillage_enormous:319:17.0|season_winter:2000:100.0;season_spring:625:31.25;season_summer:175:8.75;season_fall:1750:87.5|season_day:875:41.18;season_night:2125:100.0|pros(Smooth, wearable oud,60,3;Elegant for formal evenings,55,3;Long-lasting,50,3)cons(Heavy for warm weather,28,1;High price,25,1)|||||
900380||Parfums de Marly;b74|Herod|2012|gender_for_men||||||a28:100;a14:80;a12:68;a16:55;a13:50;a6:42;a24:30|top(n25,1.0,5.0;n111,0.95,4.75)middle(n55,1.0,5.0;n23,0.95,4.75;n80,0.9,4.5;n79,0.85,4.25)base(n29,1.0,5.0;n35,0.95,4.75;n50,0.9,4.5)|Olivier Pescheux;p69|<p>Cinnamon-dusted tobacco leaf with a soft haze of incense, settling into creamy vanilla and cedar. It smells like sweet pipe tobacco rather than smoke.</p>|4.2;9500|665|like_love:4800:55.2;like_like:2500:28.7;like_ok:900:10.3;like_dislike:300:3.4;like_hate:200:2.3|price_way_overpriced:1400:18.9;price_overpriced:2000:27.0;price_ok:2500:33.8;price_good_value:1000:13.5;price_great_value:500:6.8|gvotes_female:150:1.5;gvotes_more_female:250:2.6;gvotes_unisex:2200:22.7;gvotes_more_male:3300:34.0;gvotes_male:3800:39.2|longevity_very_weak:150:1.7;longevity_weak:450:5.2;longevity_moderate:2300:26.7;longevity_long_lasting:4200:48.8;longevity_eternal:1500:17.4|sillage_intimate:400:4.9;sillage_moderate:2800:34.1;sillage_strong:3800:46.3;sillage_enormous:1200:14.6|season_winter:7000:100.0;season_spring:1500:21.43;season_summer:400:5.71;season_fall:6800:97.14|season_day:3000:44.12;season_night:6800:100.0|pros(Cosy tobacco-vanilla warmth,228,10;Smooth rather than smoky,209,10;Strong cold-weather performance,190,10)cons(Too heavy for summer,115,5;Close to other tobacco-vanilla scents,105,5;Pricey,95,5)|||||
900381||Parfums de Marly;b74|Layton|2016|gender_for_men||||||a12:100;a14:80;a10:62;a1:55;a8:50;a7:45;a6:42|top(n22,1.0,5.0;n13,0.95,4.75;n3,0.9,4.5;n37,0.85,4.25)middle(n46,1.0,5.0;n153,0.95,4.75;n6,0.9,4.5)base(n29,1.0,5.0;n107,0.95,4.75;n17,0.9,4.5;n111,0.85,4.25;n18,0.8,4.0;n70,0.75,3.75)|Hamid Merati-Kashani;p126|<p>Crisp apple and lavender melting into creamy vanilla, cardamom and woods. Polished, warm and widely liked, it works well as a cold-season date scent.</p>|4.3;14000|980|like_love:7000:53.2;like_like:4000:30.4;like_ok:1500:11.4;like_dislike:400:3.0;like_hate:250:1.9|price_way_overpriced:1200:11.0;price_overpriced:2800:25.7;price_ok:3500:32.1;price_good_value:2200:20.2;price_great_value:1200:11.0|gvotes_female:200:1.6;gvotes_more_female:400:3.2;gvotes_unisex:2500:19.8;gvotes_more_male:4000:31.7;gvotes_male:5500:43.7|longevity_very_weak:200:1.8;longevity_weak:700:6.1;longevity_moderate:3500:30.7;longevity_long_lasting:5000:43.9;longevity_eternal:2000:17.5|sillage_intimate:400:3.3;sillage_moderate:3500:28.9;sillage_strong:6000:49.6;sillage_enormous:2200:18.2|season_winter:8500:89.47;season_spring:4500:47.37;season_summer:1200:12.63;season_fall:9500:100.0|season_day:6500:76.47;season_night:8500:100.0|pros(Widely liked apple-vanilla,336,14;Strong projection,308,14;Works through all the cool months,280,14)cons(Pricey,168,7;Widely cloned,154,7;Too sweet for summer heat,140,7)|||||
900382||Parfums de Marly;b74|Layton Exclusif|2017|gender_for_men||||||a6:100;a1:80;a32:70;a14:65;a23:50;a8:45;a22:40|top(n3,1.0,5.0;n19,0.95,4.75;n107,0.9,4.5)middle(n46,1.0,5.0;n13,0.95,4.75;n423,0.9,4.5)base(n68,1.0,5.0;n17,0.95,4.75;n18,0.9,4.5;n85,0.85,4.25)||<p>Bergamot, pink pepper and cardamom lead into an aromatic geranium and lavender heart, then a rich base of oud, sandalwood, patchouli and leather. A darker, woodier take on the Layton theme, dense and warm.</p>|4.3;4000|280|like_love:1976:52.0;like_like:1140:30.0;like_ok:418:11.0;like_dislike:152:4.0;like_hate:114:3.0|price_way_overpriced:840:30.0;price_overpriced:924:33.0;price_ok:700:25.0;price_good_value:224:8.0;price_great_value:112:4.0|gvotes_female:72:2.0;gvotes_more_female:108:3.0;gvotes_unisex:720:20.0;gvotes_more_male:1260:35.0;gvotes_male:1440:40.0|longevity_very_weak:60:2.0;longevity_weak:150:5.0;longevity_moderate:600:20.0;longevity_long_lasting:1290:43.0;longevity_eternal:900:30.0|sillage_intimate:150:5.0;sillage_moderate:750:25.0;sillage_strong:1260:42.0;sillage_enormous:840:28.0|season_winter:3400:100.0;season_spring:800:23.53;season_summer:200:5.88;season_fall:2800:82.35|season_day:1200:33.33;season_night:3600:100.0|pros(Big projection and longevity,96,4;Rich, dark and distinctive,88,4;Strong cold-weather presence,80,4)cons(Easy to overapply,44,2;Unsuitable for heat or close quarters,40,2)|||||
900383||Parfums de Marly;b74|Pegasus|2011|gender_for_women_and_men||||||a25:100;a12:85;a21:60;a1:50;a13:48;a6:40;a8:35|top(n287,1.0,5.0;n65,0.95,4.75;n3,0.9,4.5)middle(n52,1.0,5.0;n13,0.95,4.75;n6,0.9,4.5)base(n29,1.0,5.0;n17,0.95,4.75;n11,0.9,4.5)|Hamid Merati-Kashani;p126|<p>Creamy almond and heliotrope with a touch of lavender, drying down to vanilla and sandalwood. Soft and powdery, it sits between a gourmand and a classic fougère.</p>|4.25;9000|630|like_love:4800:55.2;like_like:2500:28.7;like_ok:900:10.3;like_dislike:300:3.4;like_hate:200:2.3|price_way_overpriced:1200:16.4;price_overpriced:2000:27.4;price_ok:2600:35.6;price_good_value:1000:13.7;price_great_value:500:6.8|gvotes_female:200:2.2;gvotes_more_female:400:4.4;gvotes_unisex:2400:26.7;gvotes_more_male:3000:33.3;gvotes_male:3000:33.3|longevity_very_weak:150:1.8;longevity_weak:450:5.4;longevity_moderate:2200:26.5;longevity_long_lasting:4000:48.2;longevity_eternal:1500:18.1|sillage_intimate:350:4.3;sillage_moderate:2700:33.5;sillage_strong:3800:47.2;sillage_enormous:1200:14.9|season_winter:5000:80.65;season_spring:4500:72.58;season_summer:1200:19.35;season_fall:6200:100.0|season_day:5000:90.91;season_night:5500:100.0|pros(Smooth almond-vanilla character,216,9;Easy to wear day or evening,198,9;Good projection,180,9)cons(Almond note is divisive,108,5;Can feel sweet in heat,99,5;Expensive,90,5)|||||
900384||Parfums de Marly;b74|Percival|2015|gender_for_men||||||a1:100;a3:85;a7:70;a8:60;a20:55;a15:45;a21:35|top(n3,1.0,5.0;n42,0.95,4.75;n19,0.9,4.5)middle(n13,1.0,5.0;n161,0.95,4.75;n107,0.9,4.5)base(n424,1.0,5.0;n30,0.95,4.75;n133,0.9,4.5;n110,0.85,4.25)||<p>Bergamot, mandarin and pink pepper over a lavender, iris and cardamom heart, settling on ambroxan, white musk and a soft tonka and fir-balsam warmth. A clean, polished aromatic that favours freshness over sweetness.</p>|4;5000|350|like_love:2138:45.0;like_like:1520:32.0;like_ok:712:15.0;like_dislike:238:5.0;like_hate:142:3.0|price_way_overpriced:770:22.0;price_overpriced:1120:32.0;price_ok:1120:32.0;price_good_value:350:10.0;price_great_value:140:4.0|gvotes_female:180:4.0;gvotes_more_female:360:8.0;gvotes_unisex:1710:38.0;gvotes_more_male:1350:30.0;gvotes_male:900:20.0|longevity_very_weak:188:5.0;longevity_weak:562:15.0;longevity_moderate:1688:45.0;longevity_long_lasting:1050:28.0;longevity_eternal:262:7.0|sillage_intimate:562:15.0;sillage_moderate:1875:50.0;sillage_strong:1050:28.0;sillage_enormous:262:7.0|season_winter:1000:25.0;season_spring:4000:100.0;season_summer:3000:75.0;season_fall:2250:56.25|season_day:4250:100.0;season_night:1750:41.18|pros(Clean and versatile,120,5;Easy office choice,110,5;Smooth, inoffensive profile,100,5)cons(Less distinctive than the house's bolder scents,55,3;Moderate projection,50,3)|||||
900385||Parfums de Marly;b74|Sedley|2019|gender_for_women_and_men||||||a3:100;a1:85;a11:70;a2:50;a8:42;a6:40;a20:32|top(n3,1.0,5.0;n425,0.95,4.75;n94,0.9,4.5)middle(n46,1.0,5.0;n423,0.95,4.75;n418,0.9,4.5)base(n17,1.0,5.0;n133,0.95,4.75;n110,0.9,4.5)||<p>A cool, minty citrus with aromatic lavandin, geranium and a touch of pine over clean sandalwood and musk. Crisp and energetic, a fresh scent for warm days.</p>|4;3500|245|like_love:1500:45.0;like_like:1100:33.0;like_ok:500:15.0;like_dislike:150:4.5;like_hate:80:2.4|price_way_overpriced:900:32.1;price_overpriced:900:32.1;price_ok:700:25.0;price_good_value:200:7.1;price_great_value:100:3.6|gvotes_female:60:1.7;gvotes_more_female:100:2.9;gvotes_unisex:700:20.2;gvotes_more_male:1100:31.8;gvotes_male:1500:43.4|longevity_very_weak:120:4.0;longevity_weak:350:11.6;longevity_moderate:1200:39.7;longevity_long_lasting:1100:36.4;longevity_eternal:250:8.3|sillage_intimate:250:8.3;sillage_moderate:1400:46.7;sillage_strong:1100:36.7;sillage_enormous:250:8.3|season_winter:300:10.0;season_spring:2600:86.67;season_summer:3000:100.0;season_fall:800:26.67|season_day:3000:100.0;season_night:600:20.0|pros(Refreshing mint-citrus opening,84,4;Good hot-weather choice,77,4;Clean and unfussy,70,4)cons(Shorter-lived than the house's heavier scents,43,2;Expensive for a fresh scent,39,2;Mint note is divisive,35,2)|||||
900386||Parfums de Marly;b74|Valaya|2023|gender_for_women||||||a20:100;a17:80;a51:65;a10:55;a3:50;a21:45|top(n3,1.0,5.0;n42,0.95,4.75;n369,0.9,4.5)middle(n27,1.0,5.0;n32,0.95,4.75)base(n110,1.0,5.0;n81,0.95,4.75;n29,0.9,4.5;n16,0.85,4.25)||<p>Citrus and white peach over a gentle orange blossom and white-floral heart, resting on white musk and vanilla with a dry thread of akigalawood and vetiver. A soft, clean white-musk scent with a crisp, just-washed character.</p>|4.1;3500|245|like_love:1496:45.0;like_like:1064:32.0;like_ok:499:15.0;like_dislike:166:5.0;like_hate:100:3.0|price_way_overpriced:735:30.0;price_overpriced:808:33.0;price_ok:612:25.0;price_good_value:196:8.0;price_great_value:98:4.0|gvotes_female:1732:55.0;gvotes_more_female:788:25.0;gvotes_unisex:472:15.0;gvotes_more_male:94:3.0;gvotes_male:63:2.0|longevity_very_weak:131:5.0;longevity_weak:394:15.0;longevity_moderate:1181:45.0;longevity_long_lasting:735:28.0;longevity_eternal:184:7.0|sillage_intimate:394:15.0;sillage_moderate:1312:50.0;sillage_strong:735:28.0;sillage_enormous:184:7.0|season_winter:1050:37.5;season_spring:2800:100.0;season_summer:1925:68.75;season_fall:1400:50.0|season_day:2975:100.0;season_night:1225:41.18|pros(Clean, polished musk,84,4;Easy to wear daily,77,4;Soft but noticeable,70,4)cons(Pricey for a clean-musk style,39,2;Can smell simple to some,35,2)|||||
900387||Paris Hilton;b75|Heiress|2006|gender_for_women||||||a10:100;a19:70;a13:65;a17:55;a9:50;a6:35|top(n243,1.0,5.0;n131,0.95,4.75;n168,0.9,4.5;n94,0.85,4.25;n210,0.8,4.0)middle(n426,1.0,5.0;n427,0.95,4.75;n104,0.9,4.5;n146,0.85,4.25;n188,0.8,4.0)base(n30,1.0,5.0;n265,0.95,4.75;n154,0.9,4.5)|Steve DeMercado;p26|<p>A bubbly fruity floral: passion fruit, orange and peach with a champagne-like fizz, softening into tiare, jasmine and honeysuckle over tonka, violet leaf and pale woods. Sweet, tropical and upbeat.</p>|3.8;3000|210|like_love:950:34.7;like_like:950:34.7;like_ok:550:20.1;like_dislike:200:7.3;like_hate:90:3.3|price_way_overpriced:30:1.1;price_overpriced:80:3.0;price_ok:500:18.5;price_good_value:900:33.2;price_great_value:1200:44.3|gvotes_female:2000:76.9;gvotes_more_female:500:19.2;gvotes_unisex:80:3.1;gvotes_more_male:10:0.4;gvotes_male:10:0.4|longevity_very_weak:250:9.8;longevity_weak:650:25.5;longevity_moderate:1100:43.1;longevity_long_lasting:450:17.6;longevity_eternal:100:3.9|sillage_intimate:300:13.8;sillage_moderate:1100:50.7;sillage_strong:650:30.0;sillage_enormous:120:5.5|season_winter:400:20.0;season_spring:1800:90.0;season_summer:2000:100.0;season_fall:700:35.0|season_day:2000:100.0;season_night:1000:50.0|pros(Bubbly tropical-fruit opening,72,3;Cheerful summer character,66,3;Low price,60,3)cons(Sweetness can be too much,33,2;Soft sillage after an hour,30,2)|||||
900388||Paris Hilton;b75|Paris Hilton|2005|gender_for_women||||||a10:100;a9:80;a17:55;a11:50;a54:45;a13:40;a6:30|top(n43,1.0,5.0;n22,0.95,4.75;n168,0.9,4.5)middle(n63,1.0,5.0;n210,0.95,4.75;n6,0.9,4.5;n28,0.85,4.25;n233,0.8,4.0;n187,0.75,3.75)base(n35,1.0,5.0;n104,0.95,4.75;n17,0.9,4.5;n34,0.85,4.25)|Steve DeMercado;p26;James Krivda;p30|<p>Watery melon, crisp apple and peach lead into a bouquet of freesia, mimosa, jasmine, lily and a touch of tuberose, over soft sandalwood, oakmoss and musk. Bright and clean with a distinctly 2000s feel.</p>|3.8;7000|490|like_love:2300:34.6;like_like:2300:34.6;like_ok:1300:19.5;like_dislike:500:7.5;like_hate:250:3.8|price_way_overpriced:60:1.0;price_overpriced:150:2.5;price_ok:1100:18.3;price_good_value:2000:33.3;price_great_value:2700:44.9|gvotes_female:4500:75.0;gvotes_more_female:1200:20.0;gvotes_unisex:250:4.2;gvotes_more_male:30:0.5;gvotes_male:20:0.3|longevity_very_weak:500:8.3;longevity_weak:1500:24.8;longevity_moderate:2700:44.6;longevity_long_lasting:1100:18.2;longevity_eternal:250:4.1|sillage_intimate:600:11.5;sillage_moderate:2800:53.8;sillage_strong:1500:28.8;sillage_enormous:300:5.8|season_winter:900:18.75;season_spring:4800:100.0;season_summer:4200:87.5;season_fall:1500:31.25|season_day:5200:100.0;season_night:1400:26.92|pros(Fresh, airy fruit-floral,168,7;Very inexpensive,154,7;Easy daytime wear,140,7)cons(Smells dated to some,77,4;Watery melon opening can feel sharp,70,4)|||||
900389||Penhaligon's;b76|Endymion|2003|gender_for_men||||||a1:100;a8:80;a48:62;a3:50;a14:45;a6:40;a23:30|top(n3,1.0,5.0;n42,0.95,4.75;n47,0.9,4.5;n13,0.85,4.25)middle(n200,1.0,5.0;n46,0.95,4.75;n108,0.9,4.5)base(n16,1.0,5.0;n85,0.95,4.75;n73,0.9,4.5;n35,0.85,4.25)|Olivia Giacobetti;p70|<p>Lavender, sage and citrus over a soft coffee-and-nutmeg heart, drying down to vetiver, leather and musk. Refined and easy to wear, it balances a fresh aromatic opening with a gently warm finish.</p>|4.1;2600|182|like_love:1030:43.9;like_like:800:34.1;like_ok:350:14.9;like_dislike:120:5.1;like_hate:47:2.0|price_way_overpriced:330:18.0;price_overpriced:550:30.1;price_ok:620:33.9;price_good_value:220:12.0;price_great_value:110:6.0|gvotes_female:47:2.0;gvotes_more_female:94:4.0;gvotes_unisex:660:28.1;gvotes_more_male:940:40.0;gvotes_male:610:25.9|longevity_very_weak:120:5.8;longevity_weak:460:22.1;longevity_moderate:1000:48.0;longevity_long_lasting:420:20.2;longevity_eternal:83:4.0|sillage_intimate:370:18.1;sillage_moderate:1180:57.8;sillage_strong:410:20.1;sillage_enormous:81:4.0|season_winter:1430:68.75;season_spring:1950:93.75;season_summer:910:43.75;season_fall:2080:100.0|season_day:2290:100.0;season_night:1300:56.77|pros(Polished lavender-coffee blend,57,3;Versatile across seasons,52,3)cons(Moderate longevity,29,1;Coffee note is subtle,26,1)|||||
900390||Penhaligon's;b76|Halfeti|2015|gender_for_women_and_men||||||a14:100;a30:80;a32:65;a15:60;a23:50;a6:45|top(n3,1.0,5.0;n87,0.95,4.75;n107,0.9,4.5;n40,0.85,4.25)middle(n7,1.0,5.0;n6,0.95,4.75;n108,0.9,4.5;n13,0.85,4.25)base(n68,1.0,5.0;n85,0.95,4.75;n11,0.9,4.5;n17,0.85,4.25;n30,0.8,4.0;n29,0.75,3.75)|Christian Provenzano;p127|<p>A plush rose woven with saffron, cardamom and smooth oud on a leathery amber base. It takes its name and inspiration from a Turkish village known for its dark roses.</p>|4.2;4500|315|like_love:2500:58.8;like_like:1100:25.9;like_ok:400:9.4;like_dislike:150:3.5;like_hate:100:2.4|price_way_overpriced:700:23.0;price_overpriced:1000:32.8;price_ok:900:29.5;price_good_value:300:9.8;price_great_value:150:4.9|gvotes_female:250:6.1;gvotes_more_female:450:11.0;gvotes_unisex:2300:56.1;gvotes_more_male:700:17.1;gvotes_male:400:9.8|longevity_very_weak:60:1.6;longevity_weak:150:4.0;longevity_moderate:800:21.6;longevity_long_lasting:1800:48.5;longevity_eternal:900:24.3|sillage_intimate:150:4.2;sillage_moderate:1000:28.2;sillage_strong:1700:47.9;sillage_enormous:700:19.7|season_winter:3500:100.0;season_spring:1300:37.14;season_summer:500:14.29;season_fall:3300:94.29|season_day:1500:46.88;season_night:3200:100.0|pros(Luxurious rose-oud blend,108,5;Excellent longevity,99,5;Unisex and elegant,90,5)cons(Heavy for warm days,55,2;Expensive,50,2;Oud may be too much for some,45,2)|||||
900391||Penhaligon's;b76|The Tragedy of Lord George|2016|gender_for_men||||||a13:100;a6:78;a21:60;a1:55;a15:45|top(n428,1.0,5.0)middle(n30,1.0,5.0)base(n16,1.0,5.0;n11,0.95,4.75)||<p>A boozy tonka scent where brandy is layered over vetiver and amber, with a smooth, slightly barbershop-like finish. Warm and gentlemanly, it suits cooler evenings.</p>|4.1;3100|217|like_love:1280:46.0;like_like:890:32.0;like_ok:390:14.0;like_dislike:140:5.0;like_hate:84:3.0|price_way_overpriced:520:24.0;price_overpriced:690:31.8;price_ok:650:30.0;price_good_value:220:10.2;price_great_value:87:4.0|gvotes_female:84:3.0;gvotes_more_female:140:5.0;gvotes_unisex:890:32.0;gvotes_more_male:1060:38.1;gvotes_male:610:21.9|longevity_very_weak:74:3.0;longevity_weak:250:10.1;longevity_moderate:1090:43.9;longevity_long_lasting:870:35.0;longevity_eternal:200:8.1|sillage_intimate:190:7.9;sillage_moderate:1160:48.1;sillage_strong:870:36.1;sillage_enormous:190:7.9|season_winter:2640:100.0;season_spring:1080:40.91;season_summer:310:11.74;season_fall:2640:100.0|season_day:1550:62.5;season_night:2480:100.0|pros(Smooth boozy-tonka warmth,68,3;Refined, gentlemanly character,62,3)cons(Premium price,34,2;Too warm for summer,31,2)|||||
900392||Prada;b77|Candy|2011|gender_for_women||||||a40:100;a13:88;a31:70;a12:60;a21:55;a20:45|top(n353,1.0,5.0)middle(n429,1.0,5.0;n35,0.95,4.75)base(n90,1.0,5.0;n29,0.95,4.75)|Daniela Andrier;p128|<p>Chewy caramel and resinous benzoin wrapped in soft powdery musk. A playful candy-shop gourmand with a surprisingly grown-up resin core.</p>|3.9;13000|910|like_love:5500:44.0;like_like:3500:28.0;like_ok:2000:16.0;like_dislike:900:7.2;like_hate:600:4.8|price_way_overpriced:400:4.1;price_overpriced:1200:12.2;price_ok:3500:35.7;price_good_value:3200:32.7;price_great_value:1500:15.3|gvotes_female:8000:67.3;gvotes_more_female:2500:21.0;gvotes_unisex:1200:10.1;gvotes_more_male:100:0.8;gvotes_male:80:0.7|longevity_very_weak:300:2.9;longevity_weak:900:8.7;longevity_moderate:3500:33.7;longevity_long_lasting:4200:40.4;longevity_eternal:1500:14.4|sillage_intimate:600:5.9;sillage_moderate:3500:34.7;sillage_strong:4500:44.6;sillage_enormous:1500:14.9|season_winter:8500:100.0;season_spring:3000:35.29;season_summer:900:10.59;season_fall:8000:94.12|season_day:5000:71.43;season_night:7000:100.0|pros(Comforting caramel-benzoin,312,13;Distinctive and fun,286,13;Lasts well,260,13)cons(Very sweet,156,7;Simple, unchanging structure,143,7;Too playful for formal settings,130,7)|||||
900393||Prada;b77|Candy Kiss|2016|gender_for_women||||||a20:100;a17:80;a12:70;a21:60;a13:50;a51:35|top(n35,1.0,5.0)middle(n27,1.0,5.0)base(n29,1.0,5.0)|Daniela Andrier;p128|<p>A soft, cuddly musk scent sweetened with vanilla and lifted by a touch of orange blossom. Lighter and cleaner than Prada Candy, it reads more as a cosy skin scent than a dessert.</p>|4.07;2500|175|like_love:909:36.0;like_like:909:36.0;like_ok:455:18.0;like_dislike:159:6.3;like_hate:91:3.6|price_way_overpriced:114:6.7;price_overpriced:295:17.3;price_ok:727:42.7;price_good_value:409:24.0;price_great_value:159:9.3|gvotes_female:1773:84.8;gvotes_more_female:227:10.9;gvotes_unisex:82:3.9;gvotes_more_male:5:0.2;gvotes_male:5:0.2|longevity_very_weak:114:5.8;longevity_weak:295:14.9;longevity_moderate:818:41.4;longevity_long_lasting:591:29.9;longevity_eternal:159:8.0|sillage_intimate:318:16.9;sillage_moderate:955:50.6;sillage_strong:500:26.5;sillage_enormous:114:6.0|season_winter:1182:86.66;season_spring:1364:100.0;season_summer:409:29.99;season_fall:1273:93.33|season_day:1727:100.0;season_night:909:52.63|pros(Soft, comforting musk-vanilla,60,3;Suits close quarters,55,3;Less sugary than Candy,50,3)cons(Modest projection,28,1;Can feel too simple,25,1)|||||
900394||Prada;b77|Infusion d'Iris|2007|gender_for_women||||||a36:100;a21:85;a6:60;a3:45;a2:45;a31:35;a43:30|top(n42,1.0,5.0;n27,0.95,4.75;n103,0.9,4.5;n94,0.85,4.25)middle(n161,1.0,5.0;n44,0.95,4.75;n10,0.9,4.5)base(n23,1.0,5.0;n16,0.95,4.75;n9,0.9,4.5;n90,0.85,4.25)|Daniela Andrier;p128|<p>A cool, clean iris softened by neroli and a whisper of incense and vetiver. Serene and polished, it feels like fine cotton and quiet confidence.</p>|4.05;9000|630|like_love:4300:48.0;like_like:3000:33.5;like_ok:1000:11.2;like_dislike:400:4.5;like_hate:250:2.8|price_way_overpriced:300:3.8;price_overpriced:900:11.3;price_ok:3000:37.5;price_good_value:2800:35.0;price_great_value:1000:12.5|gvotes_female:4500:54.2;gvotes_more_female:2000:24.1;gvotes_unisex:1500:18.1;gvotes_more_male:200:2.4;gvotes_male:100:1.2|longevity_very_weak:300:3.8;longevity_weak:1200:15.0;longevity_moderate:3500:43.8;longevity_long_lasting:2500:31.3;longevity_eternal:500:6.3|sillage_intimate:900:12.2;sillage_moderate:3700:50.0;sillage_strong:2400:32.4;sillage_enormous:400:5.4|season_winter:2500:38.46;season_spring:6500:100.0;season_summer:2500:38.46;season_fall:3500:53.85|season_day:8000:100.0;season_night:1600:20.0|pros(Clean, refined iris,216,9;Excellent for the office,198,9;Effortless elegance,180,9)cons(Soft projection,99,5;Can wear thin on some skin,90,5)|||||
900395||Prada;b77|L'Homme|2016|gender_for_men||||||a36:100;a21:82;a51:58;a6:50;a15:48;a41:42;a7:38|top(n103,1.0,5.0;n54,0.95,4.75;n107,0.9,4.5;n223,0.85,4.25)middle(n161,1.0,5.0;n153,0.95,4.75;n46,0.9,4.5;n274,0.85,4.25)base(n11,1.0,5.0;n18,0.95,4.75;n9,0.9,4.5;n17,0.85,4.25)|Daniela Andrier;p128|<p>A crisp, soapy iris with neroli and a light amber-wood base, like freshly pressed linen. Understated sophistication that never shouts.</p>|4.1;11000|770|like_love:5500:50.7;like_like:3500:32.3;like_ok:1200:11.1;like_dislike:400:3.7;like_hate:250:2.3|price_way_overpriced:250:2.9;price_overpriced:900:10.4;price_ok:3000:34.7;price_good_value:3000:34.7;price_great_value:1500:17.3|gvotes_female:100:1.0;gvotes_more_female:200:1.9;gvotes_unisex:2500:24.3;gvotes_more_male:3000:29.1;gvotes_male:4500:43.7|longevity_very_weak:400:4.2;longevity_weak:1400:14.7;longevity_moderate:4000:42.1;longevity_long_lasting:3000:31.6;longevity_eternal:700:7.4|sillage_intimate:1200:12.9;sillage_moderate:5000:53.8;sillage_strong:2600:28.0;sillage_enormous:500:5.4|season_winter:3500:41.18;season_spring:8500:100.0;season_summer:4500:52.94;season_fall:5500:64.71|season_day:9500:100.0;season_night:3000:31.58|pros(Clean, refined elegance,264,11;Perfect for the office,242,11;Unisex-friendly,220,11)cons(Can be too subtle,121,6;Soapy feel not for everyone,110,6)|||||
900396||Prada;b77|L'Homme Intense|2017|gender_for_men||||||a36:100;a21:87;a15:82;a6:80;a43:68;a23:67;a41:65;a12:61;a14:60;a22:56|top(n161,1.0,5.0)middle(n11,1.0,5.0;n18,0.95,4.75)base(n30,1.0,5.0;n85,0.95,4.75;n17,0.9,4.5)|Daniela Andrier;p128|<p>Iris leads into amber and patchouli, with a base of tonka bean, leather and sandalwood. It keeps the powdery iris feel of L'Homme but runs warmer, deeper and more sensual.</p>|4.1;5000|350|like_love:2300:47.9;like_like:1600:33.3;like_ok:600:12.5;like_dislike:200:4.2;like_hate:100:2.1|price_way_overpriced:120:3.3;price_overpriced:450:12.3;price_ok:1400:38.1;price_good_value:1200:32.7;price_great_value:500:13.6|gvotes_female:60:1.3;gvotes_more_female:150:3.3;gvotes_unisex:700:15.2;gvotes_more_male:1400:30.4;gvotes_male:2300:49.9|longevity_very_weak:120:2.9;longevity_weak:350:8.5;longevity_moderate:1500:36.4;longevity_long_lasting:1700:41.3;longevity_eternal:450:10.9|sillage_intimate:400:10.1;sillage_moderate:2000:50.6;sillage_strong:1300:32.9;sillage_enormous:250:6.3|season_winter:2800:87.5;season_spring:1800:56.25;season_summer:500:15.63;season_fall:3200:100.0|season_day:2600:92.86;season_night:2800:100.0|pros(Refined, grown-up iris,120,5;Works for office and evening,110,5;Smooth and polished,100,5)cons(Quiet projection,55,3;Powdery style is not for everyone,50,3)|||||
900397||Prada;b77|L'Homme L'Eau|2017|gender_for_men||||||a21:100;a36:69;a6:61;a7:51;a41:49;a11:48;a3:48;a43:46|top(n103,1.0,5.0;n24,0.95,4.75)middle(n161,1.0,5.0;n11,0.95,4.75)base(n429,1.0,5.0;n17,0.95,4.75;n9,0.9,4.5)|Daniela Andrier;p128|<p>Neroli and ginger lead into iris and a soft amber, over powdery notes, sandalwood and cedar. A lighter, airier cut of L'Homme that keeps the clean iris and adds a fresh neroli lift.</p>|4;4000|280|like_love:1700:42.5;like_like:1400:35.0;like_ok:600:15.0;like_dislike:200:5.0;like_hate:100:2.5|price_way_overpriced:120:4.0;price_overpriced:450:14.9;price_ok:1200:39.7;price_good_value:900:29.8;price_great_value:350:11.6|gvotes_female:60:1.6;gvotes_more_female:130:3.4;gvotes_unisex:700:18.5;gvotes_more_male:1100:29.0;gvotes_male:1800:47.5|longevity_very_weak:250:7.6;longevity_weak:700:21.4;longevity_moderate:1500:45.9;longevity_long_lasting:700:21.4;longevity_eternal:120:3.7|sillage_intimate:500:17.2;sillage_moderate:1700:58.6;sillage_strong:600:20.7;sillage_enormous:100:3.4|season_winter:600:19.35;season_spring:3100:100.0;season_summer:2000:64.52;season_fall:1200:38.71|season_day:3400:100.0;season_night:700:20.59|pros(Clean, polished iris freshness,96,4;Suits office and spring,88,4;Inoffensive and elegant,80,4)cons(Soft projection,44,2;Shorter-lived than L'Homme,40,2)|||||
900398||Prada;b77|Luna Rossa|2012|gender_for_men||||||a1:100;a8:78;a2:67;a7:66;a3:63;a20:59;a15:50;a9:47|top(n13,1.0,5.0;n158,0.95,4.75)middle(n425,1.0,5.0;n160,0.95,4.75)base(n133,1.0,5.0;n129,0.95,4.75)|Daniela Andrier;p128|<p>Lavender and bitter orange with spearmint and clary sage, resting on ambroxan and ambrette. A clean, sharp lavender scent that feels crisp and restrained.</p>|3.9;7000|490|like_love:2400:36.1;like_like:2600:39.1;like_ok:1100:16.5;like_dislike:350:5.3;like_hate:200:3.0|price_way_overpriced:150:3.1;price_overpriced:500:10.3;price_ok:1800:37.1;price_good_value:1600:33.0;price_great_value:800:16.5|gvotes_female:60:0.9;gvotes_more_female:120:1.9;gvotes_unisex:700:10.8;gvotes_more_male:2000:30.9;gvotes_male:3600:55.6|longevity_very_weak:400:7.1;longevity_weak:1200:21.2;longevity_moderate:2600:46.0;longevity_long_lasting:1200:21.2;longevity_eternal:250:4.4|sillage_intimate:700:14.6;sillage_moderate:2800:58.3;sillage_strong:1100:22.9;sillage_enormous:200:4.2|season_winter:1200:25.0;season_spring:4800:100.0;season_summer:3300:68.75;season_fall:2400:50.0|season_day:5600:100.0;season_night:1500:26.79|pros(Clean, crisp lavender,168,7;Office-friendly,154,7;Easy to wear,140,7)cons(Weak longevity,77,4;Can feel thin,70,4)|||||
900399||Prada;b77|Luna Rossa Black|2018|gender_for_men||||||a15:100;a21:70;a22:60;a6:55;a20:50;a3:40;a13:35|top(n3,1.0,5.0)middle(n18,1.0,5.0;n267,0.95,4.75)base(n11,1.0,5.0;n247,0.95,4.75;n35,0.9,4.5)|Daniela Andrier;p128|<p>Smooth coumarin and amber with a flash of bergamot and soft patchouli. Dark and polished, it is quietly sexy rather than loud.</p>|4;6600|462|like_love:2800:42.4;like_like:2400:36.4;like_ok:900:13.6;like_dislike:350:5.3;like_hate:150:2.3|price_way_overpriced:150:3.6;price_overpriced:500:12.0;price_ok:1500:36.1;price_good_value:1300:31.3;price_great_value:700:16.9|gvotes_female:80:1.3;gvotes_more_female:150:2.4;gvotes_unisex:700:11.2;gvotes_more_male:1500:24.1;gvotes_male:3800:61.0|longevity_very_weak:150:3.0;longevity_weak:500:10.1;longevity_moderate:1800:36.4;longevity_long_lasting:2000:40.4;longevity_eternal:500:10.1|sillage_intimate:600:12.2;sillage_moderate:2500:51.0;sillage_strong:1500:30.6;sillage_enormous:300:6.1|season_winter:3500:92.11;season_spring:2000:52.63;season_summer:500:13.16;season_fall:3800:100.0|season_day:1800:37.5;season_night:4800:100.0|pros(Sleek, sophisticated amber,158,7;Easy to wear at night,145,7;Often well priced,132,7)cons(Moderate projection,73,3;Somewhat generic to enthusiasts,66,3)|||||
900400||Prada;b77|Luna Rossa Carbon|2017|gender_for_men||||||a1:100;a8:80;a7:70;a27:58;a3:50;a15:45;a6:40|top(n3,1.0,5.0;n111,0.95,4.75)middle(n13,1.0,5.0;n430,0.95,4.75;n405,0.9,4.5;n431,0.85,4.25;n432,0.8,4.0)base(n133,1.0,5.0;n18,0.95,4.75)|Daniela Andrier;p128|<p>A cool, slightly metallic lavender and bergamot scent with a clean ambroxan finish. Sleek and technical, like fresh air in a modern design studio.</p>|4;12000|840|like_love:4800:40.7;like_like:4200:35.6;like_ok:1800:15.3;like_dislike:600:5.1;like_hate:400:3.4|price_way_overpriced:100:1.0;price_overpriced:400:3.8;price_ok:2500:23.8;price_good_value:4500:42.9;price_great_value:3000:28.6|gvotes_female:60:0.6;gvotes_more_female:40:0.4;gvotes_unisex:500:5.1;gvotes_more_male:1800:18.2;gvotes_male:7500:75.8|longevity_very_weak:250:2.3;longevity_weak:900:8.3;longevity_moderate:4000:36.9;longevity_long_lasting:4500:41.5;longevity_eternal:1200:11.1|sillage_intimate:500:4.8;sillage_moderate:4200:40.0;sillage_strong:4500:42.9;sillage_enormous:1300:12.4|season_winter:3500:38.89;season_spring:9000:100.0;season_summer:6500:72.22;season_fall:5500:61.11|season_day:10000:100.0;season_night:4500:45.0|pros(Great value,288,12;Easy all-rounder,264,12;Good longevity,240,12)cons(Resembles Sauvage,132,6;Can feel synthetic,120,6)|||||
900401||Prada;b77|Luna Rossa Ocean|2021|gender_for_men||||||a1:100;a7:80;a3:70;a36:55;a21:45;a23:40;a6:35|top(n3,1.0,5.0;n19,0.95,4.75)middle(n161,1.0,5.0;n13,0.95,4.75;n109,0.9,4.5)base(n16,1.0,5.0;n18,0.95,4.75)||<p>Bergamot and pink pepper over iris, lavender and a soft suede, finishing on vetiver and patchouli. Clean and slightly powdery, it sits between a fresh blue fragrance and Prada's familiar iris style.</p>|3.9;5000|350|like_love:1600:33.3;like_like:1900:39.6;like_ok:900:18.8;like_dislike:300:6.3;like_hate:100:2.1|price_way_overpriced:250:6.3;price_overpriced:600:15.0;price_ok:1600:40.0;price_good_value:1100:27.5;price_great_value:450:11.3|gvotes_female:50:1.1;gvotes_more_female:80:1.7;gvotes_unisex:600:13.0;gvotes_more_male:1700:36.7;gvotes_male:2200:47.5|longevity_very_weak:150:3.5;longevity_weak:500:11.6;longevity_moderate:1800:41.9;longevity_long_lasting:1500:34.9;longevity_eternal:350:8.1|sillage_intimate:350:8.1;sillage_moderate:2000:46.5;sillage_strong:1600:37.2;sillage_enormous:350:8.1|season_winter:1000:26.32;season_spring:3800:100.0;season_summer:3000:78.95;season_fall:1800:47.37|season_day:4200:100.0;season_night:1300:30.95|pros(Clean, well-blended freshness,120,5;Iris-suede touch sets it apart from typical blues,110,5;Office-friendly,100,5)cons(Moderate performance,55,3;Can feel safe or anonymous,50,3)|||||
900402||Prada;b77|Luna Rossa Sport|2015|gender_for_men||||||a12:100;a1:79;a8:73;a7:72;a13:56;a15:49|top(n225,1.0,5.0;n24,0.95,4.75)middle(n13,1.0,5.0)base(n30,1.0,5.0;n29,0.95,4.75)|Daniela Andrier;p128|<p>Juniper berries and ginger over lavender, finishing in tonka bean and vanilla. A sweet, spicy-aromatic blend that is warmer and more gourmand than the name suggests.</p>|3.9;5000|350|like_love:2100:41.2;like_like:1800:35.3;like_ok:800:15.7;like_dislike:250:4.9;like_hate:150:2.9|price_way_overpriced:100:2.5;price_overpriced:350:8.9;price_ok:1400:35.4;price_good_value:1400:35.4;price_great_value:700:17.7|gvotes_female:60:1.2;gvotes_more_female:100:2.0;gvotes_unisex:500:10.1;gvotes_more_male:1500:30.2;gvotes_male:2800:56.5|longevity_very_weak:150:3.4;longevity_weak:500:11.4;longevity_moderate:1900:43.2;longevity_long_lasting:1500:34.1;longevity_eternal:350:8.0|sillage_intimate:350:8.5;sillage_moderate:2200:53.7;sillage_strong:1300:31.7;sillage_enormous:250:6.1|season_winter:2300:76.67;season_spring:2800:93.33;season_summer:1100:36.67;season_fall:3000:100.0|season_day:3200:100.0;season_night:2600:81.25|pros(Smooth ginger-vanilla warmth,120,5;Versatile across seasons,110,5;Good compliment potential,100,5)cons(Less sporty than the name implies,55,3;Moderate projection,50,3)|||||
900403||Prada;b77|Paradoxe|2022|gender_for_women||||||a17:100;a15:75;a3:60;a20:55;a12:50;a13:45|top(n76,1.0,5.0;n3,0.95,4.75;n42,0.9,4.5)middle(n103,1.0,5.0;n27,0.95,4.75;n78,0.9,4.5)base(n11,1.0,5.0;n110,0.95,4.75;n163,0.9,4.5;n90,0.85,4.25)|Nadège Le Garlantezec;p20;Shyamala Maisondieu;p21;Antoine Maisondieu;p35|<p>Glowing neroli and orange blossom over a warm amber and musk base. Luminous, modern and easy to love.</p>|3.9;5250|368|like_love:2000:38.1;like_like:1700:32.4;like_ok:900:17.1;like_dislike:400:7.6;like_hate:250:4.8|price_way_overpriced:400:10.4;price_overpriced:1000:26.0;price_ok:1500:39.0;price_good_value:700:18.2;price_great_value:250:6.5|gvotes_female:3000:73.9;gvotes_more_female:700:17.2;gvotes_unisex:300:7.4;gvotes_more_male:30:0.7;gvotes_male:30:0.7|longevity_very_weak:250:5.5;longevity_weak:500:11.0;longevity_moderate:1500:33.0;longevity_long_lasting:1700:37.4;longevity_eternal:600:13.2|sillage_intimate:500:11.6;sillage_moderate:1800:41.9;sillage_strong:1500:34.9;sillage_enormous:500:11.6|season_winter:1800:51.43;season_spring:3500:100.0;season_summer:1800:51.43;season_fall:2800:80.0|season_day:3800:100.0;season_night:2200:57.89|pros(Modern and polished,127,5;Refillable bottle,116,5;Good sillage,105,5)cons(Amber-musk base feels familiar,63,3;Pricey,58,3;Can turn sharp on some skin,53,3)|||||
900404||Prada;b77|Paradoxe Intense|2023|gender_for_women||||||a17:100;a12:80;a3:80;a18:70;a15:65;a10:60;a13:60;a11:60;a43:60;a21:55|top(n103,1.0,5.0;n76,0.95,4.75;n3,0.9,4.5)middle(n6,1.0,5.0;n49,0.95,4.75)base(n163,1.0,5.0;n11,0.95,4.75;n433,0.9,4.5;n434,0.85,4.25)|Nadège Le Garlantezec;p20;Shyamala Maisondieu;p21;Antoine Maisondieu;p35|<p>A warmer, more ambery Paradoxe: neroli and bergamot over a dense jasmine heart, with a moss accord and a musky amber-vanilla base giving it more depth than the original. Smooth and modern, leaning toward evening wear.</p>|4.1;4471|313|like_love:2300:51.6;like_like:1100:24.7;like_ok:499:11.2;like_dislike:405:9.1;like_hate:153:3.4|price_way_overpriced:319:9.6;price_overpriced:766:23.1;price_ok:1405:42.3;price_good_value:639:19.2;price_great_value:192:5.8|gvotes_female:2810:73.9;gvotes_more_female:766:20.2;gvotes_unisex:192:5.1;gvotes_more_male:19:0.5;gvotes_male:13:0.3|longevity_very_weak:102:2.6;longevity_weak:255:6.5;longevity_moderate:1150:29.2;longevity_long_lasting:1788:45.4;longevity_eternal:639:16.2|sillage_intimate:128:3.7;sillage_moderate:1022:29.6;sillage_strong:1661:48.1;sillage_enormous:639:18.5|season_winter:1500:93.75;season_spring:1300:81.25;season_summer:815:50.94;season_fall:1600:100.0|season_day:1400:87.5;season_night:1600:100.0|pros(Richer than the original,107,4;Long-lasting,98,4;Refillable bottle,89,4)cons(Amber-musk base feels familiar,55,2;Pricey,50,2;Can be heavy up close,45,2)|||||
900405||Rasasi;b78|Hawas for Him|2015|gender_for_men||||||a37:100;a10:80;a7:60;a13:60;a1:55;a3:50;a14:40;a20:40|top(n22,1.0,5.0;n3,0.95,4.75;n25,0.9,4.5;n2,0.85,4.25)middle(n435,1.0,5.0;n136,0.95,4.75;n27,0.9,4.5;n107,0.85,4.25)base(n36,1.0,5.0;n35,0.95,4.75;n436,0.9,4.5;n18,0.85,4.25)||<p>A sweet, juicy aquatic of apple, plum and cardamom over ambergris. Slick and youthful, and built to be noticed even in heat.</p>|4.1;13000|910|like_love:6000:47.8;like_like:4200:33.5;like_ok:1600:12.7;like_dislike:500:4.0;like_hate:250:2.0|price_way_overpriced:100:0.8;price_overpriced:250:2.0;price_ok:1200:9.6;price_good_value:3500:27.9;price_great_value:7500:59.8|gvotes_female:100:0.8;gvotes_more_female:200:1.5;gvotes_unisex:1200:9.2;gvotes_more_male:4000:30.8;gvotes_male:7500:57.7|longevity_very_weak:300:2.5;longevity_weak:900:7.5;longevity_moderate:3500:29.2;longevity_long_lasting:5500:45.8;longevity_eternal:1800:15.0|sillage_intimate:400:3.2;sillage_moderate:3000:24.2;sillage_strong:6000:48.4;sillage_enormous:3000:24.2|season_winter:1000:8.7;season_spring:8500:73.91;season_summer:11500:100.0;season_fall:3500:30.43|season_day:9000:100.0;season_night:8000:88.89|pros(Strong performance even in heat,312,13;Crowd-pleasing sweet-fresh vibe,286,13;Great club scent on a budget,260,13)cons(Can feel cloying up close,156,7;Synthetic aquatic edge,143,7;Too loud for quiet offices,130,7)|||||
900406||Rasasi;b78|Hawas Ice|2023|gender_for_men||||||a10:100;a3:85;a13:70;a11:65;a1:55;a20:45;a7:40|top(n22,1.0,5.0;n2,0.95,4.75;n3,0.9,4.5;n57,0.85,4.25)middle(n136,1.0,5.0;n27,0.95,4.75;n107,0.9,4.5)base(n35,1.0,5.0;n11,0.95,4.75;n436,0.9,4.5;n49,0.85,4.25)||<p>A cooler variation on Hawas for Him: crisp apple, lemon and bergamot with a hint of star anise over a plum, orange blossom and cardamom heart, settling on amber, driftwood and musk. It is fresh and sweet at once, built for warm-weather wear.</p>|4.4;8457|592|like_love:5100:60.0;like_like:2300:27.0;like_ok:652:7.7;like_dislike:287:3.4;like_hate:164:1.9|price_way_overpriced:20:0.9;price_overpriced:50:2.2;price_ok:200:8.6;price_good_value:650:28.0;price_great_value:1400:60.3|gvotes_female:20:0.8;gvotes_more_female:40:1.7;gvotes_unisex:250:10.4;gvotes_more_male:700:29.0;gvotes_male:1400:58.1|longevity_very_weak:40:1.9;longevity_weak:120:5.7;longevity_moderate:600:28.4;longevity_long_lasting:1000:47.4;longevity_eternal:350:16.6|sillage_intimate:50:2.6;sillage_moderate:500:25.9;sillage_strong:1000:51.8;sillage_enormous:380:19.7|season_winter:1300:20.31;season_spring:5400:84.38;season_summer:6400:100.0;season_fall:2700:42.19|season_day:5600:100.0;season_night:2300:41.07|pros(Icy fruity freshness that stands out in heat,203,8;Strong performance for a fresh scent,186,8;Good value,169,8)cons(Sweet apple can feel synthetic,94,4;Close in style to many sweet-fresh scents,85,4)|||||
900407||Rihanna;b79|Nude|2012|gender_for_women||||||a17:100;a10:75;a13:70;a20:60;a19:45;a12:40;a6:35|top(n180,1.0,5.0;n42,0.95,4.75;n76,0.9,4.5)middle(n289,1.0,5.0;n78,0.95,4.75;n27,0.9,4.5)base(n17,1.0,5.0;n118,0.95,4.75;n35,0.9,4.5)||<p>Guava, mandarin and pear over gardenia, jasmine sambac and orange blossom, drying down to a soft musk and sandalwood skin scent with a touch of vanilla. Lighter and cleaner than Reb'l Fleur.</p>|3.8;3000|210|like_love:910:31.9;like_like:1000:35.1;like_ok:630:22.1;like_dislike:200:7.0;like_hate:110:3.9|price_way_overpriced:80:3.1;price_overpriced:150:5.9;price_ok:610:23.9;price_good_value:840:32.9;price_great_value:870:34.1|gvotes_female:1940:71.9;gvotes_more_female:570:21.1;gvotes_unisex:160:5.9;gvotes_more_male:20:0.7;gvotes_male:10:0.4|longevity_very_weak:270:10.0;longevity_weak:700:25.9;longevity_moderate:1130:41.9;longevity_long_lasting:490:18.1;longevity_eternal:110:4.1|sillage_intimate:590:21.9;sillage_moderate:1460:54.1;sillage_strong:540:20.0;sillage_enormous:110:4.1|season_winter:720:44.44;season_spring:1620:100.0;season_summer:1350:83.33;season_fall:810:50.0|season_day:2160:100.0;season_night:840:38.89|pros(Soft, clean white florals,72,3;Easy daytime wear,66,3;Low price,60,3)cons(Weak projection,33,2;Fades fairly quickly,30,2)|||||
900408||Rihanna;b79|Reb'l Fleur|2011|gender_for_women||||||a10:100;a13:85;a12:55;a19:50;a39:45;a9:45;a22:40|top(n136,1.0,5.0;n172,0.95,4.75;n168,0.9,4.5)middle(n153,1.0,5.0;n187,0.95,4.75;n270,0.9,4.5;n128,0.85,4.25)base(n11,1.0,5.0;n35,0.95,4.75;n18,0.9,4.5;n29,0.85,4.25)||<p>Plum, red berries and peach lead into a tropical floral heart of tuberose, violet, hibiscus and coconut water, grounded by vanilla, patchouli and amber. Sweet, bold and a little sultry.</p>|3.9;6500|455|like_love:2470:40.0;like_like:1980:32.0;like_ok:990:16.0;like_dislike:490:7.9;like_hate:250:4.0|price_way_overpriced:110:2.0;price_overpriced:220:4.0;price_ok:990:17.9;price_good_value:1880:34.1;price_great_value:2320:42.0|gvotes_female:4330:74.0;gvotes_more_female:1170:20.0;gvotes_unisex:290:5.0;gvotes_more_male:40:0.7;gvotes_male:20:0.3|longevity_very_weak:230:3.9;longevity_weak:760:13.0;longevity_moderate:2340:40.0;longevity_long_lasting:1990:34.0;longevity_eternal:530:9.1|sillage_intimate:470:8.0;sillage_moderate:2460:42.1;sillage_strong:2220:37.9;sillage_enormous:700:12.0|season_winter:2540:76.51;season_spring:2340:70.48;season_summer:1560:46.99;season_fall:3320:100.0|season_day:2730:72.41;season_night:3770:100.0|pros(Rich fruity-tropical sweetness,156,7;Strong performance for the price,143,7;Distinctive coconut-floral heart,130,7)cons(Can turn cloying,72,3;Too loud for the office,65,3)|||||
900409||Rihanna;b79|RiRi|2015|gender_for_women||||||a10:100;a13:80;a9:55;a19:45;a12:45;a20:40;a50:30|top(n42,1.0,5.0;n21,0.95,4.75;n217,0.9,4.5;n131,0.85,4.25)middle(n63,1.0,5.0;n6,0.95,4.75;n27,0.9,4.5;n146,0.85,4.25)base(n17,1.0,5.0;n35,0.95,4.75;n90,0.9,4.5;n29,0.85,4.25)||<p>Mandarin, cassis and passion fruit with a splash of rum open a fruity floral that moves through freesia, jasmine and honeysuckle to a smooth vanilla, benzoin and sandalwood base. Bright and sweet without much weight.</p>|3.8;2500|175|like_love:810:34.0;like_like:830:34.9;like_ok:500:21.0;like_dislike:140:5.9;like_hate:100:4.2|price_way_overpriced:40:1.9;price_overpriced:110:5.2;price_ok:420:19.8;price_good_value:720:34.0;price_great_value:830:39.2|gvotes_female:1660:74.1;gvotes_more_female:450:20.1;gvotes_unisex:110:4.9;gvotes_more_male:10:0.4;gvotes_male:10:0.4|longevity_very_weak:180:8.0;longevity_weak:500:22.2;longevity_moderate:990:44.0;longevity_long_lasting:470:20.9;longevity_eternal:110:4.9|sillage_intimate:320:14.2;sillage_moderate:1170:51.8;sillage_strong:630:27.9;sillage_enormous:140:6.2|season_winter:600:44.44;season_spring:1350:100.0;season_summer:1050:77.78;season_fall:750:55.56|season_day:1650:100.0;season_night:850:51.52|pros(Juicy, cheerful opening,60,3;Affordable eau de parfum,55,3;Works day to night,50,3)cons(Fairly generic fruity floral,28,1;Moderate longevity,25,1)|||||
900410||Rihanna;b79|Rogue|2013|gender_for_women||||||a13:100;a15:75;a21:65;a9:55;a12:55;a22:45;a23:35|top(n437,1.0,5.0;n189,0.95,4.75;n3,0.9,4.5;n19,0.85,4.25)middle(n6,1.0,5.0;n7,0.95,4.75;n64,0.9,4.5;n136,0.85,4.25;n109,0.8,4.0)base(n17,1.0,5.0;n18,0.95,4.75;n11,0.9,4.5;n29,0.85,4.25)||<p>A dense amber floral: pink pepper and lemon blossom give way to rose, jasmine and plum with a soft suede edge, settling into vanilla, patchouli and amber. Warm and rich, best in cooler weather.</p>|4.1;5500|385|like_love:2400:45.9;like_like:1570:30.0;like_ok:680:13.0;like_dislike:370:7.1;like_hate:210:4.0|price_way_overpriced:90:1.9;price_overpriced:140:3.0;price_ok:650:13.9;price_good_value:1500:32.1;price_great_value:2290:49.0|gvotes_female:3460:69.9;gvotes_more_female:990:20.0;gvotes_unisex:450:9.1;gvotes_more_male:30:0.6;gvotes_male:20:0.4|longevity_very_weak:150:3.0;longevity_weak:400:8.1;longevity_moderate:1480:29.9;longevity_long_lasting:2080:42.0;longevity_eternal:840:17.0|sillage_intimate:250:5.1;sillage_moderate:1580:31.9;sillage_strong:2130:43.0;sillage_enormous:990:20.0|season_winter:2970:90.0;season_spring:1320:40.0;season_summer:660:20.0;season_fall:3300:100.0|season_day:1980:56.25;season_night:3520:100.0|pros(Long-lasting for the price,121,6;Rich, warm and sensual,110,6)cons(Can be overwhelming,61,3;Too heavy for summer,55,3)|||||
900411||Rihanna;b79|Rogue Man|2014|gender_for_men||||||a6:100;a15:80;a14:60;a13:55;a3:45;a1:40;a12:35|top(n3,1.0,5.0;n198,0.95,4.75;n54,0.9,4.5;n15,0.85,4.25)middle(n9,1.0,5.0;n6,0.95,4.75;n118,0.9,4.5;n92,0.85,4.25)base(n17,1.0,5.0;n18,0.95,4.75;n11,0.9,4.5;n35,0.85,4.25;n30,0.8,4.0)|Frank Voelkl;p109|<p>Bergamot, clementine and black pepper open onto cedar and labdanum, finishing in a warm amber and tonka base with patchouli and sandalwood. A smooth, slightly sweet woody amber for evenings.</p>|3.9;1800|126|like_love:620:36.3;like_like:620:36.3;like_ok:320:18.7;like_dislike:100:5.8;like_hate:50:2.9|price_way_overpriced:30:2.0;price_overpriced:60:3.9;price_ok:280:18.3;price_good_value:520:34.0;price_great_value:640:41.8|gvotes_female:10:0.6;gvotes_more_female:10:0.6;gvotes_unisex:130:8.0;gvotes_more_male:450:27.8;gvotes_male:1020:63.0|longevity_very_weak:80:5.0;longevity_weak:260:16.1;longevity_moderate:710:44.1;longevity_long_lasting:450:28.0;longevity_eternal:110:6.8|sillage_intimate:160:9.9;sillage_moderate:780:48.1;sillage_strong:530:32.7;sillage_enormous:150:9.3|season_winter:920:89.32;season_spring:490:47.57;season_summer:270:26.21;season_fall:1030:100.0|season_day:760:73.08;season_night:1040:100.0|pros(Smooth woody-amber character,44,2;Inexpensive,40,2;Easy evening wear,36,2)cons(Generic to enthusiasts,20,1;Average projection,18,1)|||||
900412||Roja Parfums;b80|Burlington 1819|2020|gender_for_women_and_men||||||a3:100;a14:68;a6:58;a1:48;a50:40;a28:35;a15:32|top(n87,1.0,5.0;n151,0.95,4.75;n37,0.9,4.5;n158,0.85,4.25;n20,0.8,4.0)middle(n24,1.0,5.0;n25,0.95,4.75;n65,0.9,4.5;n40,0.85,4.25)base(n18,1.0,5.0;n34,0.95,4.75;n217,0.9,4.5;n60,0.85,4.25;n9,0.8,4.0;n148,0.75,3.75;n90,0.7,3.5;n29,0.65,3.25;n92,0.6,3.0;n36,0.55,2.75;n35,0.5,2.5)|Roja Dove;p129|<p>A bold citrus opening of grapefruit, lime, mandarin and bitter orange with a touch of mint, warmed by ginger, cinnamon and saffron before a boozy rum and tobacco base with patchouli, oakmoss and woods. Bright on top with a spicy, resinous backbone.</p>|4;650|46|like_love:300:48.8;like_like:180:29.3;like_ok:80:13.0;like_dislike:35:5.7;like_hate:20:3.3|price_way_overpriced:220:40.7;price_overpriced:150:27.8;price_ok:110:20.4;price_good_value:40:7.4;price_great_value:20:3.7|gvotes_female:20:3.1;gvotes_more_female:40:6.3;gvotes_unisex:250:39.1;gvotes_more_male:200:31.3;gvotes_male:130:20.3|longevity_very_weak:15:2.6;longevity_weak:40:7.0;longevity_moderate:180:31.3;longevity_long_lasting:250:43.5;longevity_eternal:90:15.7|sillage_intimate:25:4.3;sillage_moderate:200:34.8;sillage_strong:270:47.0;sillage_enormous:80:13.9|season_winter:150:35.71;season_spring:420:100.0;season_summer:400:95.24;season_fall:280:66.67|season_day:480:100.0;season_night:180:37.5|pros(Citrus with real staying power,24,1;Spicy, boozy undertone adds depth,22,1;Works across seasons,20,1)cons(Very high price,12,1;Cumin may bother some wearers,11,1;Hard to find in stores,10,1)|||||
900413||Roja Parfums;b80|Elysium Pour Homme Parfum Cologne|2017|gender_for_men||||||a3:100;a1:75;a6:60;a10:50;a7:42;a2:38;a20:30|top(n2,1.0,5.0;n3,0.95,4.75;n87,0.9,4.5;n151,0.85,4.25;n13,0.8,4.0;n113,0.75,3.75;n112,0.7,3.5)middle(n64,1.0,5.0;n252,0.95,4.75;n6,0.9,4.5;n22,0.85,4.25;n294,0.8,4.0)base(n44,1.0,5.0;n19,0.95,4.75;n438,0.9,4.5;n16,0.85,4.25;n50,0.8,4.0;n225,0.75,3.75;n90,0.7,3.5;n29,0.65,3.25;n92,0.6,3.0;n85,0.55,2.75;n36,0.5,2.5;n35,0.5,2.5)|Roja Dove;p129|<p>A sparkling grapefruit, lime and lemon opening laced with herbs and a hint of apple and blackcurrant, over vetiver, cedar and a soft ambergris base. Fresh and polished, an upscale everyday citrus-woody.</p>|4.25;5500|385|like_love:2800:55.4;like_like:1500:29.7;like_ok:500:9.9;like_dislike:150:3.0;like_hate:100:2.0|price_way_overpriced:1800:39.6;price_overpriced:1300:28.6;price_ok:1000:22.0;price_good_value:300:6.6;price_great_value:150:3.3|gvotes_female:60:1.1;gvotes_more_female:120:2.2;gvotes_unisex:700:12.5;gvotes_more_male:1600:28.7;gvotes_male:3100:55.6|longevity_very_weak:120:2.6;longevity_weak:350:7.7;longevity_moderate:1400:30.6;longevity_long_lasting:2000:43.8;longevity_eternal:700:15.3|sillage_intimate:300:6.4;sillage_moderate:1800:38.3;sillage_strong:2000:42.6;sillage_enormous:600:12.8|season_winter:1000:21.74;season_spring:4200:91.3;season_summer:4600:100.0;season_fall:2200:47.83|season_day:4600:100.0;season_night:1500:32.61|pros(Long-lasting for a citrus scent,132,6;Polished and versatile,121,6;Easy to wear anywhere,110,6)cons(Very high price,61,3;Fresh citrus-woody style is available for far less,55,3)|||||
900414||Serge Lutens;b81|Ambre Sultan|1993|gender_for_women_and_men||||||a15:100;a31:82;a5:68;a1:55;a6:45;a12:40|top(n93,1.0,5.0;n82,0.95,4.75;n98,0.9,4.5;n1,0.85,4.25)middle(n267,1.0,5.0;n18,0.95,4.75;n17,0.9,4.5)base(n90,1.0,5.0;n29,0.95,4.75;n92,0.9,4.5;n257,0.85,4.25)|Christopher Sheldrake;p49|<p>A resinous, herbal amber where oregano, bay leaf, myrtle and coriander meet thick labdanum, benzoin and vanilla. Dry and aromatic rather than candied, it grows warmer and softer as it wears.</p>|4.1;3600|252|like_love:1430:44.0;like_like:970:29.8;like_ok:490:15.1;like_dislike:230:7.1;like_hate:130:4.0|price_way_overpriced:450:17.9;price_overpriced:760:30.2;price_ok:860:34.1;price_good_value:300:11.9;price_great_value:150:6.0|gvotes_female:260:8.0;gvotes_more_female:390:12.0;gvotes_unisex:1620:50.0;gvotes_more_male:650:20.1;gvotes_male:320:9.9|longevity_very_weak:58:2.0;longevity_weak:170:5.9;longevity_moderate:920:32.0;longevity_long_lasting:1270:44.1;longevity_eternal:460:16.0|sillage_intimate:170:6.0;sillage_moderate:1070:38.1;sillage_strong:1180:42.0;sillage_enormous:390:13.9|season_winter:3310:100.0;season_spring:900:27.19;season_summer:220:6.65;season_fall:2880:87.01|season_day:1440:47.06;season_night:3060:100.0|pros(Rich, resinous amber,79,4;Good longevity,72,4)cons(Herbal opening can feel medicinal,40,2;Too dense for hot days,36,2)|||||
900415||Serge Lutens;b81|Chergui|2001|gender_for_women_and_men||||||a28:100;a35:85;a13:65;a15:58;a24:42;a6:40;a21:32|top(n55,1.0,5.0;n391,0.95,4.75;n97,0.9,4.5)middle(n161,1.0,5.0;n7,0.95,4.75;n23,0.9,4.5)base(n17,1.0,5.0;n11,0.95,4.75;n35,0.9,4.5)|Christopher Sheldrake;p49|<p>Honeyed tobacco and sun-dried hay over incense, iris and amber, wrapping around you like a heavy knitted scarf. Plush, sweet and a little smoky.</p>|4.2;6000|420|like_love:3200:56.6;like_like:1500:26.5;like_ok:600:10.6;like_dislike:200:3.5;like_hate:150:2.7|price_way_overpriced:200:4.7;price_overpriced:600:14.0;price_ok:1600:37.2;price_good_value:1300:30.2;price_great_value:600:14.0|gvotes_female:200:3.9;gvotes_more_female:500:9.8;gvotes_unisex:3200:62.7;gvotes_more_male:900:17.6;gvotes_male:300:5.9|longevity_very_weak:50:1.1;longevity_weak:200:4.4;longevity_moderate:1100:24.2;longevity_long_lasting:2200:48.4;longevity_eternal:1000:22.0|sillage_intimate:150:3.4;sillage_moderate:1200:27.6;sillage_strong:2200:50.6;sillage_enormous:800:18.4|season_winter:4500:100.0;season_spring:900:20.0;season_summer:300:6.67;season_fall:4000:88.89|season_day:1800:47.37;season_night:3800:100.0|pros(Rich honeyed tobacco,144,6;Excellent longevity,132,6;Distinctive, artistic character,120,6)cons(Honey can feel heavy,72,3;Hard to find in some regions,66,3;Not for warm days,60,3)|||||
900416||Serge Lutens;b81|Fille en Aiguilles|2009|gender_for_women_and_men||||||a49:100;a31:75;a24:60;a10:45;a14:45;a6:40;a13:35|top(n226,1.0,5.0;n439,0.95,4.75)middle(n69,1.0,5.0;n174,0.95,4.75;n385,0.9,4.5)base(n424,1.0,5.0;n16,0.95,4.75)|Christopher Sheldrake;p49|<p>Pine needles and fir balsam glazed with candied fruit, spice and incense smoke. It smells like a walk through a frozen conifer forest that ends by the fire.</p>|4;2500|175|like_love:1200:50.4;like_like:700:29.4;like_ok:300:12.6;like_dislike:120:5.0;like_hate:60:2.5|price_way_overpriced:80:4.6;price_overpriced:250:14.5;price_ok:700:40.5;price_good_value:500:28.9;price_great_value:200:11.6|gvotes_female:80:3.8;gvotes_more_female:150:7.2;gvotes_unisex:1300:62.5;gvotes_more_male:400:19.2;gvotes_male:150:7.2|longevity_very_weak:30:1.5;longevity_weak:120:6.0;longevity_moderate:600:30.0;longevity_long_lasting:900:45.0;longevity_eternal:350:17.5|sillage_intimate:100:4.9;sillage_moderate:800:39.0;sillage_strong:900:43.9;sillage_enormous:250:12.2|season_winter:2100:100.0;season_spring:300:14.29;season_summer:120:5.71;season_fall:1500:71.43|season_day:1000:76.92;season_night:1300:100.0|pros(Vivid snowy-forest pine,60,3;Resinous and festive,55,3;Very distinctive,50,3)cons(Hard to find outside niche shops,31,1;Can smell like Christmas decor,28,1;Moderate projection,25,1)|||||
900417||Serge Lutens;b81|La Fille de Berlin|2013|gender_for_women_and_men||||||a30:100;a7:68;a21:48;a41:42;a27:35|middle(n7,1.0,5.0;n111,0.95,4.75;n46,0.9,4.5;n153,0.85,4.25)|Christopher Sheldrake;p49|<p>A bold red rose sharpened with pepper and geranium, with a hint of violet giving it a powdery, slightly metallic sheen. It treats rose as something assertive rather than delicate.</p>|4.05;2500|175|like_love:1040:46.0;like_like:630:27.9;like_ok:320:14.2;like_dislike:180:8.0;like_hate:90:4.0|price_way_overpriced:320:18.3;price_overpriced:520:29.7;price_ok:600:34.3;price_good_value:210:12.0;price_great_value:100:5.7|gvotes_female:580:25.8;gvotes_more_female:630:28.0;gvotes_unisex:810:36.0;gvotes_more_male:160:7.1;gvotes_male:68:3.0|longevity_very_weak:40:2.0;longevity_weak:120:6.0;longevity_moderate:720:36.0;longevity_long_lasting:840:42.0;longevity_eternal:280:14.0|sillage_intimate:78:4.0;sillage_moderate:700:35.9;sillage_strong:860:44.1;sillage_enormous:310:15.9|season_winter:1500:79.79;season_spring:1380:73.4;season_summer:500:26.6;season_fall:1880:100.0|season_day:1500:79.79;season_night:1880:100.0|pros(Vivid, confident rose,55,3;Strong presence and longevity,50,3)cons(Metallic edge is polarizing,28,1;Can dominate a small room,25,1)|||||
900418||Serge Lutens;b81|Santal Majuscule|2012|gender_for_women_and_men||||||a6:100;a13:68;a30:55;a44:50;a21:40;a31:35|middle(n17,1.0,5.0;n7,0.95,4.75;n204,0.9,4.5;n30,0.85,4.25)|Christopher Sheldrake;p49|<p>Creamy sandalwood warmed by cocoa and tonka bean, with a rose facet running through the middle. Smooth, gently sweet and woody, it wears as a comfortable, polished sandalwood.</p>|4;2400|168|like_love:860:39.9;like_like:730:33.9;like_ok:350:16.2;like_dislike:150:7.0;like_hate:65:3.0|price_way_overpriced:300:18.0;price_overpriced:500:29.9;price_ok:570:34.1;price_good_value:200:12.0;price_great_value:100:6.0|gvotes_female:170:7.9;gvotes_more_female:300:14.0;gvotes_unisex:1120:52.1;gvotes_more_male:390:18.1;gvotes_male:170:7.9|longevity_very_weak:58:3.0;longevity_weak:190:10.0;longevity_moderate:840:44.0;longevity_long_lasting:670:35.1;longevity_eternal:150:7.9|sillage_intimate:190:10.2;sillage_moderate:970:51.9;sillage_strong:600:32.1;sillage_enormous:110:5.9|season_winter:2040:100.0;season_spring:840:41.18;season_summer:240:11.76;season_fall:2040:100.0|season_day:1320:73.33;season_night:1800:100.0|pros(Smooth, creamy sandalwood,53,2;Comfortable cold-weather wear,48,2)cons(Moderate projection,26,1;Sweetness may not suit everyone,24,1)|||||
900419||Stella McCartney;b82|Stella|2003|gender_for_women||||||a30:100;a15:70;a9:50;a21:40;a11:30;a3:25|top(n42,1.0,5.0)middle(n7,1.0,5.0;n141,0.95,4.75)base(n11,1.0,5.0)|Jacques Cavallier;p36|<p>A pared-back rose and peony duet warmed by amber, gentle yet quietly sensual. Refined and unfussy, with a timeless feel.</p>|3.95;5000|350|like_love:1900:40.9;like_like:1500:32.3;like_ok:700:15.1;like_dislike:350:7.5;like_hate:200:4.3|price_way_overpriced:100:3.8;price_overpriced:350:13.2;price_ok:1100:41.5;price_good_value:800:30.2;price_great_value:300:11.3|gvotes_female:3300:80.9;gvotes_more_female:600:14.7;gvotes_unisex:150:3.7;gvotes_more_male:15:0.4;gvotes_male:15:0.4|longevity_very_weak:150:4.0;longevity_weak:400:10.7;longevity_moderate:1200:32.0;longevity_long_lasting:1500:40.0;longevity_eternal:500:13.3|sillage_intimate:300:8.6;sillage_moderate:1400:40.0;sillage_strong:1400:40.0;sillage_enormous:400:11.4|season_winter:1800:60.0;season_spring:3000:100.0;season_summer:1000:33.33;season_fall:2200:73.33|season_day:3200:100.0;season_night:2000:62.5|pros(Elegant, understated rose,120,5;Warm amber depth,110,5;Grown-up yet soft,100,5)cons(Simple structure,55,3;Amber can turn a little sharp,50,3)|||||
900420||Swiss Arabian;b83|Shaghaf Oud Aswad|2018|gender_for_women_and_men||||||a6:100;a30:86;a32:85;a14:82;a23:72;a7:66;a26:58|top(n40,1.0,5.0;n113,0.95,4.75;n7,0.9,4.5;n39,0.85,4.25)middle(n93,1.0,5.0;n65,0.95,4.75;n6,0.9,4.5;n18,0.85,4.25;n68,0.8,4.0)base(n35,1.0,5.0;n17,0.95,4.75;n85,0.9,4.5;n11,0.85,4.25;n29,0.8,4.0)||<p>Saffron, thyme and rose lead into a spiced heart of cumin and coriander around oud, then settle into leather, sandalwood, amber and a soft vanilla-musk. A dark, rosy oud with an animalic, spicy edge.</p>|3.9;1400|98|like_love:550:40.4;like_like:400:29.4;like_ok:250:18.4;like_dislike:100:7.4;like_hate:60:4.4|price_way_overpriced:10:0.8;price_overpriced:25:1.9;price_ok:180:13.7;price_good_value:450:34.2;price_great_value:650:49.4|gvotes_female:60:4.3;gvotes_more_female:100:7.1;gvotes_unisex:650:46.1;gvotes_more_male:400:28.4;gvotes_male:200:14.2|longevity_very_weak:15:1.1;longevity_weak:50:3.7;longevity_moderate:300:22.0;longevity_long_lasting:650:47.6;longevity_eternal:350:25.6|sillage_intimate:30:2.3;sillage_moderate:350:26.3;sillage_strong:650:48.9;sillage_enormous:300:22.6|season_winter:1200:100.0;season_spring:300:25.0;season_summer:80:6.67;season_fall:1000:83.33|season_day:400:36.36;season_night:1100:100.0|pros(Dark rose-oud character at a low price,34,1;Strong projection and staying power,31,1;Rich cold-weather option,28,1)cons(Cumin gives a sweaty edge some dislike,15,1;Too dense for office or heat,14,1)|||||
900421||Tauer Perfumes;b84|L'Air du Désert Marocain|2005|gender_for_women_and_men||||||a15:100;a24:78;a31:70;a6:60;a14:52;a3:30|top(n93,1.0,5.0;n65,0.95,4.75;n45,0.9,4.5)middle(n440,1.0,5.0;n6,0.95,4.75)base(n9,1.0,5.0;n16,0.95,4.75;n36,0.9,4.5)|Andy Tauer;p130|<p>A dry, luminous desert dusk of incense, cistus, cedar and warm amber, hazy with spice. Meditative and radiant, and at its best in cold air.</p>|4.2;3500|245|like_love:1900:57.6;like_like:800:24.2;like_ok:350:10.6;like_dislike:150:4.5;like_hate:100:3.0|price_way_overpriced:30:1.1;price_overpriced:100:3.8;price_ok:600:22.8;price_good_value:1200:45.6;price_great_value:700:26.6|gvotes_female:80:2.7;gvotes_more_female:150:5.0;gvotes_unisex:1800:60.4;gvotes_more_male:700:23.5;gvotes_male:250:8.4|longevity_very_weak:30:1.0;longevity_weak:100:3.3;longevity_moderate:500:16.5;longevity_long_lasting:1400:46.2;longevity_eternal:1000:33.0|sillage_intimate:80:2.7;sillage_moderate:600:20.1;sillage_strong:1500:50.3;sillage_enormous:800:26.8|season_winter:2700:100.0;season_spring:600:22.22;season_summer:400:14.81;season_fall:2300:85.19|season_day:1400:70.0;season_night:2000:100.0|pros(Dry, glowing desert incense,84,4;Strong longevity,77,4;Great value for niche,70,4)cons(Cumin divides people,43,2;Very dry,39,2;Hard to find in shops,35,2)|||||
900422||Tiziana Terenzi;b85|Kirkè|2015|gender_for_women_and_men||||||a10:100;a13:80;a19:60;a20:55;a21:45;a6:35|top(n389,1.0,5.0;n168,0.95,4.75;n115,0.9,4.5;n21,0.85,4.25;n76,0.8,4.0;n441,0.75,3.75)middle(n64,1.0,5.0)base(n287,1.0,5.0;n35,0.95,4.75;n17,0.9,4.5;n29,0.85,4.25;n18,0.8,4.0)|Paolo Terenzi;p131|<p>A dense, juicy mix of passion fruit, peach, raspberry and blackcurrant resting on soft musk, sandalwood and powdery heliotrope. Sweet and bright rather than floral; as an extrait de parfum it wears dense and long.</p>|4.1;9500|665|like_love:5000:53.5;like_like:2800:29.9;like_ok:900:9.6;like_dislike:400:4.3;like_hate:250:2.7|price_way_overpriced:500:11.8;price_overpriced:1000:23.5;price_ok:1700:40.0;price_good_value:700:16.5;price_great_value:350:8.2|gvotes_female:1300:17.7;gvotes_more_female:2000:27.2;gvotes_unisex:3600:49.0;gvotes_more_male:300:4.1;gvotes_male:150:2.0|longevity_very_weak:150:2.2;longevity_weak:350:5.2;longevity_moderate:1500:22.4;longevity_long_lasting:3200:47.8;longevity_eternal:1500:22.4|sillage_intimate:150:2.5;sillage_moderate:1200:20.2;sillage_strong:3000:50.4;sillage_enormous:1600:26.9|season_winter:1800:26.47;season_spring:6800:100.0;season_summer:6200:91.18;season_fall:3000:44.12|season_day:7000:100.0;season_night:3800:54.29|pros(Vivid, juicy fruit blend,228,10;Strong projection and staying power,209,10;Easy, likeable sweetness,190,10)cons(High price for a fruity scent,115,5;Can turn cloying in heat,105,5;Too sweet for some,95,5)|||||
900423||Tom Ford;b86|Bitter Peach|2020|gender_for_women_and_men||||||a10:100;a13:78;a14:50;a15:48;a22:42;a6:40;a50:35|top(n168,1.0,5.0;n157,0.95,4.75)middle(n95,1.0,5.0;n217,0.95,4.75)base(n92,1.0,5.0;n18,0.95,4.75;n17,0.9,4.5)||<p>A ripe, boozy peach where juicy stone fruit and blood orange sink into a rum-tinged davana heart and a warm patchouli-sandalwood base. Sweet and sultry, more nightclub than orchard.</p>|4.1;9000|630|like_love:4200:49.7;like_like:2400:28.4;like_ok:1100:13.0;like_dislike:450:5.3;like_hate:300:3.6|price_way_overpriced:3200:44.8;price_overpriced:2000:28.0;price_ok:1400:19.6;price_good_value:350:4.9;price_great_value:200:2.8|gvotes_female:2200:25.1;gvotes_more_female:2300:26.3;gvotes_unisex:3600:41.1;gvotes_more_male:400:4.6;gvotes_male:250:2.9|longevity_very_weak:200:2.6;longevity_weak:500:6.5;longevity_moderate:2200:28.6;longevity_long_lasting:3500:45.5;longevity_eternal:1300:16.9|sillage_intimate:300:4.1;sillage_moderate:2300:31.5;sillage_strong:3500:47.9;sillage_enormous:1200:16.4|season_winter:3500:63.64;season_spring:3500:63.64;season_summer:2500:45.45;season_fall:5500:100.0|season_day:3500:67.31;season_night:5200:100.0|pros(Juicy, realistic peach,216,9;Warm boozy depth,198,9;Crowd-pleasing sweetness,180,9)cons(Very sweet,108,5;Expensive,99,5;Drydown reads synthetic to some,90,5)|||||
900424||Tom Ford;b86|Black Orchid|2006|gender_for_women||||||a43:100;a22:85;a14:70;a13:60;a46:50;a10:45;a6:40;a12:35|top(n442,1.0,5.0;n104,0.95,4.75;n3,0.9,4.5;n21,0.85,4.25;n289,0.8,4.0)middle(n99,1.0,5.0;n174,0.95,4.75;n164,0.9,4.5;n186,0.85,4.25)base(n443,1.0,5.0;n18,0.95,4.75;n23,0.9,4.5;n29,0.85,4.25;n17,0.8,4.0;n16,0.75,3.75)|David Apel;p132;Pierre Negrin;p4|<p>Velvety and slightly earthy, with truffle, dark orchid and chocolate-laced patchouli. It has an opulent, gothic kind of glamour that belongs to the night.</p>|3.9;12900|903|like_love:5500:42.6;like_like:3500:27.1;like_ok:1800:14.0;like_dislike:1200:9.3;like_hate:900:7.0|price_way_overpriced:700:10.3;price_overpriced:1800:26.5;price_ok:2500:36.8;price_good_value:1300:19.1;price_great_value:500:7.4|gvotes_female:3000:28.8;gvotes_more_female:2500:24.0;gvotes_unisex:3500:33.7;gvotes_more_male:900:8.7;gvotes_male:500:4.8|longevity_very_weak:150:1.8;longevity_weak:400:4.7;longevity_moderate:1500:17.5;longevity_long_lasting:4000:46.8;longevity_eternal:2500:29.2|sillage_intimate:200:2.6;sillage_moderate:1500:19.5;sillage_strong:3500:45.5;sillage_enormous:2500:32.5|season_winter:7500:100.0;season_spring:1500:20.0;season_summer:500:6.67;season_fall:6500:86.67|season_day:2000:23.53;season_night:8500:100.0|pros(Rich, unmistakable signature,310,13;Excellent performance,284,13;Wears well on any gender,258,13)cons(Heavy and polarizing,142,6;Too dense for daytime or heat,129,6)|||||
900425||Tom Ford;b86|Cherry Smoke|2022|gender_for_women_and_men||||||a47:100;a24:80;a23:65;a6:60;a10:55;a14:45;a31:40|top(n444,1.0,5.0;n40,0.95,4.75)middle(n79,1.0,5.0)base(n445,1.0,5.0;n390,0.95,4.75;n309,0.9,4.5;n438,0.85,4.25)||<p>Dark cherry and saffron open onto leathery osmanthus, then settle into smoked woods, frankincense and balsam. It is a darker, drier and smokier take on cherry than Lost Cherry.</p>|3.9;3100|217|like_love:1150:38.0;like_like:850:28.1;like_ok:550:18.2;like_dislike:300:9.9;like_hate:180:5.9|price_way_overpriced:700:45.5;price_overpriced:500:32.5;price_ok:250:16.2;price_good_value:60:3.9;price_great_value:30:1.9|gvotes_female:350:12.0;gvotes_more_female:470:16.1;gvotes_unisex:1450:49.7;gvotes_more_male:440:15.1;gvotes_male:210:7.2|longevity_very_weak:60:3.3;longevity_weak:170:9.2;longevity_moderate:650:35.3;longevity_long_lasting:700:38.0;longevity_eternal:260:14.1|sillage_intimate:110:6.1;sillage_moderate:650:36.3;sillage_strong:750:41.9;sillage_enormous:280:15.6|season_winter:2000:100.0;season_spring:800:40.0;season_summer:300:15.0;season_fall:1900:95.0|season_day:1000:44.44;season_night:2250:100.0|pros(Unusual cherry-leather-smoke pairing,74,3;Stands apart from sweeter cherry scents,68,3;Solid longevity,62,3)cons(Smoky-fruity mix is not for everyone,34,2;Very expensive,31,2)|||||
900426||Tom Ford;b86|Costa Azzurra|2014|gender_for_women_and_men||||||a1:100;a6:85;a3:70;a42:55;a49:45;a4:40;a15:40|top(n2,1.0,5.0;n3,0.95,4.75)middle(n167,1.0,5.0;n13,0.95,4.75)base(n371,1.0,5.0;n436,0.95,4.75;n92,0.9,4.5;n11,0.85,4.25;n18,0.8,4.0)||<p>Lemon, bergamot and cypress with a touch of lavender sit over driftwood, oak and salty amber, with a resinous cistus edge. It smells like sun-bleached wood and Mediterranean shrubs by the sea, dry and salty rather than sweet.</p>|3.9;3600|252|like_love:1350:38.0;like_like:1050:29.6;like_ok:650:18.3;like_dislike:320:9.0;like_hate:180:5.1|price_way_overpriced:700:38.0;price_overpriced:600:32.6;price_ok:380:20.7;price_good_value:110:6.0;price_great_value:50:2.7|gvotes_female:140:4.1;gvotes_more_female:170:5.0;gvotes_unisex:1550:45.5;gvotes_more_male:950:27.9;gvotes_male:600:17.6|longevity_very_weak:110:5.0;longevity_weak:300:13.8;longevity_moderate:950:43.6;longevity_long_lasting:650:29.8;longevity_eternal:170:7.8|sillage_intimate:210:10.1;sillage_moderate:900:43.5;sillage_strong:750:36.2;sillage_enormous:210:10.1|season_winter:470:20.0;season_spring:1850:78.72;season_summer:2350:100.0;season_fall:1050:44.68|season_day:2600:100.0;season_night:900:34.62|pros(Distinctive dry, salty-woody seaside take,86,4;Holds up well in hot weather,79,4;Less sweet than typical summer scents,72,4)cons(Woody-herbal opening can feel harsh,40,2;High price for a fresh scent,36,2)|||||
900427||Tom Ford;b86|Ébène Fumé|2021|gender_for_women_and_men||||||a24:100;a6:90;a23:70;a31:60;a7:50;a15:45|middle(n178,1.0,5.0;n54,0.95,4.75;n179,0.9,4.5;n92,0.85,4.25;n85,0.8,4.0)||<p>Smoky palo santo and black pepper over resinous labdanum, dark ebony wood and a leathery undertone. It smells of incense-like smoke and polished wood, dry and meditative rather than sweet.</p>|4.2;3200|224|like_love:1500:47.5;like_like:900:28.5;like_ok:440:13.9;like_dislike:190:6.0;like_hate:130:4.1|price_way_overpriced:600:37.7;price_overpriced:500:31.4;price_ok:340:21.4;price_good_value:100:6.3;price_great_value:50:3.1|gvotes_female:150:4.9;gvotes_more_female:180:5.9;gvotes_unisex:1450:47.7;gvotes_more_male:800:26.3;gvotes_male:460:15.1|longevity_very_weak:60:3.2;longevity_weak:150:7.9;longevity_moderate:650:34.2;longevity_long_lasting:750:39.5;longevity_eternal:290:15.3|sillage_intimate:150:8.1;sillage_moderate:700:37.6;sillage_strong:750:40.3;sillage_enormous:260:14.0|season_winter:2100:100.0;season_spring:850:40.48;season_summer:310:14.76;season_fall:2000:95.24|season_day:1250:54.35;season_night:2300:100.0|pros(Refined, dry smoke with no heaviness from sugar,76,3;Distinctive palo santo signature,70,3;Good longevity,64,3)cons(Smoke can feel austere to some,35,2;Expensive for its size,32,2)|||||
900428||Tom Ford;b86|Fucking Fabulous|2017|gender_for_women_and_men||||||a23:100;a25:75;a1:60;a21:55;a12:48;a8:42;a13:38|top(n160,1.0,5.0;n13,0.95,4.75;n52,0.9,4.5)middle(n71,1.0,5.0;n85,0.95,4.75)base(n30,1.0,5.0;n29,0.95,4.75;n11,0.9,4.5;n207,0.85,4.25;n124,0.8,4.0)||<p>A soft, suede-like leather dusted with orris and bitter almond, with lavender and clary sage adding an aromatic edge over tonka and vanilla. Plush and powdery rather than rugged.</p>|4.1;8000|560|like_love:3700:49.7;like_like:2000:26.8;like_ok:900:12.1;like_dislike:450:6.0;like_hate:400:5.4|price_way_overpriced:2800:44.8;price_overpriced:1800:28.8;price_ok:1200:19.2;price_good_value:300:4.8;price_great_value:150:2.4|gvotes_female:700:9.3;gvotes_more_female:900:12.0;gvotes_unisex:3500:46.7;gvotes_more_male:1500:20.0;gvotes_male:900:12.0|longevity_very_weak:120:1.7;longevity_weak:300:4.3;longevity_moderate:1500:21.7;longevity_long_lasting:3200:46.2;longevity_eternal:1800:26.0|sillage_intimate:250:3.8;sillage_moderate:1800:27.1;sillage_strong:3200:48.1;sillage_enormous:1400:21.1|season_winter:4500:93.75;season_spring:2400:50.0;season_summer:500:10.42;season_fall:4800:100.0|season_day:2800:58.33;season_night:4800:100.0|pros(Smooth almond-leather character,192,8;Long-lasting,176,8;Genuinely unisex feel,160,8)cons(Name can be awkward to wear or gift,96,4;Expensive,88,4;Powdery drydown is not for everyone,80,4)|||||
900429||Tom Ford;b86|Grey Vetiver|2009|gender_for_men||||||a6:100;a3:80;a43:65;a1:55;a21:40;a7:38;a18:30|top(n87,1.0,5.0;n27,0.95,4.75;n47,0.9,4.5)middle(n74,1.0,5.0;n108,0.95,4.75;n83,0.9,4.5)base(n16,1.0,5.0;n34,0.95,4.75;n11,0.9,4.5;n39,0.85,4.25)|Harry Fremont;p32|<p>Grapefruit and sage brighten a smooth, well-groomed vetiver with a soft dusting of orris. It is restrained and tailored, projecting quiet competence rather than flash.</p>|4.05;7000|490|like_love:3600:50.9;like_like:2300:32.5;like_ok:800:11.3;like_dislike:250:3.5;like_hate:120:1.7|price_way_overpriced:900:13.6;price_overpriced:1800:27.3;price_ok:2200:33.3;price_good_value:1300:19.7;price_great_value:400:6.1|gvotes_female:80:1.1;gvotes_more_female:150:2.1;gvotes_unisex:1000:13.8;gvotes_more_male:2500:34.6;gvotes_male:3500:48.4|longevity_very_weak:300:4.4;longevity_weak:800:11.7;longevity_moderate:2800:40.9;longevity_long_lasting:2500:36.5;longevity_eternal:450:6.6|sillage_intimate:1000:14.8;sillage_moderate:3800:56.3;sillage_strong:1700:25.2;sillage_enormous:250:3.7|season_winter:1500:27.27;season_spring:5500:100.0;season_summer:3500:63.64;season_fall:3800:69.09|season_day:6500:100.0;season_night:1400:21.54|pros(Refined, corporate polish,168,7;Smooth modern vetiver,154,7;Very versatile,140,7)cons(Expensive for its performance,77,4;Can feel linear,70,4)|||||
900430||Tom Ford;b86|Lost Cherry|2018|gender_for_women_and_men||||||a47:100;a25:85;a13:75;a10:60;a31:40;a14:30;a30:25|top(n326,1.0,5.0;n446,0.95,4.75;n52,0.9,4.5)middle(n228,1.0,5.0;n78,0.95,4.75;n197,0.9,4.5)base(n309,1.0,5.0;n30,0.95,4.75;n17,0.9,4.5;n16,0.85,4.25;n9,0.8,4.0)|Louise Turner;p46|<p>A boozy, juicy black cherry laced with bitter almond and liqueur over balsamic tonka. Flirtatious, indulgent and a little decadent.</p>|3.9;12300|861|like_love:5000:40.7;like_like:3500:28.5;like_ok:1800:14.6;like_dislike:1200:9.8;like_hate:800:6.5|price_way_overpriced:4500:48.1;price_overpriced:3000:32.1;price_ok:1300:13.9;price_good_value:350:3.7;price_great_value:200:2.1|gvotes_female:3500:30.2;gvotes_more_female:3500:30.2;gvotes_unisex:3800:32.8;gvotes_more_male:500:4.3;gvotes_male:300:2.6|longevity_very_weak:300:3.5;longevity_weak:800:9.4;longevity_moderate:2800:32.9;longevity_long_lasting:3300:38.8;longevity_eternal:1300:15.3|sillage_intimate:500:6.1;sillage_moderate:3000:36.6;sillage_strong:3500:42.7;sillage_enormous:1200:14.6|season_winter:5500:84.62;season_spring:3500:53.85;season_summer:1000:15.38;season_fall:6500:100.0|season_day:3000:40.0;season_night:7500:100.0|pros(Mouthwatering cherry-almond accord,296,12;Sexy, playful mood,271,12;Great for date nights,246,12)cons(Widely seen as overpriced,135,6;Can read as cough syrup to some,123,6)|||||
900431||Tom Ford;b86|Neroli Portofino|2011|gender_for_women_and_men||||||a3:100;a1:65;a17:55;a11:48;a7:40;a8:30|top(n3,1.0,5.0;n42,0.95,4.75;n2,0.9,4.5;n13,0.85,4.25;n1,0.8,4.0;n15,0.75,3.75)middle(n103,1.0,5.0;n27,0.95,4.75;n6,0.9,4.5;n336,0.85,4.25)base(n11,1.0,5.0;n267,0.95,4.75;n129,0.9,4.5)|Rodrigo Flores-Roux;p133|<p>Bright bergamot and lemon meet neroli and orange blossom, with rosemary and lavender adding a crisp herbal edge over a soft ambery finish. Tailored and upbeat, it suits dressy lunches by the water.</p>|3.95;8800|616|like_love:3500:41.2;like_like:3000:35.3;like_ok:1300:15.3;like_dislike:500:5.9;like_hate:200:2.4|price_way_overpriced:1800:24.0;price_overpriced:2400:32.0;price_ok:2200:29.3;price_good_value:800:10.7;price_great_value:300:4.0|gvotes_female:300:3.6;gvotes_more_female:500:6.0;gvotes_unisex:3500:41.7;gvotes_more_male:2300:27.4;gvotes_male:1800:21.4|longevity_very_weak:900:11.3;longevity_weak:2200:27.7;longevity_moderate:3200:40.3;longevity_long_lasting:1300:16.4;longevity_eternal:350:4.4|sillage_intimate:1200:17.3;sillage_moderate:3800:54.7;sillage_strong:1600:23.0;sillage_enormous:350:5.0|season_winter:400:5.0;season_spring:5500:68.75;season_summer:8000:100.0;season_fall:800:10.0|season_day:8200:100.0;season_night:1600:19.51|pros(Luxurious Riviera-style neroli,212,9;Sparkling and uplifting,194,9;Polished enough for dressy summer events,176,9)cons(Very high price,97,4;Longevity does not match the price,88,4)|||||
900432||Tom Ford;b86|Noir de Noir|2007|gender_for_women_and_men||||||a30:100;a43:80;a32:70;a22:65;a12:55;a14:50;a6:45|top(n40,1.0,5.0)middle(n7,1.0,5.0;n442,0.95,4.75)base(n29,1.0,5.0;n68,0.95,4.75;n18,0.9,4.5;n447,0.85,4.25)||<p>Saffron and deep rose sit on a base of black truffle, patchouli, oud and vanilla with a mossy edge. It is a dark, earthy and velvety rose, best suited to cold evenings.</p>|4.1;6000|420|like_love:2600:44.0;like_like:1650:27.9;like_ok:900:15.2;like_dislike:470:8.0;like_hate:290:4.9|price_way_overpriced:1150:38.1;price_overpriced:950:31.5;price_ok:650:21.5;price_good_value:180:6.0;price_great_value:90:3.0|gvotes_female:1150:20.2;gvotes_more_female:1250:22.0;gvotes_unisex:2500:44.0;gvotes_more_male:500:8.8;gvotes_male:280:4.9|longevity_very_weak:110:3.1;longevity_weak:290:8.1;longevity_moderate:1100:30.6;longevity_long_lasting:1500:41.7;longevity_eternal:600:16.7|sillage_intimate:210:6.2;sillage_moderate:1050:30.8;sillage_strong:1550:45.5;sillage_enormous:600:17.6|season_winter:3900:100.0;season_spring:1350:34.62;season_summer:470:12.05;season_fall:3500:89.74|season_day:1750:40.7;season_night:4300:100.0|pros(Distinctive dark, earthy rose,144,6;Long-lasting with a rich trail,132,6;Feels formal and grown-up,120,6)cons(Truffle-patchouli earthiness can be divisive,66,3;Too heavy for warm days,60,3)|||||
900433||Tom Ford;b86|Ombré Leather|2018|gender_for_women_and_men||||||a23:100;a15:60;a6:50;a14:45;a17:35;a18:30;a22:28|top(n107,1.0,5.0)middle(n85,1.0,5.0;n78,0.95,4.75)base(n11,1.0,5.0;n49,0.95,4.75;n18,0.9,4.5)|Sonia Constant;p93|<p>Soft, supple leather wrapped in cardamom, jasmine and ambery moss, like a worn jacket in cold desert air. Rugged but polished.</p>|4;10000|700|like_love:4500:42.9;like_like:3500:33.3;like_ok:1500:14.3;like_dislike:600:5.7;like_hate:400:3.8|price_way_overpriced:800:9.3;price_overpriced:2000:23.3;price_ok:3500:40.7;price_good_value:1800:20.9;price_great_value:500:5.8|gvotes_female:250:2.5;gvotes_more_female:500:5.0;gvotes_unisex:3500:35.2;gvotes_more_male:3500:35.2;gvotes_male:2200:22.1|longevity_very_weak:150:1.7;longevity_weak:500:5.8;longevity_moderate:2500:28.9;longevity_long_lasting:4000:46.2;longevity_eternal:1500:17.3|sillage_intimate:400:4.7;sillage_moderate:3000:34.9;sillage_strong:4000:46.5;sillage_enormous:1200:14.0|season_winter:6500:86.67;season_spring:3000:40.0;season_summer:1500:20.0;season_fall:7500:100.0|season_day:6000:100.0;season_night:6000:100.0|pros(Plush, suede-like leather,240,10;Strong performance,220,10;Cheaper than the Private Blend line,200,10)cons(Fairly linear,120,5;Heavy in warm weather,110,5;Popular, so less distinctive,100,5)|||||
900434||Tom Ford;b86|Oud Wood|2007|gender_for_women_and_men||||||a6:100;a32:82;a14:58;a15:45;a1:40;a7:35|top(n261,1.0,5.0;n107,0.95,4.75;n448,0.9,4.5)middle(n68,1.0,5.0;n17,0.95,4.75;n16,0.9,4.5)base(n30,1.0,5.0;n29,0.95,4.75;n11,0.9,4.5)|Richard Herpin;p134|<p>A polished, gentle oud softened with sandalwood, cardamom and creamy tonka. Dry, warm and quietly luxurious, with none of the barnyard edge of raw oud.</p>|4.2;15000|1050|like_love:7500:51.4;like_like:4500:30.8;like_ok:1800:12.3;like_dislike:500:3.4;like_hate:300:2.1|price_way_overpriced:3000:26.8;price_overpriced:4000:35.7;price_ok:3000:26.8;price_good_value:800:7.1;price_great_value:400:3.6|gvotes_female:300:2.2;gvotes_more_female:600:4.5;gvotes_unisex:6500:48.5;gvotes_more_male:4000:29.9;gvotes_male:2000:14.9|longevity_very_weak:300:2.7;longevity_weak:1500:13.5;longevity_moderate:5000:45.0;longevity_long_lasting:3500:31.5;longevity_eternal:800:7.2|sillage_intimate:1500:14.4;sillage_moderate:6000:57.7;sillage_strong:2500:24.0;sillage_enormous:400:3.8|season_winter:9000:90.0;season_spring:4500:45.0;season_summer:2000:20.0;season_fall:10000:100.0|season_day:8000:94.12;season_night:8500:100.0|pros(Smooth, approachable oud,360,15;Refined enough for work,330,15;Wears well on anyone,300,15)cons(Pricey,180,8;Projection fades after the first hour,165,8;Too tame for oud lovers,150,8)|||||
900435||Tom Ford;b86|Rose Prick|2020|gender_for_women_and_men||||||a30:100;a14:60;a22:50;a7:45;a43:35;a13:30;a6:25|top(n222,1.0,5.0;n381,0.95,4.75)middle(n252,1.0,5.0;n246,0.95,4.75;n228,0.9,4.5)base(n18,1.0,5.0;n30,0.95,4.75)|Guillaume Flavigny;p135|<p>A triple-rose bouquet with a tingling pepper-and-turmeric edge and an earthy patchouli trail. Lush yet a little thorny, and wearable by anyone.</p>|4.05;5000|350|like_love:2000:42.8;like_like:1600:34.3;like_ok:700:15.0;like_dislike:250:5.4;like_hate:120:2.6|price_way_overpriced:900:27.9;price_overpriced:1300:40.2;price_ok:700:21.7;price_good_value:250:7.7;price_great_value:80:2.5|gvotes_female:1700:33.7;gvotes_more_female:1400:27.7;gvotes_unisex:1600:31.7;gvotes_more_male:250:5.0;gvotes_male:100:2.0|longevity_very_weak:100:2.9;longevity_weak:350:10.1;longevity_moderate:1200:34.8;longevity_long_lasting:1400:40.6;longevity_eternal:400:11.6|sillage_intimate:250:7.4;sillage_moderate:1500:44.1;sillage_strong:1300:38.2;sillage_enormous:350:10.3|season_winter:2000:62.5;season_spring:3200:100.0;season_summer:1200:37.5;season_fall:2800:87.5|season_day:2800:100.0;season_night:2400:85.71|pros(Realistic, rich rose,120,5;Genuinely unisex,110,5;Distinctive spicy twist,100,5)cons(Very expensive for the size,55,3;Patchouli dry-down not for everyone,50,3)|||||
900436||Tom Ford;b86|Soleil Blanc|2016|gender_for_women_and_men||||||a39:100;a17:82;a15:62;a13:55;a45:45;a14:35|top(n3,1.0,5.0;n107,0.95,4.75;n361,0.9,4.5;n19,0.85,4.25)middle(n104,1.0,5.0;n187,0.95,4.75;n6,0.9,4.5)base(n121,1.0,5.0;n30,0.95,4.75;n90,0.9,4.5;n11,0.85,4.25)|Nathalie Gracia-Cetto;p136|<p>Creamy coconut, tuberose and ylang-ylang wrapped in warm amber, with a flicker of cardamom and pistachio up top. It smells like expensive tanning oil at a beach club, rich and sensual enough for sunset drinks by the sea.</p>|4.05;4800|336|like_love:2400:45.7;like_like:1600:30.5;like_ok:700:13.3;like_dislike:350:6.7;like_hate:200:3.8|price_way_overpriced:1400:30.4;price_overpriced:1500:32.6;price_ok:1200:26.1;price_good_value:350:7.6;price_great_value:150:3.3|gvotes_female:1500:30.0;gvotes_more_female:1400:28.0;gvotes_unisex:1800:36.0;gvotes_more_male:200:4.0;gvotes_male:100:2.0|longevity_very_weak:200:4.3;longevity_weak:600:13.0;longevity_moderate:1800:39.1;longevity_long_lasting:1500:32.6;longevity_eternal:500:10.9|sillage_intimate:500:10.9;sillage_moderate:2000:43.5;sillage_strong:1600:34.8;sillage_enormous:500:10.9|season_winter:300:5.77;season_spring:2800:53.85;season_summer:5200:100.0;season_fall:500:9.62|season_day:4200:100.0;season_night:2000:47.62|pros(Luxe sun-oil and coconut glow,116,5;Evokes a five-star beach club,106,5;Good staying power,96,5)cons(Very expensive,53,2;Can feel heavy in extreme humidity,48,2)|||||
900437||Tom Ford;b86|Tobacco Oud|2013|gender_for_women_and_men||||||a28:100;a14:90;a6:80;a32:70;a56:60;a15:55;a13:45|top(n321,1.0,5.0)middle(n25,1.0,5.0;n93,0.95,4.75)base(n60,1.0,5.0;n68,0.95,4.75;n17,0.9,4.5;n18,0.85,4.25)||<p>A whiskey-like opening warmed by cinnamon and coriander leads into dry tobacco leaf, oud, sandalwood and patchouli. It is dark, boozy and spicy, with more spice and wood than sweetness.</p>|4.2;4500|315|like_love:2100:47.8;like_like:1200:27.3;like_ok:600:13.7;like_dislike:310:7.1;like_hate:180:4.1|price_way_overpriced:850:38.1;price_overpriced:700:31.4;price_ok:470:21.1;price_good_value:140:6.3;price_great_value:70:3.1|gvotes_female:90:2.1;gvotes_more_female:170:4.0;gvotes_unisex:1700:39.9;gvotes_more_male:1350:31.7;gvotes_male:950:22.3|longevity_very_weak:50:1.8;longevity_weak:160:5.9;longevity_moderate:650:24.0;longevity_long_lasting:1200:44.3;longevity_eternal:650:24.0|sillage_intimate:100:3.9;sillage_moderate:600:23.5;sillage_strong:1200:47.1;sillage_enormous:650:25.5|season_winter:2900:100.0;season_spring:750:25.86;season_summer:230:7.93;season_fall:2650:91.38|season_day:1150:35.38;season_night:3250:100.0|pros(Rich boozy-spicy tobacco character,108,5;Excellent longevity and presence,99,5;Well suited to cold evenings,90,5)cons(Heavy and dense in warm weather,55,2;Very high price,50,2;A little goes a long way,45,2)|||||
900438||Tom Ford;b86|Tobacco Vanille|2007|gender_for_women_and_men||||||a28:100;a12:92;a13:78;a14:70;a10:45;a44:40;a6:38|top(n55,1.0,5.0;n342,0.95,4.75)middle(n29,1.0,5.0;n204,0.95,4.75;n30,0.9,4.5;n449,0.85,4.25)base(n59,1.0,5.0;n39,0.95,4.75)|Olivier Gillotin;p24|<p>A dense, sweet pipe-tobacco and vanilla blend with dried fruit and cocoa that feels like a leather armchair beside a fire. Rich and enveloping, it does best on frosty evenings.</p>|4.2;20000|1400|like_love:12000:60.0;like_like:5000:25.0;like_ok:1800:9.0;like_dislike:700:3.5;like_hate:500:2.5|price_way_overpriced:3500:28.0;price_overpriced:4000:32.0;price_ok:3000:24.0;price_good_value:1200:9.6;price_great_value:800:6.4|gvotes_female:800:5.0;gvotes_more_female:1200:7.5;gvotes_unisex:9000:56.3;gvotes_more_male:3500:21.9;gvotes_male:1500:9.4|longevity_very_weak:300:2.0;longevity_weak:600:4.0;longevity_moderate:2500:16.8;longevity_long_lasting:7000:47.0;longevity_eternal:4500:30.2|sillage_intimate:600:4.1;sillage_moderate:3500:24.0;sillage_strong:7000:47.9;sillage_enormous:3500:24.0|season_winter:16000:100.0;season_spring:1500:9.38;season_summer:600:3.75;season_fall:13000:81.25|season_day:5000:38.46;season_night:13000:100.0|pros(Rich, boozy-sweet depth,480,20;Huge longevity,440,20;Instantly cosy in cold air,400,20)cons(Expensive for the size,240,10;Overwhelming in heat or small offices,220,10;Can read syrupy,200,10)|||||
900439||Tom Ford;b86|Tuscan Leather|2007|gender_for_women_and_men||||||a23:100;a10:65;a14:55;a26:45;a24:40;a6:38|top(n40,1.0,5.0;n115,0.95,4.75;n113,0.9,4.5)middle(n390,1.0,5.0;n6,0.95,4.75)base(n85,1.0,5.0;n109,0.95,4.75;n130,0.9,4.5)||<p>A raw, bold leather opened by tart raspberry and saffron, with a thread of incense and jasmine before smooth suede takes over. Dense and animalic, like a new leather jacket with a fruity edge.</p>|4.15;11000|770|like_love:5200:51.0;like_like:2500:24.5;like_ok:1200:11.8;like_dislike:700:6.9;like_hate:600:5.9|price_way_overpriced:3600:41.9;price_overpriced:2600:30.2;price_ok:1600:18.6;price_good_value:500:5.8;price_great_value:300:3.5|gvotes_female:600:5.5;gvotes_more_female:800:7.3;gvotes_unisex:3800:34.5;gvotes_more_male:2800:25.5;gvotes_male:3000:27.3|longevity_very_weak:150:1.6;longevity_weak:300:3.1;longevity_moderate:1500:15.7;longevity_long_lasting:4200:44.0;longevity_eternal:3400:35.6|sillage_intimate:250:2.7;sillage_moderate:1800:19.5;sillage_strong:4400:47.6;sillage_enormous:2800:30.3|season_winter:6200:96.88;season_spring:2500:39.06;season_summer:800:12.5;season_fall:6400:100.0|season_day:3500:51.47;season_night:6800:100.0|pros(Realistic, rich leather,264,11;Excellent longevity,242,11;Distinctive raspberry-saffron twist,220,11)cons(Harsh or medicinal opening for some,132,6;Very expensive,121,6;Too heavy for warm weather,110,6)|||||
900440||Tom Ford;b86|Vanilla Sex|2024|gender_for_women_and_men||||||a12:100;a13:80;a6:60;a21:55;a17:45;a15:40|middle(n29,1.0,5.0;n6,0.95,4.75;n71,0.9,4.5;n17,0.85,4.25)||<p>A focused vanilla fragrance that pairs deeper and brighter vanilla facets with sandalwood, orris and a touch of jasmine. It smells creamy, rich and enveloping.</p>|4.05;5200|364|like_love:2350:46.4;like_like:1300:25.7;like_ok:750:14.8;like_dislike:410:8.1;like_hate:250:4.9|price_way_overpriced:1150:43.9;price_overpriced:850:32.4;price_ok:440:16.8;price_good_value:130:5.0;price_great_value:50:1.9|gvotes_female:1100:22.2;gvotes_more_female:1200:24.2;gvotes_unisex:2200:44.4;gvotes_more_male:300:6.1;gvotes_male:150:3.0|longevity_very_weak:90:2.9;longevity_weak:250:8.0;longevity_moderate:950:30.3;longevity_long_lasting:1300:41.4;longevity_eternal:550:17.5|sillage_intimate:240:8.2;sillage_moderate:1000:34.1;sillage_strong:1250:42.7;sillage_enormous:440:15.0|season_winter:3400:100.0;season_spring:1850:54.41;season_summer:850:25.0;season_fall:3200:94.12|season_day:2250:60.0;season_night:3750:100.0|pros(Rich, creamy vanilla with real depth,124,5;Strong longevity on skin and clothes,114,5;Cosy and sensual in cold weather,104,5)cons(Very expensive for a single-note focus,57,3;Can feel heavy in heat,52,3)|||||
900441||Tom Ford;b86|Velvet Orchid|2014|gender_for_women||||||a9:100;a13:90;a21:65;a15:62;a12:55;a31:50;a35:48;a50:42|top(n217,1.0,5.0;n97,0.95,4.75;n42,0.9,4.5;n3,0.85,4.25)middle(n239,1.0,5.0;n6,0.95,4.75;n287,0.9,4.5;n7,0.85,4.25;n256,0.8,4.0;n132,0.75,3.75;n27,0.7,3.5)base(n29,1.0,5.0;n73,0.95,4.75;n109,0.9,4.5;n17,0.85,4.25;n309,0.8,4.0;n92,0.75,3.75)|Antoine Maisondieu;p35;Calice Becker;p61;Shyamala Maisondieu;p21;Yann Vasnier;p137|<p>A honeyed, boozy floral: rum and honey over citrus lead into orchid, rose and jasmine, then a plush base of suede, myrrh, labdanum, vanilla and sandalwood. Sweeter and softer than Black Orchid, with a velvety, resinous finish.</p>|4;5500|385|like_love:2400:44.6;like_like:1700:31.6;like_ok:800:14.9;like_dislike:300:5.6;like_hate:180:3.3|price_way_overpriced:400:12.8;price_overpriced:900:28.8;price_ok:1300:41.7;price_good_value:400:12.8;price_great_value:120:3.8|gvotes_female:2800:68.8;gvotes_more_female:800:19.7;gvotes_unisex:400:9.8;gvotes_more_male:40:1.0;gvotes_male:30:0.7|longevity_very_weak:100:2.7;longevity_weak:250:6.8;longevity_moderate:1100:30.1;longevity_long_lasting:1600:43.8;longevity_eternal:600:16.4|sillage_intimate:180:5.3;sillage_moderate:1200:35.5;sillage_strong:1500:44.4;sillage_enormous:500:14.8|season_winter:3500:100.0;season_spring:1300:37.14;season_summer:400:11.43;season_fall:3200:91.43|season_day:1400:36.84;season_night:3800:100.0|pros(Rich, rum-soaked honey floral,132,6;Long-lasting with strong presence,121,6;Easier to wear than Black Orchid,110,6)cons(Too heavy for warm days,61,3;Luxury pricing,55,3)|||||
900442||Tommy Hilfiger;b87|Tommy Girl|1996|gender_for_women||||||a3:100;a9:80;a2:65;a11:65;a10:55;a17:45;a6:35|top(n175,1.0,5.0;n42,0.95,4.75;n450,0.9,4.5;n21,0.85,4.25)middle(n146,1.0,5.0;n2,0.95,4.75;n87,0.9,4.5;n7,0.85,4.25;n233,0.8,4.0;n153,0.75,3.75;n20,0.7,3.5)base(n132,1.0,5.0;n6,0.95,4.75;n9,0.9,4.5;n17,0.85,4.25;n85,0.8,4.0)|Calice Becker;p61|<p>A bright, tea-like citrus floral with camellia and black currant. Sunny, sporty and casually all-American.</p>|3.8;8000|560|like_love:3000:37.3;like_like:3000:37.3;like_ok:1300:16.1;like_dislike:500:6.2;like_hate:250:3.1|price_way_overpriced:80:1.0;price_overpriced:150:1.8;price_ok:900:11.1;price_good_value:2500:30.8;price_great_value:4500:55.4|gvotes_female:4500:56.6;gvotes_more_female:2000:25.2;gvotes_unisex:1300:16.4;gvotes_more_male:100:1.3;gvotes_male:50:0.6|longevity_very_weak:700:9.0;longevity_weak:2000:25.6;longevity_moderate:3500:44.9;longevity_long_lasting:1300:16.7;longevity_eternal:300:3.8|sillage_intimate:1500:19.5;sillage_moderate:4000:51.9;sillage_strong:1800:23.4;sillage_enormous:400:5.2|season_winter:700:10.77;season_spring:6500:100.0;season_summer:6000:92.31;season_fall:1500:23.08|season_day:7500:100.0;season_night:1000:13.33|pros(Cheerful daytime freshness,192,8;Extremely affordable,176,8;Influential, well-made classic,160,8)cons(Weak longevity,96,4;Feels simple,88,4;Not for evenings,80,4)|||||
900443||Valentino;b88|Donna Born in Roma|2019|gender_for_women||||||a12:100;a17:80;a6:60;a13:55;a10:40;a24:30|top(n21,1.0,5.0;n19,0.95,4.75;n3,0.9,4.5)middle(n6,1.0,5.0;n78,0.95,4.75;n451,0.9,4.5)base(n163,1.0,5.0;n207,0.95,4.75;n70,0.9,4.5)|Amandine Clerc-Marie;p33;Honorine Blanc;p31|<p>A triple jasmine accord over bourbon vanilla and smoky guaiac wood. Sleek and warm, made for city nights.</p>|4;9800|686|like_love:4500:45.9;like_like:3000:30.6;like_ok:1300:13.3;like_dislike:600:6.1;like_hate:400:4.1|price_way_overpriced:600:9.1;price_overpriced:1500:22.7;price_ok:2500:37.9;price_good_value:1500:22.7;price_great_value:500:7.6|gvotes_female:6000:77.1;gvotes_more_female:1300:16.7;gvotes_unisex:400:5.1;gvotes_more_male:40:0.5;gvotes_male:40:0.5|longevity_very_weak:250:3.0;longevity_weak:500:5.9;longevity_moderate:2300:27.2;longevity_long_lasting:3800:45.0;longevity_eternal:1600:18.9|sillage_intimate:400:5.3;sillage_moderate:2800:36.8;sillage_strong:3200:42.1;sillage_enormous:1200:15.8|season_winter:6500:86.67;season_spring:3000:40.0;season_summer:900:12.0;season_fall:7500:100.0|season_day:3500:50.0;season_night:7000:100.0|pros(Very long lasting,236,10;Great for nights out,216,10;Modern sweet-woody feel,196,10)cons(Can be too sweet,118,5;Resembles other vanilla florals,108,5;Not a summer scent,98,5)|||||
900444||Valentino;b88|Donna Born in Roma Intense|2023|gender_for_women||||||a15:100;a12:95;a17:80;a21:50;a14:45;a31:45|top(n163,1.0,5.0;n11,0.95,4.75)middle(n6,1.0,5.0)base(n90,1.0,5.0)|Amandine Clerc-Marie;p33;Honorine Blanc;p31|<p>A thicker, vanilla-forward Donna Born in Roma: Bourbon vanilla and amber lead from the start, jasmine sits in the heart, and a balsamic benzoin base carries the wear. Warm and sweet, made for cooler weather and nights out.</p>|4.2;3861|270|like_love:2000:51.7;like_like:1000:25.9;like_ok:442:11.4;like_dislike:323:8.4;like_hate:101:2.6|price_way_overpriced:193:6.6;price_overpriced:463:15.8;price_ok:1158:39.5;price_good_value:849:28.9;price_great_value:270:9.2|gvotes_female:2471:75.6;gvotes_more_female:618:18.9;gvotes_unisex:154:4.7;gvotes_more_male:15:0.5;gvotes_male:12:0.4|longevity_very_weak:62:1.8;longevity_weak:154:4.4;longevity_moderate:772:21.8;longevity_long_lasting:1699:48.0;longevity_eternal:849:24.0|sillage_intimate:77:2.5;sillage_moderate:695:22.5;sillage_strong:1544:50.0;sillage_enormous:772:25.0|season_winter:1500:100.0;season_spring:757:50.47;season_summer:490:32.67;season_fall:1400:93.33|season_day:759:47.44;season_night:1600:100.0|pros(Rich, long-lasting vanilla,93,4;Cosy cold-weather wear,85,4;Strong sillage,77,4)cons(Very sweet,47,2;Less floral than the original,43,2;Too heavy for heat,39,2)|||||
900445||Valentino;b88|Valentina|2011|gender_for_women||||||a17:100;a43:75;a13:70;a10:65;a12:55;a45:45;a3:35;a15:30|top(n452,1.0,5.0;n3,0.95,4.75)middle(n206,1.0,5.0;n6,0.95,4.75;n187,0.9,4.5;n27,0.85,4.25)base(n29,1.0,5.0;n11,0.95,4.75;n209,0.9,4.5)|Alberto Morillas;p38;Olivier Cresp;p8|<p>A fruity white floral where wild strawberry and bergamot, with an earthy hint of white truffle, lead into jasmine, tuberose and orange blossom over a warm cedar, amber and vanilla base. Sweet and playful, with the truffle adding a faint savory depth.</p>|3.94;5900|413|like_love:2360:38.6;like_like:2191:35.9;like_ok:1011:16.5;like_dislike:337:5.5;like_hate:211:3.5|price_way_overpriced:211:5.1;price_overpriced:506:12.1;price_ok:1686:40.4;price_good_value:1264:30.3;price_great_value:506:12.1|gvotes_female:4214:88.0;gvotes_more_female:421:8.8;gvotes_unisex:126:2.6;gvotes_more_male:13:0.3;gvotes_male:17:0.4|longevity_very_weak:169:3.3;longevity_weak:506:9.8;longevity_moderate:1854:36.1;longevity_long_lasting:2023:39.3;longevity_eternal:590:11.5|sillage_intimate:295:6.3;sillage_moderate:1854:39.3;sillage_strong:2023:42.9;sillage_enormous:548:11.6|season_winter:1686:41.67;season_spring:4046:100.0;season_summer:1517:37.49;season_fall:2360:58.33|season_day:3709:100.0;season_night:2529:68.19|pros(Juicy strawberry-floral opening,142,6;Unusual truffle accent,130,6;Good longevity,118,6)cons(Sweetness can feel cloying,65,3;Tuberose may be too loud for some,59,3)|||||
900446||Valentino;b88|Valentino Uomo Born in Roma|2019|gender_for_men||||||a1:100;a42:85;a6:70;a41:60;a55:55;a7:50;a24:40|top(n315,1.0,5.0;n335,0.95,4.75;n265,0.9,4.5)middle(n47,1.0,5.0;n24,0.95,4.75)base(n16,1.0,5.0;n39,0.95,4.75)|Antoine Maisondieu;p35;Guillaume Flavigny;p135|<p>Salty mineral freshness, ginger and violet leaf over smoky vetiver. Modern and stylish, with a street-smart edge.</p>|4;10000|700|like_love:4800:46.2;like_like:3500:33.7;like_ok:1300:12.5;like_dislike:500:4.8;like_hate:300:2.9|price_way_overpriced:300:3.8;price_overpriced:1000:12.8;price_ok:3000:38.5;price_good_value:2500:32.1;price_great_value:1000:12.8|gvotes_female:80:0.9;gvotes_more_female:60:0.7;gvotes_unisex:700:8.1;gvotes_more_male:1800:20.8;gvotes_male:6000:69.4|longevity_very_weak:250:2.7;longevity_weak:900:9.6;longevity_moderate:3500:37.4;longevity_long_lasting:3800:40.6;longevity_eternal:900:9.6|sillage_intimate:600:6.6;sillage_moderate:3800:41.8;sillage_strong:3800:41.8;sillage_enormous:900:9.9|season_winter:3500:50.0;season_spring:7000:100.0;season_summer:4000:57.14;season_fall:6000:85.71|season_day:7000:100.0;season_night:6000:85.71|pros(Unique salty-mineral vibe,240,10;Striking bottle,220,10;Good all-rounder,200,10)cons(Can feel synthetic,110,5;Pricey for the performance,100,5)|||||
900447||Valentino;b88|Valentino Uomo Born in Roma Intense|2023|gender_for_men||||||a12:100;a13:85;a8:65;a1:50;a6:45|top(n29,1.0,5.0)middle(n13,1.0,5.0)base(n16,1.0,5.0)||<p>A sweeter, darker take on Born in Roma in which vanilla leads from the start, joined by lavender over a vetiver base. Smooth and gourmand-leaning, it suits evenings and cooler weather.</p>|4.2;6500|455|like_love:3000:47.2;like_like:2100:33.1;like_ok:800:12.6;like_dislike:300:4.7;like_hate:150:2.4|price_way_overpriced:250:4.5;price_overpriced:600:10.8;price_ok:1700:30.6;price_good_value:1900:34.2;price_great_value:1100:19.8|gvotes_female:80:1.3;gvotes_more_female:150:2.4;gvotes_unisex:800:13.1;gvotes_more_male:2200:35.9;gvotes_male:2900:47.3|longevity_very_weak:80:1.4;longevity_weak:250:4.4;longevity_moderate:1200:21.3;longevity_long_lasting:2700:48.0;longevity_eternal:1400:24.9|sillage_intimate:150:2.7;sillage_moderate:1300:23.4;sillage_strong:2800:50.5;sillage_enormous:1300:23.4|season_winter:5500:100.0;season_spring:1800:32.73;season_summer:500:9.09;season_fall:4500:81.82|season_day:2000:36.36;season_night:5500:100.0|pros(Smooth vanilla-lavender blend,156,7;Long-lasting,143,7;Studded bottle stands out,130,7)cons(Very sweet for daytime,72,3;Fairly linear development,65,3)|||||
900448||Van Cleef & Arpels;b89|First|1976|gender_for_women||||||a33:100;a17:80;a9:70;a21:60;a6:45;a10:35|top(n72,1.0,5.0;n3,0.95,4.75;n21,0.9,4.5;n42,0.85,4.25;n168,0.8,4.0;n115,0.75,3.75)middle(n6,1.0,5.0;n7,0.95,4.75;n256,0.9,4.5;n187,0.85,4.25;n74,0.8,4.0;n64,0.75,3.75)base(n17,1.0,5.0;n16,0.95,4.75;n11,0.9,4.5;n35,0.85,4.25;n75,0.8,4.0;n34,0.75,3.75)|Jean-Claude Ellena;p37|<p>A sparkling aldehydic bouquet of jasmine, rose and narcissus with a jewel-like brilliance and a smooth woody finish. Polished and formal, it suits pearls and evening gloves.</p>|4;2500|175|like_love:1200:53.1;like_like:600:26.5;like_ok:250:11.1;like_dislike:120:5.3;like_hate:90:4.0|price_way_overpriced:60:3.7;price_overpriced:200:12.4;price_ok:550:34.2;price_good_value:550:34.2;price_great_value:250:15.5|gvotes_female:1500:73.0;gvotes_more_female:400:19.5;gvotes_unisex:120:5.8;gvotes_more_male:20:1.0;gvotes_male:15:0.7|longevity_very_weak:50:2.5;longevity_weak:180:8.9;longevity_moderate:600:29.6;longevity_long_lasting:900:44.3;longevity_eternal:300:14.8|sillage_intimate:90:4.6;sillage_moderate:600:30.9;sillage_strong:900:46.4;sillage_enormous:350:18.0|season_winter:900:64.29;season_spring:1400:100.0;season_summer:400:28.57;season_fall:1000:71.43|season_day:1400:100.0;season_night:1100:78.57|pros(Sparkling, jewel-like florals,60,3;Refined and polished,55,3;Fair price for a classic,50,3)cons(Aldehydes can feel sharp,28,1;Too formal for casual wear,25,1)|||||
900449||Versace;b90|Bright Crystal|2006|gender_for_women||||||a9:100;a10:85;a11:60;a3:50;a13:40;a20:35|top(n351,1.0,5.0;n237,0.95,4.75;n453,0.9,4.5)middle(n141,1.0,5.0;n132,0.95,4.75;n186,0.9,4.5)base(n35,1.0,5.0;n241,0.95,4.75;n11,0.9,4.5)|Alberto Morillas;p38|<p>Tart pomegranate and a squeeze of yuzu over soft peony and magnolia, settling into a clean, gently sweet musk. Pretty and uncomplicated, it suits carefree daytime summer wear.</p>|3.85;19000|1330|like_love:7000:36.3;like_like:7000:36.3;like_ok:3500:18.1;like_dislike:1200:6.2;like_hate:600:3.1|price_way_overpriced:300:2.1;price_overpriced:900:6.3;price_ok:4000:28.2;price_good_value:5000:35.2;price_great_value:4000:28.2|gvotes_female:11000:73.5;gvotes_more_female:3000:20.1;gvotes_unisex:800:5.3;gvotes_more_male:100:0.7;gvotes_male:60:0.4|longevity_very_weak:1500:9.2;longevity_weak:3500:21.5;longevity_moderate:7000:42.9;longevity_long_lasting:3500:21.5;longevity_eternal:800:4.9|sillage_intimate:2000:14.0;sillage_moderate:8000:55.9;sillage_strong:3500:24.5;sillage_enormous:800:5.6|season_winter:1000:6.25;season_spring:16000:100.0;season_summer:13000:81.25;season_fall:2000:12.5|season_day:17000:100.0;season_night:4500:26.47|pros(Juicy pomegranate and airy peony,456,19;Pretty and very easy to like,418,19;Affordable at discounters,380,19)cons(Can feel generic or synthetic,209,10;A little sweet in extreme heat,190,10)|||||
900450||Versace;b90|Dylan Blue Pour Homme|2016|gender_for_men||||||a1:100;a3:82;a7:70;a6:60;a37:55;a15:50;a20:45|top(n3,1.0,5.0;n87,0.95,4.75;n296,0.9,4.5;n405,0.85,4.25)middle(n265,1.0,5.0;n176,0.95,4.75;n18,0.9,4.5;n54,0.85,4.25;n133,0.8,4.0)base(n454,1.0,5.0;n30,0.95,4.75;n40,0.9,4.5;n23,0.85,4.25)|Alberto Morillas;p38|<p>A well-built blue fragrance of grapefruit, pepper and patchouli over a mineral musk base. Easy, fresh and dependable for everyday wear.</p>|4;16000|1120|like_love:6500:42.5;like_like:5500:35.9;like_ok:2200:14.4;like_dislike:700:4.6;like_hate:400:2.6|price_way_overpriced:200:1.5;price_overpriced:700:5.2;price_ok:3500:26.1;price_good_value:5500:41.0;price_great_value:3500:26.1|gvotes_female:80:0.6;gvotes_more_female:50:0.4;gvotes_unisex:500:3.9;gvotes_more_male:2200:17.1;gvotes_male:10000:77.9|longevity_very_weak:300:2.3;longevity_weak:1200:9.0;longevity_moderate:5000:37.6;longevity_long_lasting:5500:41.4;longevity_eternal:1300:9.8|sillage_intimate:700:5.3;sillage_moderate:5500:41.7;sillage_strong:5500:41.7;sillage_enormous:1500:11.4|season_winter:3000:27.27;season_spring:11000:100.0;season_summer:9000:81.82;season_fall:5500:50.0|season_day:12500:100.0;season_night:5500:44.0|pros(Great value,384,16;Solid performance,352,16;Easy daily wear,320,16)cons(Generic blue profile,176,8;Similar to many others,160,8)|||||
900451||Versace;b90|Eros|2012|gender_for_men||||||a13:100;a12:80;a1:70;a11:60;a2:50;a6:40;a3:35|top(n20,1.0,5.0;n105,0.95,4.75;n2,0.9,4.5)middle(n30,1.0,5.0;n133,0.95,4.75;n46,0.9,4.5)base(n455,1.0,5.0;n16,0.95,4.75;n34,0.9,4.5;n209,0.85,4.25;n101,0.8,4.0)|Aurélien Guichard;p57|<p>Minty green apple over a sweet vanilla and tonka base. Brash and youthful, it comes into its own at clubs and parties.</p>|3.95;24200|1694|like_love:10000:41.3;like_like:8000:33.1;like_ok:3500:14.5;like_dislike:1800:7.4;like_hate:900:3.7|price_way_overpriced:300:1.9;price_overpriced:900:5.7;price_ok:4000:25.5;price_good_value:6000:38.2;price_great_value:4500:28.7|gvotes_female:150:0.7;gvotes_more_female:250:1.2;gvotes_unisex:1200:5.7;gvotes_more_male:4500:21.3;gvotes_male:15000:71.1|longevity_very_weak:400:2.4;longevity_weak:1200:7.2;longevity_moderate:5000:30.1;longevity_long_lasting:7000:42.2;longevity_eternal:3000:18.1|sillage_intimate:700:4.3;sillage_moderate:4500:27.8;sillage_strong:7500:46.3;sillage_enormous:3500:21.6|season_winter:10000:83.33;season_spring:9000:75.0;season_summer:3500:29.17;season_fall:12000:100.0|season_day:7000:43.75;season_night:16000:100.0|pros(Big projection,580,24;Crowd-pleasing sweetness,532,24;Excellent value,484,24)cons(Can be overbearing,266,12;Very common among younger wearers,242,12)|||||
900452||Versace;b90|Eros Eau de Parfum|2020|gender_for_men||||||a3:100;a1:94;a2:80;a12:75;a6:72;a13:71;a7:67;a21:55;a10:55|top(n20,1.0,5.0;n456,0.95,4.75;n2,0.9,4.5;n42,0.85,4.25)middle(n133,1.0,5.0;n46,0.95,4.75;n160,0.9,4.5)base(n29,1.0,5.0;n9,0.95,4.75;n17,0.9,4.5;n158,0.85,4.25;n18,0.8,4.0;n85,0.75,3.75)||<p>Mint, lemon, mandarin and candied apple open onto geranium, clary sage and ambroxan, over cedar, sandalwood, patchouli, a touch of leather and vanilla. Woodier and a little darker than the Eros EDT, with the same fresh-sweet signature.</p>|4.2;9000|630|like_love:4800:52.2;like_like:2700:29.3;like_ok:1000:10.9;like_dislike:400:4.3;like_hate:300:3.3|price_way_overpriced:150:1.9;price_overpriced:450:5.6;price_ok:1900:23.8;price_good_value:3300:41.3;price_great_value:2200:27.5|gvotes_female:80:0.9;gvotes_more_female:120:1.3;gvotes_unisex:700:7.6;gvotes_more_male:2500:27.2;gvotes_male:5800:63.0|longevity_very_weak:120:1.5;longevity_weak:350:4.3;longevity_moderate:1900:23.5;longevity_long_lasting:4000:49.6;longevity_eternal:1700:21.1|sillage_intimate:200:2.6;sillage_moderate:1800:23.1;sillage_strong:4000:51.3;sillage_enormous:1800:23.1|season_winter:4500:90.0;season_spring:3500:70.0;season_summer:1300:26.0;season_fall:5000:100.0|season_day:4000:55.56;season_night:7200:100.0|pros(Recognisable Eros DNA with more depth,216,9;Strong projection,198,9;Good value for the performance,180,9)cons(Still very sweet,99,5;Too loud for close quarters,90,5)|||||
900453||Versace;b90|Eros Energy|2024|gender_for_men||||||a3:100;a1:44;a7:42;a20:40;a6:38|top(n2,1.0,5.0;n151,0.95,4.75;n87,0.9,4.5;n157,0.85,4.25;n3,0.8,4.0;n42,0.75,3.75)middle(n19,1.0,5.0;n230,0.95,4.75;n21,0.9,4.5)base(n35,1.0,5.0;n34,0.95,4.75;n18,0.9,4.5)||<p>A burst of lemon, lime, grapefruit, blood orange, bergamot and mandarin moves into pink pepper, blackcurrant and a light amber, over musk, oakmoss and patchouli. Bright and zesty, it is the citrus-woody daytime member of the Eros line.</p>|3.8;2500|175|like_love:900:36.0;like_like:900:36.0;like_ok:450:18.0;like_dislike:150:6.0;like_hate:100:4.0|price_way_overpriced:100:4.7;price_overpriced:300:14.0;price_ok:800:37.2;price_good_value:650:30.2;price_great_value:300:14.0|gvotes_female:60:2.5;gvotes_more_female:80:3.3;gvotes_unisex:400:16.4;gvotes_more_male:700:28.7;gvotes_male:1200:49.2|longevity_very_weak:150:6.8;longevity_weak:450:20.5;longevity_moderate:1000:45.5;longevity_long_lasting:500:22.7;longevity_eternal:100:4.5|sillage_intimate:200:9.8;sillage_moderate:1000:48.8;sillage_strong:700:34.1;sillage_enormous:150:7.3|season_winter:200:10.53;season_spring:1500:78.95;season_summer:1900:100.0;season_fall:400:21.05|season_day:2000:100.0;season_night:350:17.5|pros(Bright, cheerful citrus,60,3;Suits warm-weather days,55,3;Less sweet than other Eros versions,50,3)cons(Citrus fades fairly fast,28,1;Less distinctive than the rest of the line,25,1)|||||
900454||Versace;b90|Eros Flame|2018|gender_for_men||||||a3:100;a14:80;a13:65;a6:60;a7:55;a15:45;a1:35|top(n42,1.0,5.0;n457,0.95,4.75;n2,0.9,4.5;n111,0.85,4.25;n15,0.8,4.0)middle(n458,1.0,5.0;n46,0.95,4.75;n7,0.9,4.5)base(n30,1.0,5.0;n29,0.95,4.75;n18,0.9,4.5;n17,0.85,4.25;n9,0.8,4.0;n16,0.75,3.75;n34,0.7,3.5)|Olivier Pescheux;p69|<p>Opens with a bittersweet burst of mandarin, chinotto and pepper, then warms through rose and geranium into a vanilla-tonka base with woods and patchouli. Spicier and more citrus-driven than the original Eros, with a cosy evening feel.</p>|4;14000|980|like_love:5500:40.1;like_like:5000:36.5;like_ok:2200:16.1;like_dislike:700:5.1;like_hate:300:2.2|price_way_overpriced:200:1.8;price_overpriced:500:4.6;price_ok:2800:25.7;price_good_value:4200:38.5;price_great_value:3200:29.4|gvotes_female:150:1.2;gvotes_more_female:300:2.3;gvotes_unisex:2000:15.4;gvotes_more_male:4500:34.7;gvotes_male:6000:46.3|longevity_very_weak:250:2.1;longevity_weak:800:6.9;longevity_moderate:4300:36.9;longevity_long_lasting:5000:42.9;longevity_eternal:1300:11.2|sillage_intimate:350:3.0;sillage_moderate:4200:36.4;sillage_strong:5500:47.6;sillage_enormous:1500:13.0|season_winter:9500:100.0;season_spring:4500:47.37;season_summer:1800:18.95;season_fall:9500:100.0|season_day:6000:57.14;season_night:10500:100.0|pros(Bright citrus-pepper opening,336,14;Good value for money,308,14;Solid performance in cool weather,280,14)cons(Drydown is fairly generic,154,7;Not suited to hot days,140,7)|||||
900455||Versace;b90|Versace Pour Homme|2008|gender_for_men||||||a3:100;a1:75;a7:55;a9:45;a6:42;a20:35;a15:30|top(n2,1.0,5.0;n103,0.95,4.75;n3,0.9,4.5;n7,0.85,4.25)middle(n234,1.0,5.0;n160,0.95,4.75;n9,0.9,4.5;n46,0.85,4.25)base(n30,1.0,5.0;n35,0.95,4.75;n11,0.9,4.5)|Alberto Morillas;p38|<p>A bright, clean citrus-aromatic with neroli and a soft floral heart over tonka and musk. Polished and uncontroversial, it feels like a crisp white shirt on a sunny day.</p>|3.95;13500|945|like_love:4500:36.3;like_like:5000:40.3;like_ok:2200:17.7;like_dislike:500:4.0;like_hate:200:1.6|price_way_overpriced:150:1.5;price_overpriced:400:4.0;price_ok:2200:21.9;price_good_value:3800:37.8;price_great_value:3500:34.8|gvotes_female:60:0.5;gvotes_more_female:120:0.9;gvotes_unisex:1100:8.3;gvotes_more_male:3500:26.4;gvotes_male:8500:64.0|longevity_very_weak:1200:10.4;longevity_weak:3200:27.7;longevity_moderate:5000:43.3;longevity_long_lasting:1800:15.6;longevity_eternal:350:3.0|sillage_intimate:1800:18.6;sillage_moderate:5800:59.8;sillage_strong:1800:18.6;sillage_enormous:300:3.1|season_winter:500:4.55;season_spring:8500:77.27;season_summer:11000:100.0;season_fall:1500:13.64|season_day:11500:100.0;season_night:2500:21.74|pros(Clean, bright citrus-fougere,324,14;Safe for office and gym,297,14;Great value, often below retail,270,14)cons(Moderate longevity,149,7;Plays it very safe,135,7)|||||
900456||Versace;b90|Yellow Diamond|2011|gender_for_women||||||a3:100;a9:80;a21:60;a52:55;a11:50;a10:40;a20:35|top(n2,1.0,5.0;n76,0.95,4.75;n3,0.9,4.5;n103,0.85,4.25)middle(n210,1.0,5.0;n63,0.95,4.75;n185,0.9,4.5;n27,0.85,4.25)base(n35,1.0,5.0;n70,0.95,4.75;n11,0.9,4.5)||<p>A sparkling citrus-floral of lemon, bergamot, pear and neroli that softens into mimosa, orange blossom, water lily and freesia over guaiac wood, amber and musk. Bright, light and uncomplicated.</p>|3.8;9000|630|like_love:2500:31.1;like_like:3000:37.3;like_ok:1800:22.4;like_dislike:500:6.2;like_hate:250:3.1|price_way_overpriced:150:2.8;price_overpriced:400:7.5;price_ok:1800:33.6;price_good_value:1800:33.6;price_great_value:1200:22.4|gvotes_female:4200:66.0;gvotes_more_female:1600:25.2;gvotes_unisex:500:7.9;gvotes_more_male:30:0.5;gvotes_male:30:0.5|longevity_very_weak:700:10.9;longevity_weak:1800:28.1;longevity_moderate:2800:43.8;longevity_long_lasting:900:14.1;longevity_eternal:200:3.1|sillage_intimate:800:15.2;sillage_moderate:3000:57.1;sillage_strong:1200:22.9;sillage_enormous:250:4.8|season_winter:700:11.29;season_spring:5500:88.71;season_summer:6200:100.0;season_fall:1300:20.97|season_day:7000:100.0;season_night:1100:15.71|pros(Cheerful and fresh for warm days,216,9;Office-friendly and inoffensive,198,9;Uncomplicated and easy to wear,180,9)cons(Short-lived,99,5;Fairly generic citrus-floral,90,5)|||||
900457||Victoria's Secret;b91|Bombshell|2010|gender_for_women||||||a10:100;a9:70;a19:55;a11:45;a13:45;a20:35;a3:30|top(n459,1.0,5.0;n87,0.95,4.75;n31,0.9,4.5)middle(n460,1.0,5.0;n118,0.95,4.75;n172,0.9,4.5)base(n35,1.0,5.0;n39,0.95,4.75;n34,0.9,4.5)|Adriana Medina;p105;Mark Knitowski;p138|<p>A bright passion-fruit and peony blend that feels glossy, flirty and upbeat. A mall-favourite pink floral that is easy to love.</p>|3.8;7000|490|like_love:2500:38.2;like_like:2100:32.1;like_ok:1100:16.8;like_dislike:500:7.6;like_hate:350:5.3|price_way_overpriced:200:4.7;price_overpriced:700:16.3;price_ok:1700:39.5;price_good_value:1200:27.9;price_great_value:500:11.6|gvotes_female:4800:88.7;gvotes_more_female:500:9.2;gvotes_unisex:80:1.5;gvotes_more_male:15:0.3;gvotes_male:15:0.3|longevity_very_weak:300:5.8;longevity_weak:900:17.3;longevity_moderate:2000:38.5;longevity_long_lasting:1500:28.8;longevity_eternal:500:9.6|sillage_intimate:350:7.7;sillage_moderate:1800:39.6;sillage_strong:1800:39.6;sillage_enormous:600:13.2|season_winter:1200:26.67;season_spring:4500:100.0;season_summer:4200:93.33;season_fall:1800:40.0|season_day:5000:100.0;season_night:2200:44.0|pros(Cheerful fruity floral,168,7;Good in warm weather,154,7;Draws attention,140,7)cons(Somewhat synthetic,77,4;Very widely worn,70,4)|||||
900458||Victoria's Secret;b91|Bombshell Intense|2019|gender_for_women||||||a12:100;a9:85;a47:75;a13:60;a10:50|top(n444,1.0,5.0)middle(n461,1.0,5.0)base(n29,1.0,5.0)||<p>A darker, sweeter relative of Bombshell built on cherry, red peony and vanilla. It trades the original's bright, airy fruit-floral feel for a richer, more evening-leaning one.</p>|4.08;1135|79|like_love:412:36.3;like_like:488:43.0;like_ok:155:13.7;like_dislike:69:6.1;like_hate:11:1.0|price_way_overpriced:100:3.4;price_overpriced:300:10.3;price_ok:900:31.0;price_good_value:900:31.0;price_great_value:700:24.1|gvotes_female:2500:74.5;gvotes_more_female:700:20.9;gvotes_unisex:120:3.6;gvotes_more_male:20:0.6;gvotes_male:15:0.4|longevity_very_weak:150:5.1;longevity_weak:500:16.9;longevity_moderate:1300:44.1;longevity_long_lasting:800:27.1;longevity_eternal:200:6.8|sillage_intimate:250:8.9;sillage_moderate:1300:46.4;sillage_strong:1000:35.7;sillage_enormous:250:8.9|season_winter:341:91.42;season_spring:273:73.19;season_summer:226:60.59;season_fall:373:100.0|season_day:323:75.64;season_night:427:100.0|pros(Juicy cherry-floral sweetness,27,1;Suits nights out,25,1;Easy to find,23,1)cons(Sweetness can feel synthetic,13,1;Only moderate longevity,12,1)|||||
900459||Victoria's Secret;b91|Tease|2017|gender_for_women||||||a12:100;a10:85;a13:80;a17:60;a20:40;a15:35|top(n76,1.0,5.0;n462,0.95,4.75;n355,0.9,4.5;n42,0.85,4.25)middle(n289,1.0,5.0;n6,0.95,4.75;n132,0.9,4.5;n63,0.85,4.25;n329,0.8,4.0)base(n320,1.0,5.0;n90,0.95,4.75;n463,0.9,4.5;n11,0.85,4.25;n35,0.8,4.0;n17,0.75,3.75)||<p>Juicy pear with lychee, apple and mandarin over gardenia and soft white flowers, settling into a dark, sugary vanilla with hints of chocolate, amber and musk. Soft and cosy with a flirtatious edge, it sits in the youthful sweet-vanilla lane.</p>|3.9;5000|350|like_love:1800:38.3;like_like:1600:34.0;like_ok:850:18.1;like_dislike:300:6.4;like_hate:150:3.2|price_way_overpriced:150:3.5;price_overpriced:400:9.4;price_ok:1400:32.9;price_good_value:1300:30.6;price_great_value:1000:23.5|gvotes_female:3600:76.8;gvotes_more_female:900:19.2;gvotes_unisex:150:3.2;gvotes_more_male:20:0.4;gvotes_male:15:0.3|longevity_very_weak:300:6.7;longevity_weak:900:20.2;longevity_moderate:2000:44.9;longevity_long_lasting:1000:22.5;longevity_eternal:250:5.6|sillage_intimate:400:10.0;sillage_moderate:2000:50.0;sillage_strong:1300:32.5;sillage_enormous:300:7.5|season_winter:2200:84.62;season_spring:1600:61.54;season_summer:700:26.92;season_fall:2600:100.0|season_day:2000:74.07;season_night:2700:100.0|pros(Rich, cosy vanilla,120,5;Juicy pear keeps it playful,110,5;Widely available,100,5)cons(Very sweet for some,55,3;Too sugary for hot days,50,3)|||||
900460||Viktor&Rolf;b92|Flowerbomb|2005|gender_for_women||||||a13:100;a9:80;a22:60;a21:50;a10:40;a30:35;a20:30|top(n67,1.0,5.0;n3,0.95,4.75;n79,0.9,4.5)middle(n78,1.0,5.0;n99,0.95,4.75;n63,0.9,4.5;n7,0.85,4.25)base(n18,1.0,5.0;n35,0.95,4.75)|Olivier Polge;p48;Carlos Benaïm;p29;Domitille Michalon Bertier;p113;Dominique Ropion;p40|<p>A sugary burst of orchid, jasmine and rose around a patchouli core. Lush, glamorous and openly feminine.</p>|3.85;17900|1253|like_love:7000:39.1;like_like:5500:30.7;like_ok:3000:16.8;like_dislike:1600:8.9;like_hate:800:4.5|price_way_overpriced:500:5.3;price_overpriced:1600:17.0;price_ok:4000:42.6;price_good_value:2400:25.5;price_great_value:900:9.6|gvotes_female:13000:83.5;gvotes_more_female:2000:12.9;gvotes_unisex:400:2.6;gvotes_more_male:80:0.5;gvotes_male:80:0.5|longevity_very_weak:300:2.6;longevity_weak:900:7.8;longevity_moderate:3500:30.4;longevity_long_lasting:5000:43.5;longevity_eternal:1800:15.7|sillage_intimate:600:5.7;sillage_moderate:3500:33.3;sillage_strong:4800:45.7;sillage_enormous:1600:15.2|season_winter:8500:100.0;season_spring:7000:82.35;season_summer:2000:23.53;season_fall:8000:94.12|season_day:7000:66.67;season_night:10500:100.0|pros(Big, glamorous sweetness,430,18;Strong projection,394,18;Unmistakably feminine,358,18)cons(Can be cloying,197,9;Very widely worn,179,9)|||||
900461||Viktor&Rolf;b92|Spicebomb|2012|gender_for_men||||||a14:100;a7:72;a16:55;a28:52;a23:50;a6:42;a3:32|top(n19,1.0,5.0;n61,0.95,4.75;n3,0.9,4.5;n87,0.85,4.25)middle(n25,1.0,5.0;n40,0.95,4.75;n464,0.9,4.5)base(n85,1.0,5.0;n60,0.95,4.75;n16,0.9,4.5)|Olivier Polge;p48|<p>A burst of cinnamon, saffron and pepper settling onto tobacco and soft leather. Warm and confident, like mulled spice on a winter coat.</p>|4;14000|980|like_love:5500:42.0;like_like:4500:34.4;like_ok:2200:16.8;like_dislike:600:4.6;like_hate:300:2.3|price_way_overpriced:300:2.7;price_overpriced:1200:10.6;price_ok:4000:35.4;price_good_value:4000:35.4;price_great_value:1800:15.9|gvotes_female:200:1.7;gvotes_more_female:300:2.6;gvotes_unisex:1200:10.3;gvotes_more_male:3500:29.9;gvotes_male:6500:55.6|longevity_very_weak:400:3.6;longevity_weak:1200:10.8;longevity_moderate:4500:40.5;longevity_long_lasting:4000:36.0;longevity_eternal:1000:9.0|sillage_intimate:700:6.1;sillage_moderate:5000:43.5;sillage_strong:4500:39.1;sillage_enormous:1300:11.3|season_winter:9500:100.0;season_spring:2000:21.05;season_summer:600:6.32;season_fall:9000:94.74|season_day:4000:44.44;season_night:9000:100.0|pros(Cosy cinnamon-tobacco warmth,336,14;Widely liked,308,14;Striking grenade bottle,280,14)cons(Performance only moderate,168,7;Too warm for summer,154,7;Very common,140,7)|||||
900462||Xerjoff;b93|Alexandria II|2012|gender_for_women_and_men||||||a6:100;a32:78;a14:62;a30:55;a15:52;a10:45;a12:40|top(n22,1.0,5.0;n25,0.95,4.75;n13,0.9,4.5;n261,0.85,4.25)middle(n9,1.0,5.0;n64,0.95,4.75;n246,0.9,4.5)base(n11,1.0,5.0;n465,0.95,4.75;n35,0.9,4.5;n17,0.85,4.25;n29,0.8,4.0)|Chris Maurice;p139|<p>A polished oud built on cedar and sandalwood, opened by apple, cinnamon, lavender and rosewood with a Bulgarian rose heart. Smooth and rounded rather than animalic, drying down to creamy amber and vanilla.</p>|4.3;4200|294|like_love:2600:62.5;like_like:1000:24.0;like_ok:350:8.4;like_dislike:130:3.1;like_hate:80:1.9|price_way_overpriced:900:29.5;price_overpriced:900:29.5;price_ok:800:26.2;price_good_value:300:9.8;price_great_value:150:4.9|gvotes_female:200:4.9;gvotes_more_female:300:7.3;gvotes_unisex:1600:39.0;gvotes_more_male:1100:26.8;gvotes_male:900:22.0|longevity_very_weak:60:1.7;longevity_weak:120:3.4;longevity_moderate:600:17.2;longevity_long_lasting:1700:48.9;longevity_eternal:1000:28.7|sillage_intimate:100:3.1;sillage_moderate:800:25.0;sillage_strong:1600:50.0;sillage_enormous:700:21.9|season_winter:3200:100.0;season_spring:1200:37.5;season_summer:500:15.63;season_fall:3000:93.75|season_day:1900:61.29;season_night:3100:100.0|pros(Smooth, wearable take on oud,100,4;Strong longevity and presence,92,4;Rich, well-blended character,84,4)cons(Very expensive,50,2;Too heavy for hot weather,46,2;Formal feel limits casual use,42,2)|||||
900463||Xerjoff;b93|Erba Pura|2019|gender_for_women_and_men||||||a10:100;a13:85;a3:65;a20:55;a12:50;a15:45|top(n2,1.0,5.0;n290,0.95,4.75;n392,0.9,4.5)middle(n164,1.0,5.0)base(n11,1.0,5.0;n455,0.95,4.75;n110,0.9,4.5)|Christian Carbonnel;p140|<p>A juicy, sugary blend of fruit and citrus on a musky vanilla-amber base. Bright and loud rather than subtle, it leaves a long candied-fruit trail.</p>|4.2;11000|770|like_love:5500:52.1;like_like:2800:26.5;like_ok:1200:11.4;like_dislike:600:5.7;like_hate:450:4.3|price_way_overpriced:1800:20.5;price_overpriced:2400:27.3;price_ok:2800:31.8;price_good_value:1200:13.6;price_great_value:600:6.8|gvotes_female:1500:14.7;gvotes_more_female:1800:17.6;gvotes_unisex:5500:53.9;gvotes_more_male:900:8.8;gvotes_male:500:4.9|longevity_very_weak:150:1.5;longevity_weak:350:3.5;longevity_moderate:1800:18.0;longevity_long_lasting:4500:45.0;longevity_eternal:3200:32.0|sillage_intimate:250:2.5;sillage_moderate:1600:15.8;sillage_strong:4500:44.3;sillage_enormous:3800:37.4|season_winter:2500:31.25;season_spring:8000:100.0;season_summer:7000:87.5;season_fall:3500:43.75|season_day:8500:100.0;season_night:3500:41.18|pros(Strong projection and longevity,264,11;Cheerful fruity-musk character,242,11;Works for any gender,220,11)cons(Can be too sweet and loud,132,6;Easy to overapply,121,6;Pricey,110,6)|||||
900464||Xerjoff;b93|Naxos|2015|gender_for_women_and_men||||||a35:100;a28:85;a13:72;a8:62;a14:55;a3:42;a12:42;a16:36|top(n13,1.0,5.0;n3,0.95,4.75;n2,0.9,4.5)middle(n97,1.0,5.0;n25,0.95,4.75;n207,0.9,4.5;n78,0.85,4.25)base(n55,1.0,5.0;n30,0.95,4.75;n29,0.9,4.5)|Chris Maurice;p139|<p>Sicilian-inspired lavender and citrus poured over honey, cinnamon and golden tobacco. Luxurious and smooth, like a honey-glazed cigar lounge.</p>|4.4;8000|560|like_love:4800:61.4;like_like:2000:25.6;like_ok:700:9.0;like_dislike:200:2.6;like_hate:120:1.5|price_way_overpriced:700:10.4;price_overpriced:1600:23.9;price_ok:2200:32.8;price_good_value:1500:22.4;price_great_value:700:10.4|gvotes_female:150:2.0;gvotes_more_female:350:4.7;gvotes_unisex:2200:29.3;gvotes_more_male:2500:33.3;gvotes_male:2300:30.7|longevity_very_weak:100:1.5;longevity_weak:350:5.3;longevity_moderate:1800:27.5;longevity_long_lasting:3000:45.8;longevity_eternal:1300:19.8|sillage_intimate:250:3.7;sillage_moderate:2200:32.6;sillage_strong:3200:47.4;sillage_enormous:1100:16.3|season_winter:5500:91.67;season_spring:2500:41.67;season_summer:700:11.67;season_fall:6000:100.0|season_day:4000:80.0;season_night:5000:100.0|pros(Luxurious honeyed tobacco,192,8;Smooth, refined blend,176,8;Strong longevity,160,8)cons(Expensive,96,4;Honey sweetness not for everyone,88,4;Heavy in hot weather,80,4)|||||
900465||Xerjoff;b93|Torino21|2021|gender_for_women_and_men||||||a1:100;a3:85;a5:68;a11:60;a8:48;a2:38|middle(n3,1.0,5.0;n2,0.95,4.75;n20,0.9,4.5;n13,0.85,4.25)||<p>A crisp mint and citrus scent with lemon and bergamot over lavender, clean and energetic in a sporty, herbal way. Xerjoff does not publish an official note list for it, so the notes shown are the commonly reported ones.</p>|4.1;2600|182|like_love:1300:47.6;like_like:900:33.0;like_ok:350:12.8;like_dislike:120:4.4;like_hate:60:2.2|price_way_overpriced:450:19.6;price_overpriced:600:26.1;price_ok:750:32.6;price_good_value:350:15.2;price_great_value:150:6.5|gvotes_female:80:3.0;gvotes_more_female:150:5.7;gvotes_unisex:1100:41.8;gvotes_more_male:800:30.4;gvotes_male:500:19.0|longevity_very_weak:100:4.4;longevity_weak:300:13.3;longevity_moderate:950:42.2;longevity_long_lasting:700:31.1;longevity_eternal:200:8.9|sillage_intimate:200:8.9;sillage_moderate:1100:48.9;sillage_strong:750:33.3;sillage_enormous:200:8.9|season_winter:300:13.04;season_spring:1900:82.61;season_summer:2300:100.0;season_fall:700:30.43|season_day:2300:100.0;season_night:500:21.74|pros(Energetic mint-citrus freshness,62,3;Comfortable in heat,57,3;Office and gym friendly,52,3)cons(Pricey for a fresh aromatic,32,1;Can smell like a simple herbal cologne,29,1;Official notes are undisclosed,26,1)|||||
900466||Yves Saint Laurent;b94|Black Opium|2014|gender_for_women||||||a12:100;a48:88;a13:82;a17:55;a10:42;a14:38;a25:30|top(n76,1.0,5.0;n19,0.95,4.75;n27,0.9,4.5)middle(n200,1.0,5.0;n6,0.95,4.75;n52,0.9,4.5;n291,0.85,4.25)base(n29,1.0,5.0;n18,0.95,4.75;n9,0.9,4.5;n148,0.85,4.25)|Nathalie Lorson;p104;Marie Salamagne;p111;Olivier Cresp;p8;Honorine Blanc;p31|<p>A glossy coffee gourmand where black coffee meets vanilla and white flowers, like an espresso martini at a nightclub. Sweet, lively and seductive.</p>|3.9;25000|1750|like_love:9000:40.0;like_like:6000:26.7;like_ok:4000:17.8;like_dislike:2000:8.9;like_hate:1500:6.7|price_way_overpriced:1200:6.4;price_overpriced:3500:18.7;price_ok:7000:37.4;price_good_value:5000:26.7;price_great_value:2000:10.7|gvotes_female:13000:68.8;gvotes_more_female:4000:21.2;gvotes_unisex:1500:7.9;gvotes_more_male:200:1.1;gvotes_male:200:1.1|longevity_very_weak:800:4.0;longevity_weak:2500:12.6;longevity_moderate:7000:35.4;longevity_long_lasting:7000:35.4;longevity_eternal:2500:12.6|sillage_intimate:1500:8.3;sillage_moderate:7000:38.9;sillage_strong:7000:38.9;sillage_enormous:2500:13.9|season_winter:15000:93.75;season_spring:5000:31.25;season_summer:2000:12.5;season_fall:16000:100.0|season_day:8000:44.44;season_night:18000:100.0|pros(Addictive coffee-vanilla,600,25;Gets lots of compliments,550,25;Good performance,500,25)cons(Very common,300,13;Sweetness can cloy,275,13;Too loud for quiet offices,250,13)|||||
900467||Yves Saint Laurent;b94|Black Opium Le Parfum|2022|gender_for_women||||||a12:100;a14:70;a48:65;a13:65;a17:60;a21:55;a16:45;a3:45;a31:45;a10:45|top(n76,1.0,5.0;n25,0.95,4.75;n203,0.9,4.5)middle(n78,1.0,5.0;n27,0.95,4.75)base(n29,1.0,5.0;n200,0.95,4.75;n118,0.9,4.5;n18,0.85,4.25)|Nathalie Lorson;p104;Marie Salamagne;p111;Olivier Cresp;p8;Honorine Blanc;p31|<p>A deeper, vanilla-heavy Black Opium: pear, cinnamon and green mandarin open onto jasmine and orange blossom, then layered vanillas meet coffee and a touch of patchouli. Denser and warmer than the original, aimed at cold-weather evenings.</p>|4.4;3856|270|like_love:2300:59.9;like_like:973:25.3;like_ok:364:9.5;like_dislike:144:3.8;like_hate:59:1.5|price_way_overpriced:214:7.5;price_overpriced:514:17.9;price_ok:1114:38.8;price_good_value:771:26.9;price_great_value:257:9.0|gvotes_female:2399:74.0;gvotes_more_female:643:19.8;gvotes_unisex:171:5.3;gvotes_more_male:17:0.5;gvotes_male:13:0.4|longevity_very_weak:51:1.4;longevity_weak:129:3.7;longevity_moderate:686:19.5;longevity_long_lasting:1714:48.7;longevity_eternal:943:26.8|sillage_intimate:69:2.2;sillage_moderate:600:19.6;sillage_strong:1542:50.3;sillage_enormous:857:27.9|season_winter:1900:100.0;season_spring:566:29.79;season_summer:289:15.21;season_fall:1700:89.47|season_day:848:49.88;season_night:1700:100.0|pros(Rich coffee-vanilla depth,93,4;Very long-lasting,85,4;Smoother than the original,77,4)cons(Heavy and sweet,47,2;Only for cool weather,43,2;Close to other Black Opium flankers,39,2)|||||
900468||Yves Saint Laurent;b94|La Nuit de L'Homme|2009|gender_for_men||||||a7:100;a1:80;a14:70;a8:60;a6:55;a3:35|top(n107,1.0,5.0)middle(n13,1.0,5.0;n209,0.95,4.75;n3,0.9,4.5)base(n16,1.0,5.0;n250,0.95,4.75)|Anne Flipo;p77;Pierre Wargnye;p90;Dominique Ropion;p40|<p>Smooth, seductive cardamom and lavender over soft cedar. It stays intimate and suave, which makes it a classic close-quarters date scent.</p>|4.2;19000|1330|like_love:10000:52.6;like_like:6000:31.6;like_ok:2000:10.5;like_dislike:700:3.7;like_hate:300:1.6|price_way_overpriced:700:6.0;price_overpriced:2200:19.0;price_ok:4500:38.8;price_good_value:3000:25.9;price_great_value:1200:10.3|gvotes_female:100:0.6;gvotes_more_female:150:0.8;gvotes_unisex:900:5.0;gvotes_more_male:4000:22.0;gvotes_male:13000:71.6|longevity_very_weak:1500:9.7;longevity_weak:4500:29.0;longevity_moderate:6500:41.9;longevity_long_lasting:2500:16.1;longevity_eternal:500:3.2|sillage_intimate:5500:36.9;sillage_moderate:7000:47.0;sillage_strong:2000:13.4;sillage_enormous:400:2.7|season_winter:7000:58.33;season_spring:9500:79.17;season_summer:1500:12.5;season_fall:12000:100.0|season_day:5000:33.33;season_night:15000:100.0|pros(Irresistibly smooth cardamom,456,19;Ideal for dates,418,19;Refined and inoffensive,380,19)cons(Weak longevity,209,10;Stays close to the skin,190,10)|||||
900469||Yves Saint Laurent;b94|L'Homme|2006|gender_for_men||||||a7:100;a3:75;a6:70;a1:55;a13:35;a41:30|top(n24,1.0,5.0;n3,0.95,4.75;n2,0.9,4.5)middle(n4,1.0,5.0;n245,0.95,4.75;n265,0.9,4.5)base(n30,1.0,5.0;n9,0.95,4.75;n16,0.9,4.5)|Anne Flipo;p77;Pierre Wargnye;p90;Dominique Ropion;p40|<p>A clean, gingery citrus-woody scent with a smooth tonka finish. It is modern, gentle and easy to wear at work.</p>|4;14000|980|like_love:6000:43.8;like_like:4800:35.0;like_ok:2000:14.6;like_dislike:600:4.4;like_hate:300:2.2|price_way_overpriced:200:1.6;price_overpriced:700:5.6;price_ok:4200:33.3;price_good_value:5000:39.7;price_great_value:2500:19.8|gvotes_female:100:0.7;gvotes_more_female:250:1.8;gvotes_unisex:1500:10.8;gvotes_more_male:4500:32.5;gvotes_male:7500:54.2|longevity_very_weak:800:6.0;longevity_weak:2500:18.7;longevity_moderate:6000:44.8;longevity_long_lasting:3500:26.1;longevity_eternal:600:4.5|sillage_intimate:2000:15.5;sillage_moderate:7500:58.1;sillage_strong:3000:23.3;sillage_enormous:400:3.1|season_winter:2500:22.73;season_spring:11000:100.0;season_summer:6000:54.55;season_fall:6000:54.55|season_day:12000:100.0;season_night:3500:29.17|pros(Smooth and gentlemanly,336,14;Perfect for the office,308,14;Easy blind buy,280,14)cons(Weaker projection since reformulation,154,7;Can feel generic,140,7)|||||
900470||Yves Saint Laurent;b94|Libre|2019|gender_for_women||||||a8:100;a12:80;a17:70;a3:60;a1:55;a15:45;a20:35|top(n13,1.0,5.0;n42,0.95,4.75;n21,0.9,4.5;n45,0.85,4.25)middle(n27,1.0,5.0;n6,0.95,4.75)base(n455,1.0,5.0;n35,0.95,4.75;n9,0.9,4.5;n36,0.85,4.25)|Anne Flipo;p77;Carlos Benaïm;p29|<p>A modern take on lavender and orange blossom, grounded in warm vanilla and musk. Bold and chic, with a slightly androgynous edge.</p>|4.1;17700|1239|like_love:8000:45.2;like_like:5500:31.1;like_ok:2500:14.1;like_dislike:1000:5.6;like_hate:700:4.0|price_way_overpriced:1000:8.4;price_overpriced:2500:21.0;price_ok:5000:42.0;price_good_value:2500:21.0;price_great_value:900:7.6|gvotes_female:9000:65.5;gvotes_more_female:2800:20.4;gvotes_unisex:1600:11.6;gvotes_more_male:200:1.5;gvotes_male:150:1.1|longevity_very_weak:400:2.7;longevity_weak:900:6.1;longevity_moderate:4500:30.4;longevity_long_lasting:6500:43.9;longevity_eternal:2500:16.9|sillage_intimate:800:5.8;sillage_moderate:5500:39.9;sillage_strong:5500:39.9;sillage_enormous:2000:14.5|season_winter:7500:71.43;season_spring:10000:95.24;season_summer:3500:33.33;season_fall:10500:100.0|season_day:11000:100.0;season_night:8500:77.27|pros(Excellent performance,424,18;Unusual lavender-floral mix,389,18;Works year-round,354,18)cons(Lavender may read masculine,213,9;Loud if overapplied,195,9;Very popular,177,9)|||||
900471||Yves Saint Laurent;b94|Libre Intense|2020|gender_for_women||||||a12:100;a17:80;a3:75;a8:70;a13:70;a1:65;a15:60;a21:50|top(n13,1.0,5.0;n42,0.95,4.75;n3,0.9,4.5)middle(n27,1.0,5.0;n78,0.95,4.75;n99,0.9,4.5)base(n29,1.0,5.0;n30,0.95,4.75;n36,0.9,4.5;n16,0.85,4.25)|Anne Flipo;p77;Carlos Benaïm;p29|<p>Libre's lavender and orange blossom pairing pushed into warmer territory: mandarin and bergamot brighten the lavender, jasmine and orchid fill out the heart, and a creamy vanilla-tonka base with ambergris and vetiver takes over. Richer and sweeter than the original, it suits cooler days and evenings.</p>|4.3;11566|810|like_love:6500:56.3;like_like:3000:26.0;like_ok:979:8.5;like_dislike:769:6.7;like_hate:289:2.5|price_way_overpriced:482:6.3;price_overpriced:1253:16.3;price_ok:3084:40.0;price_good_value:2120:27.5;price_great_value:771:10.0|gvotes_female:6554:68.9;gvotes_more_female:1928:20.3;gvotes_unisex:867:9.1;gvotes_more_male:96:1.0;gvotes_male:67:0.7|longevity_very_weak:145:1.5;longevity_weak:337:3.4;longevity_moderate:2120:21.4;longevity_long_lasting:4819:48.5;longevity_eternal:2506:25.2|sillage_intimate:289:3.0;sillage_moderate:2313:24.0;sillage_strong:4819:50.0;sillage_enormous:2217:23.0|season_winter:5200:100.0;season_spring:2000:38.46;season_summer:1200:23.08;season_fall:5200:100.0|season_day:2800:54.9;season_night:5100:100.0|pros(Very long-lasting,277,12;Warm lavender-vanilla twist,254,12;Strong projection,231,12)cons(Sweet enough to cloy in heat,140,6;Close to other vanilla florals,128,6;Loud if overapplied,116,6)|||||
900472||Yves Saint Laurent;b94|Libre Le Parfum|2022|gender_for_women||||||a12:100;a13:85;a35:70;a17:62;a8:58;a3:50;a14:40;a1:38|top(n24,1.0,5.0;n40,0.95,4.75;n42,0.9,4.5;n3,0.85,4.25)middle(n27,1.0,5.0;n13,0.95,4.75)base(n29,1.0,5.0;n97,0.95,4.75;n30,0.9,4.5;n16,0.85,4.25)|Anne Flipo;p77;Carlos Benaïm;p29|<p>A warmer, honeyed take on Libre: ginger, saffron and mandarin open onto the familiar lavender and orange blossom, which sit on a sweeter base of vanilla, honey and tonka. Still a floral twist on fougère, but denser and more enveloping than the EDP.</p>|4.1;4000|280|like_love:1900:50.1;like_like:1200:31.7;like_ok:450:11.9;like_dislike:150:4.0;like_hate:90:2.4|price_way_overpriced:150:6.1;price_overpriced:450:18.4;price_ok:1100:44.9;price_good_value:550:22.4;price_great_value:200:8.2|gvotes_female:2200:65.7;gvotes_more_female:800:23.9;gvotes_unisex:300:9.0;gvotes_more_male:30:0.9;gvotes_male:20:0.6|longevity_very_weak:50:1.8;longevity_weak:150:5.4;longevity_moderate:800:28.6;longevity_long_lasting:1300:46.4;longevity_eternal:500:17.9|sillage_intimate:80:3.0;sillage_moderate:800:30.4;sillage_strong:1300:49.4;sillage_enormous:450:17.1|season_winter:2300:95.83;season_spring:1400:58.33;season_summer:400:16.67;season_fall:2400:100.0|season_day:1600:69.57;season_night:2300:100.0|pros(Richer and warmer than Libre EDP,96,4;Excellent longevity,88,4;Honey-vanilla base softens the lavender,80,4)cons(Heavy for summer,44,2;Lavender may read masculine to some,40,2)|||||
900473||Yves Saint Laurent;b94|Manifesto|2012|gender_for_women||||||a12:100;a6:85;a10:70;a21:65;a17:60;a2:50;a13:45;a15:35|top(n21,1.0,5.0;n3,0.95,4.75;n41,0.9,4.5)middle(n78,1.0,5.0;n64,0.95,4.75)base(n29,1.0,5.0;n30,0.95,4.75;n17,0.9,4.5;n9,0.85,4.25)|Anne Flipo;p77;Loc Dong;p28|<p>A floral-oriental that opens with tart blackcurrant and green bergamot before a jasmine and lily-of-the-valley heart melts into a creamy vanilla and tonka base. Sweet and enveloping, with a polished evening feel.</p>|3.89;7600|532|like_love:3500:44.0;like_like:2600:32.7;like_ok:1200:15.1;like_dislike:400:5.0;like_hate:250:3.1|price_way_overpriced:200:4.1;price_overpriced:500:10.2;price_ok:1900:38.8;price_good_value:1600:32.7;price_great_value:700:14.3|gvotes_female:5200:84.6;gvotes_more_female:700:11.4;gvotes_unisex:200:3.3;gvotes_more_male:20:0.3;gvotes_male:30:0.5|longevity_very_weak:200:3.1;longevity_weak:450:7.1;longevity_moderate:1900:29.9;longevity_long_lasting:2900:45.7;longevity_eternal:900:14.2|sillage_intimate:300:5.2;sillage_moderate:2100:36.2;sillage_strong:2600:44.8;sillage_enormous:800:13.8|season_winter:4200:95.45;season_spring:2200:50.0;season_summer:600:13.64;season_fall:4400:100.0|season_day:2600:56.52;season_night:4600:100.0|pros(Rich vanilla-jasmine drydown,182,8;Strong longevity,167,8;Elegant evening character,152,8)cons(Heavy in hot weather,84,4;Can feel dense and sweet,76,4)|||||
900474||Yves Saint Laurent;b94|Mon Paris|2016|gender_for_women||||||a10:100;a13:85;a22:60;a17:50;a20:45;a9:40|top(n206,1.0,5.0;n115,0.95,4.75;n76,0.9,4.5;n3,0.85,4.25;n94,0.8,4.0;n42,0.75,3.75)middle(n466,1.0,5.0;n141,0.95,4.75;n78,0.9,4.5;n27,0.85,4.25)base(n18,1.0,5.0;n110,0.95,4.75;n133,0.9,4.5;n29,0.85,4.25)|Olivier Cresp;p8;Harry Fremont;p32;Dora Baghriche;p122|<p>A jammy strawberry-and-raspberry floral over sweet patchouli, flirtatious and bold. It is a playful, heady scent for nights out.</p>|3.9;15000|1050|like_love:6000:41.4;like_like:4700:32.4;like_ok:2200:15.2;like_dislike:1000:6.9;like_hate:600:4.1|price_way_overpriced:400:4.7;price_overpriced:1600:18.8;price_ok:3700:43.5;price_good_value:2100:24.7;price_great_value:700:8.2|gvotes_female:10000:84.3;gvotes_more_female:1600:13.5;gvotes_unisex:200:1.7;gvotes_more_male:30:0.3;gvotes_male:30:0.3|longevity_very_weak:400:3.5;longevity_weak:900:8.0;longevity_moderate:3200:28.3;longevity_long_lasting:5000:44.2;longevity_eternal:1800:15.9|sillage_intimate:600:5.7;sillage_moderate:3500:33.3;sillage_strong:4800:45.7;sillage_enormous:1600:15.2|season_winter:6500:86.67;season_spring:7000:93.33;season_summer:2500:33.33;season_fall:7500:100.0|season_day:6000:66.67;season_night:9000:100.0|pros(Strong performance,360,15;Fun, flirty berry opening,330,15;Gets noticed,300,15)cons(Very sweet,165,8;Too loud for the office,150,8)|||||
900475||Yves Saint Laurent;b94|Mon Paris Intensément|2020|gender_for_women||||||a10:100;a30:80;a9:75;a13:65;a12:55;a6:50;a11:50;a20:50;a21:45;a3:45|top(n115,1.0,5.0;n21,0.95,4.75;n76,0.9,4.5;n94,0.85,4.25;n3,0.8,4.0)middle(n7,1.0,5.0;n141,0.95,4.75;n466,0.9,4.5;n63,0.85,4.25)base(n29,1.0,5.0;n18,0.95,4.75;n110,0.9,4.5;n90,0.85,4.25;n207,0.8,4.0)|Olivier Cresp;p8;Harry Fremont;p32;Dora Baghriche;p122|<p>A rosier, deeper Mon Paris: raspberry, blackcurrant and pear over a heart of rose, peony and datura, settling on vanilla, patchouli, benzoin and cashmeran softened by white musk. A sweet fruity chypre that works day or night.</p>|4;1404|98|like_love:503:35.8;like_like:541:38.5;like_ok:206:14.7;like_dislike:126:9.0;like_hate:28:2.0|price_way_overpriced:60:5.3;price_overpriced:160:14.0;price_ok:441:38.6;price_good_value:361:31.6;price_great_value:120:10.5|gvotes_female:923:76.8;gvotes_more_female:221:18.4;gvotes_unisex:48:4.0;gvotes_more_male:6:0.5;gvotes_male:4:0.3|longevity_very_weak:32:2.5;longevity_weak:80:6.4;longevity_moderate:361:28.7;longevity_long_lasting:562:44.7;longevity_eternal:221:17.6|sillage_intimate:48:4.1;sillage_moderate:321:27.4;sillage_strong:562:48.0;sillage_enormous:241:20.6|season_winter:340:78.16;season_spring:435:100.0;season_summer:278:63.91;season_fall:406:93.33|season_day:439:100.0;season_night:391:89.07|pros(Rich berry-rose depth,34,1;Long-lasting,31,1;Works day or night,28,1)cons(Very sweet,16,1;Close to the original Mon Paris,15,1;Can feel heavy in hot weather,14,1)|||||
900476||Yves Saint Laurent;b94|MYSLF|2023|gender_for_men||||||a17:100;a3:80;a6:65;a15:55;a11:45;a22:35|top(n290,1.0,5.0)middle(n27,1.0,5.0)base(n433,1.0,5.0;n39,0.95,4.75;n18,0.9,4.5)|Christophe Raynaud;p10;Daniela Andrier;p128;Antoine Maisondieu;p35|<p>Built around a generous dose of orange blossom, framed by bergamot at the top and a clean ambery-woody base. Floral for a men's designer release, it reads modern, soft and easy to wear.</p>|3.9;6000|420|like_love:2000:32.3;like_like:2300:37.1;like_ok:1200:19.4;like_dislike:450:7.3;like_hate:250:4.0|price_way_overpriced:350:6.7;price_overpriced:900:17.1;price_ok:2000:38.1;price_good_value:1400:26.7;price_great_value:600:11.4|gvotes_female:150:2.6;gvotes_more_female:300:5.1;gvotes_unisex:1400:23.9;gvotes_more_male:2000:34.2;gvotes_male:2000:34.2|longevity_very_weak:200:3.7;longevity_weak:600:11.1;longevity_moderate:2200:40.7;longevity_long_lasting:1900:35.2;longevity_eternal:500:9.3|sillage_intimate:350:6.7;sillage_moderate:2300:43.8;sillage_strong:2000:38.1;sillage_enormous:600:11.4|season_winter:1800:37.5;season_spring:4800:100.0;season_summer:3200:66.67;season_fall:2500:52.08|season_day:5000:100.0;season_night:2000:40.0|pros(Floral twist on the fresh men's category,144,6;Clean and office-appropriate,132,6;Comfortable in spring and summer,120,6)cons(Orange blossom may feel too floral for some,66,3;Moderate performance,60,3)|||||
900477||Yves Saint Laurent;b94|Opium|1977|gender_for_women||||||a14:100;a15:85;a31:65;a6:55;a13:45;a24:40;a9:35|top(n42,1.0,5.0;n136,0.95,4.75;n56,0.9,4.5;n93,0.85,4.25;n111,0.8,4.0;n3,0.75,3.75)middle(n235,1.0,5.0;n6,0.95,4.75;n7,0.9,4.5;n25,0.85,4.25;n74,0.8,4.0;n168,0.75,3.75)base(n92,1.0,5.0;n73,0.95,4.75;n84,0.9,4.5;n23,0.85,4.25;n29,0.8,4.0;n17,0.75,3.75)|Jean Amic;p141;Jean-Louis Sieuzac;p66;Raymond Chaillan;p44|<p>An opulent spice-and-resin oriental of clove, plum and myrrh with incense smoke curling through it. Dramatic and seductive, it is made for winter nights and grand entrances.</p>|4.1;9000|630|like_love:4800:53.3;like_like:2000:22.2;like_ok:900:10.0;like_dislike:700:7.8;like_hate:600:6.7|price_way_overpriced:300:4.8;price_overpriced:800:12.9;price_ok:2200:35.5;price_good_value:2000:32.3;price_great_value:900:14.5|gvotes_female:3800:49.4;gvotes_more_female:1900:24.7;gvotes_unisex:1500:19.5;gvotes_more_male:300:3.9;gvotes_male:200:2.6|longevity_very_weak:150:2.1;longevity_weak:350:4.9;longevity_moderate:1500:20.8;longevity_long_lasting:3200:44.4;longevity_eternal:2000:27.8|sillage_intimate:200:2.9;sillage_moderate:1400:20.3;sillage_strong:3200:46.4;sillage_enormous:2100:30.4|season_winter:5500:100.0;season_spring:800:14.55;season_summer:300:5.45;season_fall:4500:81.82|season_day:1500:23.08;season_night:6500:100.0|pros(Opulent spicy grandeur,216,9;Superb for winter evenings,198,9;Huge presence,180,9)cons(Can dominate a room,99,5;Too heavy for the office,90,5)|||||
900478||Yves Saint Laurent;b94|Opium Pour Homme|1995|gender_for_men||||||a14:100;a12:80;a29:64;a31:56;a15:48;a10:34|top(n57,1.0,5.0;n21,0.95,4.75)middle(n111,1.0,5.0;n467,0.95,4.75)base(n29,1.0,5.0;n288,0.95,4.75;n9,0.9,4.5)|Jacques Cavallier;p36|<p>Star anise and blackcurrant open onto peppery galangal, settling into a smooth balsamic vanilla with a little cedar. Spicy-sweet and resinous, it is a softer, more wearable relative of the women's Opium.</p>|4.1;5000|350|like_love:2200:46.8;like_like:1500:31.9;like_ok:600:12.8;like_dislike:250:5.3;like_hate:150:3.2|price_way_overpriced:150:3.8;price_overpriced:350:8.8;price_ok:1300:32.5;price_good_value:1400:35.0;price_great_value:800:20.0|gvotes_female:80:1.7;gvotes_more_female:150:3.2;gvotes_unisex:800:17.3;gvotes_more_male:1600:34.6;gvotes_male:2000:43.2|longevity_very_weak:150:3.7;longevity_weak:450:11.0;longevity_moderate:1600:39.0;longevity_long_lasting:1500:36.6;longevity_eternal:400:9.8|sillage_intimate:250:6.3;sillage_moderate:1800:45.0;sillage_strong:1600:40.0;sillage_enormous:350:8.8|season_winter:2900:100.0;season_spring:700:24.14;season_summer:200:6.9;season_fall:2600:89.66|season_day:1300:43.33;season_night:3000:100.0|pros(Comforting spiced-vanilla warmth,120,5;Good longevity,110,5;Often reasonably priced,100,5)cons(Anise note is divisive,55,3;Narrowly suited to cold weather,50,3)|||||
900479||Yves Saint Laurent;b94|Paris|1983|gender_for_women||||||a30:100;a41:70;a21:65;a9:55;a2:40;a20:35;a6:30|top(n468,1.0,5.0;n210,0.95,4.75;n46,0.9,4.5;n3,0.85,4.25;n265,0.8,4.0)middle(n7,1.0,5.0;n153,0.95,4.75;n64,0.9,4.5;n161,0.85,4.25;n6,0.8,4.0;n469,0.75,3.75)base(n17,1.0,5.0;n35,0.95,4.75;n11,0.9,4.5;n34,0.85,4.25;n287,0.8,4.0)|Sophia Grojsman;p74|<p>Dewy green leaves and mimosa open onto a big, sugared rose-and-violet heart that dries down to a soft powdery musk. Cheerful and openly romantic, it leaves a generous, pink-tinted trail wherever it goes.</p>|4.05;5000|350|like_love:2800:55.4;like_like:1200:23.8;like_ok:500:9.9;like_dislike:300:5.9;like_hate:250:5.0|price_way_overpriced:100:2.9;price_overpriced:300:8.6;price_ok:1100:31.4;price_good_value:1300:37.1;price_great_value:700:20.0|gvotes_female:3000:71.1;gvotes_more_female:900:21.3;gvotes_unisex:250:5.9;gvotes_more_male:40:0.9;gvotes_male:30:0.7|longevity_very_weak:80:1.9;longevity_weak:250:6.1;longevity_moderate:1100:26.6;longevity_long_lasting:1900:46.0;longevity_eternal:800:19.4|sillage_intimate:150:3.6;sillage_moderate:1100:26.5;sillage_strong:2000:48.2;sillage_enormous:900:21.7|season_winter:1500:46.88;season_spring:3200:100.0;season_summer:900:28.13;season_fall:1800:56.25|season_day:3200:100.0;season_night:1800:56.25|pros(Lush, radiant rose,120,5;Great projection,110,5;Romantic and cheerful,100,5)cons(Loud when overapplied,55,3;Rose-violet combo may feel old-fashioned,50,3)|||||
900480||Yves Saint Laurent;b94|Tuxedo|2015|gender_for_women_and_men||||||a22:100;a12:82;a14:66;a15:58;a6:50;a21:40|top(n265,1.0,5.0;n93,0.95,4.75;n3,0.9,4.5)middle(n54,1.0,5.0;n28,0.95,4.75;n7,0.9,4.5)base(n18,1.0,5.0;n29,0.95,4.75;n36,0.9,4.5)|Juliette Karagueuzoglou;p125|<p>A dry peppery opening leads into smooth patchouli and vanilla with a faint floral thread. Dark and polished, it wears like a refined evening patchouli rather than a sweet gourmand.</p>|4.2;3500|245|like_love:1800:52.6;like_like:1100:32.2;like_ok:350:10.2;like_dislike:110:3.2;like_hate:60:1.8|price_way_overpriced:500:16.9;price_overpriced:1000:33.9;price_ok:1000:33.9;price_good_value:350:11.9;price_great_value:100:3.4|gvotes_female:300:8.5;gvotes_more_female:500:14.1;gvotes_unisex:1800:50.7;gvotes_more_male:700:19.7;gvotes_male:250:7.0|longevity_very_weak:80:2.7;longevity_weak:200:6.7;longevity_moderate:1000:33.6;longevity_long_lasting:1300:43.6;longevity_eternal:400:13.4|sillage_intimate:200:7.0;sillage_moderate:1300:45.6;sillage_strong:1100:38.6;sillage_enormous:250:8.8|season_winter:2400:96.0;season_spring:700:28.0;season_summer:200:8.0;season_fall:2500:100.0|season_day:1100:42.31;season_night:2600:100.0|pros(Smooth, well-blended patchouli-vanilla,84,4;Genuinely unisex,77,4;Strong lasting power,70,4)cons(Priced well above YSL's mainstream scents,39,2;Sold in fewer stores than YSL's mainstream range,35,2)|||||
900481||Yves Saint Laurent;b94|Y Eau de Parfum|2018|gender_for_men||||||a1:100;a7:88;a6:65;a15:60;a10:55;a13:48;a3:40|top(n22,1.0,5.0;n24,0.95,4.75;n3,0.9,4.5)middle(n47,1.0,5.0;n225,0.95,4.75;n46,0.9,4.5)base(n130,1.0,5.0;n30,0.95,4.75;n9,0.9,4.5;n16,0.85,4.25;n390,0.8,4.0)|Dominique Ropion;p40|<p>Crisp apple and ginger over sage and a sweet, ambery-woody base. Modern, youthful and slick, with enough warmth to move from day into evening.</p>|4.2;15000|1050|like_love:7500:52.8;like_like:4500:31.7;like_ok:1400:9.9;like_dislike:500:3.5;like_hate:300:2.1|price_way_overpriced:600:5.7;price_overpriced:1500:14.2;price_ok:4000:37.7;price_good_value:3200:30.2;price_great_value:1300:12.3|gvotes_female:80:0.7;gvotes_more_female:50:0.4;gvotes_unisex:400:3.3;gvotes_more_male:2000:16.6;gvotes_male:9500:79.0|longevity_very_weak:200:1.6;longevity_weak:700:5.6;longevity_moderate:3500:28.2;longevity_long_lasting:6000:48.4;longevity_eternal:2000:16.1|sillage_intimate:500:4.1;sillage_moderate:3800:30.9;sillage_strong:6000:48.8;sillage_enormous:2000:16.3|season_winter:5500:55.0;season_spring:10000:100.0;season_summer:5500:55.0;season_fall:9000:90.0|season_day:11000:100.0;season_night:7000:63.64|pros(Strong performance,360,15;Big compliment potential,330,15;Day-to-night versatility,300,15)cons(Very popular with younger crowd,165,8;Sweetness can feel generic,150,8)|||||
900482||Yves Saint Laurent;b94|Y Le Parfum|2021|gender_for_men||||||a1:100;a7:80;a10:60;a3:55;a15:50;a6:45;a33:35|top(n22,1.0,5.0;n72,0.95,4.75;n24,0.9,4.5;n87,0.85,4.25)middle(n47,1.0,5.0;n46,0.95,4.75;n13,0.9,4.5)base(n30,1.0,5.0;n9,0.95,4.75;n18,0.9,4.5;n69,0.85,4.25)|Dominique Ropion;p40|<p>Takes the apple-and-sage profile of Y into darker territory, with aldehydes, ginger and grapefruit up top and lavender, geranium and a tonka-patchouli base underneath. Denser and more evening-leaning than the Eau de Parfum.</p>|4;7000|490|like_love:2800:42.7;like_like:2300:35.1;like_ok:1000:15.3;like_dislike:300:4.6;like_hate:150:2.3|price_way_overpriced:250:4.6;price_overpriced:600:11.0;price_ok:2000:36.7;price_good_value:1900:34.9;price_great_value:700:12.8|gvotes_female:40:0.6;gvotes_more_female:60:0.9;gvotes_unisex:400:6.3;gvotes_more_male:1900:29.7;gvotes_male:4000:62.5|longevity_very_weak:120:2.0;longevity_weak:350:5.9;longevity_moderate:1800:30.2;longevity_long_lasting:2800:46.9;longevity_eternal:900:15.1|sillage_intimate:200:3.4;sillage_moderate:1900:32.2;sillage_strong:2900:49.2;sillage_enormous:900:15.3|season_winter:3800:88.37;season_spring:3500:81.4;season_summer:1500:34.88;season_fall:4300:100.0|season_day:3500:77.78;season_night:4500:100.0|pros(Strong projection and longevity,168,7;Darker, more nocturnal take on Y,154,7;Distinct from the EDP despite shared DNA,140,7)cons(Aldehydic opening can feel sharp,77,4;Too heavy for hot days,70,4)|||||
900483||Zara;b95|Red Temptation|2020|gender_for_women||||||a15:100;a14:75;a6:70;a13:60;a17:45;a3:40;a18:35;a20:35|top(n40,1.0,5.0;n158,0.95,4.75;n93,0.9,4.5)middle(n122,1.0,5.0;n6,0.95,4.75)base(n11,1.0,5.0;n49,0.95,4.75;n35,0.9,4.5)||<p>An airy, glowing saffron-amber with a sweet praline edge, widely seen as a high-street take on a famous niche 'burnt sugar and saffron' scent. Modern and radiant.</p>|3.8;5500|385|like_love:2000:37.0;like_like:2000:37.0;like_ok:900:16.7;like_dislike:350:6.5;like_hate:150:2.8|price_way_overpriced:50:0.9;price_overpriced:100:1.8;price_ok:500:9.2;price_good_value:1500:27.5;price_great_value:3300:60.6|gvotes_female:1800:35.0;gvotes_more_female:1500:29.1;gvotes_unisex:1600:31.1;gvotes_more_male:150:2.9;gvotes_male:100:1.9|longevity_very_weak:250:4.8;longevity_weak:700:13.3;longevity_moderate:2000:38.1;longevity_long_lasting:1800:34.3;longevity_eternal:500:9.5|sillage_intimate:400:7.5;sillage_moderate:2200:41.5;sillage_strong:2000:37.7;sillage_enormous:700:13.2|season_winter:2800:87.5;season_spring:2200:68.75;season_summer:1000:31.25;season_fall:3200:100.0|season_day:2800:87.5;season_night:3200:100.0|pros(Luxury amber vibe for very little,132,6;Safe, low-cost blind buy,121,6;Wearable day or night,110,6)cons(Performance varies by batch,67,3;Can turn sharp on some skin,61,3;Less depth than its inspiration,55,3)|||900316:1000:100||
